map_key,feature_id,feature_type,feature_class,sequence,easting_m,northing_m,source_status
point_alpha_corridor,0,road,1,0,556674.52,5616809.853,draft
point_alpha_corridor,0,road,1,1,556793.867,5616797.267,draft
point_alpha_corridor,0,road,1,2,556827.797,5616801.96,draft
point_alpha_corridor,0,road,1,3,556853.623,5616811.492,draft
point_alpha_corridor,0,road,1,4,556882.308,5616828.087,draft
point_alpha_corridor,0,road,1,5,556942.251,5616882.346,draft
point_alpha_corridor,1,road,1,0,554645.162,5614388.801,draft
point_alpha_corridor,1,road,1,1,554670.532,5614322.266,draft
point_alpha_corridor,1,road,1,2,554692.644,5614279.369,draft
point_alpha_corridor,1,road,1,3,554718.41,5614235.132,draft
point_alpha_corridor,1,road,1,4,554763.759,5614206.214,draft
point_alpha_corridor,1,road,1,5,554804.237,5614172.223,draft
point_alpha_corridor,1,road,1,6,554850.128,5614093.85,draft
point_alpha_corridor,1,road,1,7,554926.215,5613978.724,draft
point_alpha_corridor,2,road,1,0,560685.352,5610912.904,draft
point_alpha_corridor,2,road,1,1,560683.87,5610860.362,draft
point_alpha_corridor,2,road,1,2,560680.655,5610816.607,draft
point_alpha_corridor,2,road,1,3,560655.99,5610772.946,draft
point_alpha_corridor,2,road,1,4,560591.856,5610697.504,draft
point_alpha_corridor,2,road,1,5,560536.287,5610638.737,draft
point_alpha_corridor,2,road,1,6,560440.823,5610541.475,draft
point_alpha_corridor,2,road,1,7,560359.491,5610478.393,draft
point_alpha_corridor,2,road,1,8,560284.875,5610426.327,draft
point_alpha_corridor,2,road,1,9,560167.354,5610299.846,draft
point_alpha_corridor,2,road,1,10,560133.154,5610259.121,draft
point_alpha_corridor,2,road,1,11,559980.332,5610096.897,draft
point_alpha_corridor,2,road,1,12,559954.953,5610065.358,draft
point_alpha_corridor,2,road,1,13,559926.756,5610024.755,draft
point_alpha_corridor,2,road,1,14,559902.662,5609979.231,draft
point_alpha_corridor,2,road,1,15,559814.207,5609801.302,draft
point_alpha_corridor,3,road,1,0,561034.324,5611171.103,draft
point_alpha_corridor,3,road,1,1,561156.402,5611122.544,draft
point_alpha_corridor,3,road,1,2,561183.574,5611115.09,draft
point_alpha_corridor,3,road,1,3,561209.705,5611109.616,draft
point_alpha_corridor,3,road,1,4,561236.694,5611111.165,draft
point_alpha_corridor,4,road,1,0,561104.388,5611811.01,draft
point_alpha_corridor,4,road,1,1,561112.802,5611840.203,draft
point_alpha_corridor,4,road,1,2,561120.541,5611853.37,draft
point_alpha_corridor,4,road,1,3,561136.323,5611864.699,draft
point_alpha_corridor,4,road,1,4,561205.229,5611921.141,draft
point_alpha_corridor,4,road,1,5,561331.18,5612026.778,draft
point_alpha_corridor,5,road,1,0,560363.759,5614747.989,draft
point_alpha_corridor,5,road,1,1,560343.667,5614625.706,draft
point_alpha_corridor,5,road,1,2,560347.623,5614578.75,draft
point_alpha_corridor,5,road,1,3,560352.56,5614532.816,draft
point_alpha_corridor,5,road,1,4,560373.55,5614337.093,draft
point_alpha_corridor,5,road,1,5,560373.46,5614302.153,draft
point_alpha_corridor,5,road,1,6,560363.572,5614267.53,draft
point_alpha_corridor,5,road,1,7,560310.921,5614168.693,draft
point_alpha_corridor,5,road,1,8,560298.404,5614144.42,draft
point_alpha_corridor,5,road,1,9,560290.991,5614115.248,draft
point_alpha_corridor,5,road,1,10,560290.903,5614064.817,draft
point_alpha_corridor,5,road,1,11,560309.365,5613938.095,draft
point_alpha_corridor,5,road,1,12,560308.439,5613853.345,draft
point_alpha_corridor,5,road,1,13,560296.335,5613797.494,draft
point_alpha_corridor,5,road,1,14,560278.829,5613746.829,draft
point_alpha_corridor,5,road,1,15,560214.286,5613605.303,draft
point_alpha_corridor,5,road,1,16,560191.355,5613551.796,draft
point_alpha_corridor,5,road,1,17,560179.164,5613511.518,draft
point_alpha_corridor,5,road,1,18,560134.822,5613280.442,draft
point_alpha_corridor,6,road,1,0,560685.352,5610912.904,draft
point_alpha_corridor,6,road,1,1,560767.892,5610973.575,draft
point_alpha_corridor,6,road,1,2,560885.467,5611059.997,draft
point_alpha_corridor,6,road,1,3,560955.536,5611108.456,draft
point_alpha_corridor,6,road,1,4,561034.324,5611171.103,draft
point_alpha_corridor,7,road,1,0,560134.822,5613280.442,draft
point_alpha_corridor,7,road,1,1,559902.465,5613387.806,draft
point_alpha_corridor,7,road,1,2,559803.537,5613429.83,draft
point_alpha_corridor,7,road,1,3,559764.3,5613440.041,draft
point_alpha_corridor,7,road,1,4,559732.187,5613444.392,draft
point_alpha_corridor,7,road,1,5,559703.238,5613440.802,draft
point_alpha_corridor,7,road,1,6,559685.374,5613433.434,draft
point_alpha_corridor,7,road,1,7,559669.755,5613414.102,draft
point_alpha_corridor,7,road,1,8,559665.282,5613387.991,draft
point_alpha_corridor,7,road,1,9,559662.768,5613363.922,draft
point_alpha_corridor,7,road,1,10,559674.979,5613157.013,draft
point_alpha_corridor,8,road,1,0,560363.759,5614747.989,draft
point_alpha_corridor,8,road,1,1,560327.668,5614744.846,draft
point_alpha_corridor,8,road,1,2,560293.79,5614751.388,draft
point_alpha_corridor,8,road,1,3,560264.584,5614765.257,draft
point_alpha_corridor,8,road,1,4,560239.853,5614796.089,draft
point_alpha_corridor,8,road,1,5,560129.25,5615138.523,draft
point_alpha_corridor,8,road,1,6,560101.376,5615205.446,draft
point_alpha_corridor,8,road,1,7,560071.729,5615240.999,draft
point_alpha_corridor,8,road,1,8,560035.099,5615264.358,draft
point_alpha_corridor,8,road,1,9,559976.932,5615280.049,draft
point_alpha_corridor,8,road,1,10,559930.909,5615291.165,draft
point_alpha_corridor,8,road,1,11,559896.786,5615309.755,draft
point_alpha_corridor,8,road,1,12,559862.517,5615335.572,draft
point_alpha_corridor,8,road,1,13,559452.76,5615691.209,draft
point_alpha_corridor,8,road,1,14,559413.328,5615733.794,draft
point_alpha_corridor,8,road,1,15,559368.883,5615785.919,draft
point_alpha_corridor,8,road,1,16,559309.687,5615852.206,draft
point_alpha_corridor,8,road,1,17,559250.981,5615894.399,draft
point_alpha_corridor,8,road,1,18,559194.978,5615922.185,draft
point_alpha_corridor,8,road,1,19,559127.173,5615937.68,draft
point_alpha_corridor,8,road,1,20,559059.613,5615941.128,draft
point_alpha_corridor,8,road,1,21,558958.518,5615934.252,draft
point_alpha_corridor,8,road,1,22,558898.431,5615925.8,draft
point_alpha_corridor,8,road,1,23,558840.557,5615927.034,draft
point_alpha_corridor,8,road,1,24,558792.174,5615935.692,draft
point_alpha_corridor,8,road,1,25,558663.175,5615972.401,draft
point_alpha_corridor,8,road,1,26,558610.346,5615987.435,draft
point_alpha_corridor,8,road,1,27,558549.867,5615998.258,draft
point_alpha_corridor,8,road,1,28,558491.993,5615999.492,draft
point_alpha_corridor,8,road,1,29,558441.495,5615993.645,draft
point_alpha_corridor,8,road,1,30,558391.143,5615980.57,draft
point_alpha_corridor,8,road,1,31,558304.896,5615954.713,draft
point_alpha_corridor,8,road,1,32,558259.265,5615946.555,draft
point_alpha_corridor,8,road,1,33,558220.715,5615945.771,draft
point_alpha_corridor,8,road,1,34,558138.699,5615948.925,draft
point_alpha_corridor,8,road,1,35,558095.429,5615943.225,draft
point_alpha_corridor,8,road,1,36,558059.582,5615928.034,draft
point_alpha_corridor,8,road,1,37,558033.471,5615908.22,draft
point_alpha_corridor,8,road,1,38,557920.074,5615795.04,draft
point_alpha_corridor,8,road,1,39,557886.547,5615770.681,draft
point_alpha_corridor,8,road,1,40,557852.8,5615756.985,draft
point_alpha_corridor,8,road,1,41,557825.791,5615756.436,draft
point_alpha_corridor,8,road,1,42,557788.676,5615760.685,draft
point_alpha_corridor,8,road,1,43,557746.499,5615767.834,draft
point_alpha_corridor,8,road,1,44,557707.671,5615764.005,draft
point_alpha_corridor,8,road,1,45,557644.525,5615744.187,draft
point_alpha_corridor,8,road,1,46,557419.93,5615685.139,draft
point_alpha_corridor,8,road,1,47,557385.142,5615673.423,draft
point_alpha_corridor,8,road,1,48,557339.187,5615669.487,draft
point_alpha_corridor,8,road,1,49,557169.401,5615670.982,draft
point_alpha_corridor,8,road,1,50,557117.887,5615675.997,draft
point_alpha_corridor,8,road,1,51,557092.98,5615670.487,draft
point_alpha_corridor,8,road,1,52,557050.888,5615639.446,draft
point_alpha_corridor,8,road,1,53,556983.471,5615569.232,draft
point_alpha_corridor,8,road,1,54,556942.092,5615520.73,draft
point_alpha_corridor,8,road,1,55,556916.829,5615469.789,draft
point_alpha_corridor,8,road,1,56,556892.749,5615395.013,draft
point_alpha_corridor,8,road,1,57,556880.323,5615355.043,draft
point_alpha_corridor,8,road,1,58,556875.648,5615324.498,draft
point_alpha_corridor,8,road,1,59,556892.12,5615295.707,draft
point_alpha_corridor,8,road,1,60,556907.403,5615260.271,draft
point_alpha_corridor,8,road,1,61,556913.531,5615219.354,draft
point_alpha_corridor,8,road,1,62,556917.2,5615169.12,draft
point_alpha_corridor,8,road,1,63,556910.066,5615129.257,draft
point_alpha_corridor,8,road,1,64,556889.645,5615091.772,draft
point_alpha_corridor,8,road,1,65,556826.551,5615041.6,draft
point_alpha_corridor,8,road,1,66,556802.028,5615038.358,draft
point_alpha_corridor,8,road,1,67,556752.66,5615057.214,draft
point_alpha_corridor,8,road,1,68,556725.628,5615084.467,draft
point_alpha_corridor,8,road,1,69,556693.598,5615097.055,draft
point_alpha_corridor,8,road,1,70,556625.863,5615107.593,draft
point_alpha_corridor,8,road,1,71,556582.057,5615113.323,draft
point_alpha_corridor,8,road,1,72,556538.87,5615162.849,draft
point_alpha_corridor,9,road,1,0,558646.129,5617149.157,draft
point_alpha_corridor,9,road,1,1,558700.984,5617117.938,draft
point_alpha_corridor,9,road,1,2,558742.919,5617087.016,draft
point_alpha_corridor,9,road,1,3,558753.818,5617068.305,draft
point_alpha_corridor,9,road,1,4,558759.381,5617058.754,draft
point_alpha_corridor,9,road,1,5,558785.564,5617021.157,draft
point_alpha_corridor,9,road,1,6,558824.323,5616990.17,draft
point_alpha_corridor,9,road,1,7,558850.184,5616968.454,draft
point_alpha_corridor,9,road,1,8,558854.135,5616930.405,draft
point_alpha_corridor,9,road,1,9,558854.91,5616892.292,draft
point_alpha_corridor,9,road,1,10,558864.554,5616730.439,draft
point_alpha_corridor,9,road,1,11,558874.728,5616698.871,draft
point_alpha_corridor,9,road,1,12,558891.319,5616664.257,draft
point_alpha_corridor,9,road,1,13,558913.939,5616645.652,draft
point_alpha_corridor,9,road,1,14,558952.44,5616627.37,draft
point_alpha_corridor,9,road,1,15,559003.387,5616622.051,draft
point_alpha_corridor,9,road,1,16,559057.38,5616623.148,draft
point_alpha_corridor,9,road,1,17,559114.551,5616624.31,draft
point_alpha_corridor,9,road,1,18,559159.081,5616622.037,draft
point_alpha_corridor,9,road,1,19,559206.787,5616619.83,draft
point_alpha_corridor,9,road,1,20,559270.761,5616598.888,draft
point_alpha_corridor,9,road,1,21,559324.764,5616574.506,draft
point_alpha_corridor,9,road,1,22,559509.47,5616458.856,draft
point_alpha_corridor,9,road,1,23,559556.031,5616421.236,draft
point_alpha_corridor,9,road,1,24,559598.019,5616371.472,draft
point_alpha_corridor,9,road,1,25,559640.006,5616321.708,draft
point_alpha_corridor,9,road,1,26,559686.567,5616284.088,draft
point_alpha_corridor,9,road,1,27,559730.572,5616253.648,draft
point_alpha_corridor,9,road,1,28,559772.168,5616223.159,draft
point_alpha_corridor,9,road,1,29,559806.83,5616178.066,draft
point_alpha_corridor,9,road,1,30,559829.591,5616125.501,draft
point_alpha_corridor,9,road,1,31,559855.056,5616058.528,draft
point_alpha_corridor,9,road,1,32,559887.357,5616010.978,draft
point_alpha_corridor,9,road,1,33,559934.114,5615963.721,draft
point_alpha_corridor,9,road,1,34,560002.653,5615912.086,draft
point_alpha_corridor,9,road,1,35,560051.673,5615872.106,draft
point_alpha_corridor,9,road,1,36,560086.236,5615831.832,draft
point_alpha_corridor,9,road,1,37,560113.915,5615774.546,draft
point_alpha_corridor,9,road,1,38,560129.84,5615702.559,draft
point_alpha_corridor,9,road,1,39,560150.181,5615531.836,draft
point_alpha_corridor,9,road,1,40,560160.798,5615483.845,draft
point_alpha_corridor,9,road,1,41,560183.364,5615440.917,draft
point_alpha_corridor,9,road,1,42,560213.108,5615400.545,draft
point_alpha_corridor,9,road,1,43,560254.753,5615367.647,draft
point_alpha_corridor,9,road,1,44,560296.3,5615339.567,draft
point_alpha_corridor,9,road,1,45,560328.356,5615304.063,draft
point_alpha_corridor,9,road,1,46,560346.054,5615263.446,draft
point_alpha_corridor,9,road,1,47,560346.935,5615220.078,draft
point_alpha_corridor,9,road,1,48,560335.77,5615176.464,draft
point_alpha_corridor,9,road,1,49,560324.751,5615125.623,draft
point_alpha_corridor,9,road,1,50,560320.862,5615079.747,draft
point_alpha_corridor,9,road,1,51,560324.3,5615029.199,draft
point_alpha_corridor,9,road,1,52,560337.718,5614961.982,draft
point_alpha_corridor,9,road,1,53,560358.559,5614885.274,draft
point_alpha_corridor,9,road,1,54,560364.455,5614832.366,draft
point_alpha_corridor,9,road,1,55,560363.759,5614747.989,draft
point_alpha_corridor,10,road,1,0,560134.822,5613280.442,draft
point_alpha_corridor,10,road,1,1,560053.141,5613064.62,draft
point_alpha_corridor,10,road,1,2,560038.274,5613008.276,draft
point_alpha_corridor,10,road,1,3,560034.228,5612961.158,draft
point_alpha_corridor,10,road,1,4,560035.041,5612921.144,draft
point_alpha_corridor,10,road,1,5,560037.529,5612897.176,draft
point_alpha_corridor,10,road,1,6,560118.348,5612170.266,draft
point_alpha_corridor,10,road,1,7,560133.425,5612068.495,draft
point_alpha_corridor,10,road,1,8,560136.934,5612043.547,draft
point_alpha_corridor,10,road,1,9,560145.567,5612012.699,draft
point_alpha_corridor,10,road,1,10,560162.162,5611984.014,draft
point_alpha_corridor,10,road,1,11,560178.615,5611962.332,draft
point_alpha_corridor,10,road,1,12,560206.213,5611933.871,draft
point_alpha_corridor,10,road,1,13,560249.183,5611887.708,draft
point_alpha_corridor,10,road,1,14,560278.843,5611856.286,draft
point_alpha_corridor,10,road,1,15,560311.708,5611814.922,draft
point_alpha_corridor,10,road,1,16,560412.501,5611631.829,draft
point_alpha_corridor,10,road,1,17,560524.048,5611449.787,draft
point_alpha_corridor,10,road,1,18,560550.532,5611397.368,draft
point_alpha_corridor,10,road,1,19,560568.59,5611342.66,draft
point_alpha_corridor,10,road,1,20,560604.437,5611142.152,draft
point_alpha_corridor,10,road,1,21,560685.352,5610912.904,draft
point_alpha_corridor,11,road,1,0,561034.324,5611171.103,draft
point_alpha_corridor,11,road,1,1,561047.105,5611182.371,draft
point_alpha_corridor,11,road,1,2,561072.423,5611216.911,draft
point_alpha_corridor,11,road,1,3,561079.877,5611244.083,draft
point_alpha_corridor,11,road,1,4,561082.025,5611286.158,draft
point_alpha_corridor,11,road,1,5,561076.109,5611331.072,draft
point_alpha_corridor,11,road,1,6,561040.399,5611512.485,draft
point_alpha_corridor,11,road,1,7,561036.687,5611547.436,draft
point_alpha_corridor,11,road,1,8,561039.261,5611568.504,draft
point_alpha_corridor,11,road,1,9,561049.737,5611594.737,draft
point_alpha_corridor,11,road,1,10,561104.388,5611811.01,draft
point_alpha_corridor,12,road,1,0,559674.979,5613157.013,draft
point_alpha_corridor,12,road,1,1,559697.79,5613092.848,draft
point_alpha_corridor,12,road,1,2,559698.839,5613041.236,draft
point_alpha_corridor,12,road,1,3,559676.228,5612981.2,draft
point_alpha_corridor,12,road,1,4,559641.626,5612924.893,draft
point_alpha_corridor,12,road,1,5,559635.541,5612833.418,draft
point_alpha_corridor,13,road,1,0,553747.296,5610508.592,draft
point_alpha_corridor,13,road,1,1,553818.463,5610476.46,draft
point_alpha_corridor,13,road,1,2,553874.367,5610461.709,draft
point_alpha_corridor,13,road,1,3,553925.354,5610428.324,draft
point_alpha_corridor,13,road,1,4,553965.647,5610400.017,draft
point_alpha_corridor,13,road,1,5,554006.208,5610358.476,draft
point_alpha_corridor,13,road,1,6,554054.767,5610299.743,draft
point_alpha_corridor,13,road,1,7,554094.446,5610218.488,draft
point_alpha_corridor,13,road,1,8,554179.031,5610045.076,draft
point_alpha_corridor,13,road,1,9,554198.688,5610013.452,draft
point_alpha_corridor,13,road,1,10,554228.45,5609977.029,draft
point_alpha_corridor,13,road,1,11,554266.092,5609946.771,draft
point_alpha_corridor,13,road,1,12,554485.539,5609785.106,draft
point_alpha_corridor,13,road,1,13,554695.942,5609625.259,draft
point_alpha_corridor,14,road,1,0,555550.261,5611660.131,draft
point_alpha_corridor,14,road,1,1,555428.341,5611651.649,draft
point_alpha_corridor,14,road,1,2,555400.84,5611626.071,draft
point_alpha_corridor,14,road,1,3,555328.137,5611559.545,draft
point_alpha_corridor,14,road,1,4,555186.414,5611436.293,draft
point_alpha_corridor,14,road,1,5,555147.466,5611398.432,draft
point_alpha_corridor,14,road,1,6,555095.07,5611370.889,draft
point_alpha_corridor,14,road,1,7,555058.554,5611343.669,draft
point_alpha_corridor,14,road,1,8,555014.312,5611305.7,draft
point_alpha_corridor,14,road,1,9,554988.759,5611260.168,draft
point_alpha_corridor,14,road,1,10,554965.907,5611212.043,draft
point_alpha_corridor,14,road,1,11,554961.366,5611174.881,draft
point_alpha_corridor,14,road,1,12,554957.095,5611124.486,draft
point_alpha_corridor,14,road,1,13,554934.35,5611071.067,draft
point_alpha_corridor,14,road,1,14,554896.263,5610990.858,draft
point_alpha_corridor,14,road,1,15,554865.524,5610939.925,draft
point_alpha_corridor,14,road,1,16,554826.684,5610896.77,draft
point_alpha_corridor,14,road,1,17,554787.951,5610848.322,draft
point_alpha_corridor,14,road,1,18,554749.057,5610807.815,draft
point_alpha_corridor,14,road,1,19,554718.157,5610764.822,draft
point_alpha_corridor,14,road,1,20,554695.412,5610711.403,draft
point_alpha_corridor,14,road,1,21,554688.494,5610660.954,draft
point_alpha_corridor,14,road,1,22,554684.384,5610602.618,draft
point_alpha_corridor,14,road,1,23,554693.292,5610555.139,draft
point_alpha_corridor,14,road,1,24,554715.864,5610486.754,draft
point_alpha_corridor,14,road,1,25,554722.61,5610415.4,draft
point_alpha_corridor,14,road,1,26,554734.326,5610360.034,draft
point_alpha_corridor,14,road,1,27,554751.498,5610296.835,draft
point_alpha_corridor,14,road,1,28,554776.394,5610244.385,draft
point_alpha_corridor,14,road,1,29,554790.596,5610197.013,draft
point_alpha_corridor,14,road,1,30,554791.671,5610144.078,draft
point_alpha_corridor,14,road,1,31,554795.555,5610083.257,draft
point_alpha_corridor,14,road,1,32,554807.271,5610027.891,draft
point_alpha_corridor,14,road,1,33,554834.976,5609967.554,draft
point_alpha_corridor,14,road,1,34,554846.423,5609925.422,draft
point_alpha_corridor,14,road,1,35,554841.936,5609885.614,draft
point_alpha_corridor,14,road,1,36,554824.27,5609842.889,draft
point_alpha_corridor,14,road,1,37,554790.992,5609786.609,draft
point_alpha_corridor,14,road,1,38,554765.654,5609730.49,draft
point_alpha_corridor,14,road,1,39,554695.942,5609625.259,draft
point_alpha_corridor,15,road,1,0,555704.436,5612149.629,draft
point_alpha_corridor,15,road,1,1,555593.886,5612123.365,draft
point_alpha_corridor,15,road,1,2,555558.976,5612117.651,draft
point_alpha_corridor,15,road,1,3,555186.419,5612082.059,draft
point_alpha_corridor,16,road,1,0,554340.496,5613732.758,draft
point_alpha_corridor,16,road,1,1,554292.755,5613644.592,draft
point_alpha_corridor,16,road,1,2,554273.981,5613589.503,draft
point_alpha_corridor,16,road,1,3,554274.991,5613539.79,draft
point_alpha_corridor,16,road,1,4,554285.843,5613495.25,draft
point_alpha_corridor,16,road,1,5,554286.955,5613440.565,draft
point_alpha_corridor,16,road,1,6,554279.178,5613340.578,draft
point_alpha_corridor,17,road,1,0,556674.52,5616809.853,draft
point_alpha_corridor,17,road,1,1,556575.482,5616639.427,draft
point_alpha_corridor,17,road,1,2,556519.603,5616574.742,draft
point_alpha_corridor,17,road,1,3,556410.828,5616454.967,draft
point_alpha_corridor,17,road,1,4,556380.165,5616400.328,draft
point_alpha_corridor,17,road,1,5,556359.223,5616336.354,draft
point_alpha_corridor,17,road,1,6,556312.873,5616271.863,draft
point_alpha_corridor,17,road,1,7,556256.22,5616245.292,draft
point_alpha_corridor,17,road,1,8,556200.018,5616196.488,draft
point_alpha_corridor,17,road,1,9,556153.603,5616135.174,draft
point_alpha_corridor,17,road,1,10,556107.511,5616057.979,draft
point_alpha_corridor,17,road,1,11,556017.923,5615915.009,draft
point_alpha_corridor,17,road,1,12,555958.538,5615836.524,draft
point_alpha_corridor,17,road,1,13,555896.539,5615791.827,draft
point_alpha_corridor,17,road,1,14,555828.071,5615740.788,draft
point_alpha_corridor,17,road,1,15,555759.266,5615706.291,draft
point_alpha_corridor,17,road,1,16,555693.219,5615650.234,draft
point_alpha_corridor,18,road,2,0,557653.544,5616697.653,draft
point_alpha_corridor,18,road,2,1,558037.806,5616872.445,draft
point_alpha_corridor,18,road,2,2,558646.129,5617149.157,draft
point_alpha_corridor,19,road,1,0,554080.093,5613878.939,draft
point_alpha_corridor,19,road,1,1,554087.701,5613800.035,draft
point_alpha_corridor,19,road,1,2,554094.427,5613666.07,draft
point_alpha_corridor,19,road,1,3,554086.315,5613572.836,draft
point_alpha_corridor,19,road,1,4,554079.065,5613535.66,draft
point_alpha_corridor,19,road,1,5,554066.874,5613495.383,draft
point_alpha_corridor,19,road,1,6,554017.154,5613381.287,draft
point_alpha_corridor,20,road,1,0,556651.463,5613020.517,draft
point_alpha_corridor,20,road,1,1,556593.387,5613071.376,draft
point_alpha_corridor,20,road,1,2,556573.994,5613089.996,draft
point_alpha_corridor,20,road,1,3,556552.723,5613102.573,draft
point_alpha_corridor,20,road,1,4,556376.159,5613173.041,draft
point_alpha_corridor,20,road,1,5,556299.482,5613203.507,draft
point_alpha_corridor,21,road,1,0,556941.177,5613291.604,draft
point_alpha_corridor,21,road,1,1,556651.463,5613020.517,draft
point_alpha_corridor,22,road,1,0,555802.973,5611831.391,draft
point_alpha_corridor,22,road,1,1,555907.259,5611900.88,draft
point_alpha_corridor,22,road,1,2,555927.182,5611904.141,draft
point_alpha_corridor,22,road,1,3,555959.219,5611873.38,draft
point_alpha_corridor,22,road,1,4,556157.326,5611680.366,draft
point_alpha_corridor,22,road,1,5,556287.459,5611600.196,draft
point_alpha_corridor,22,road,1,6,556348.705,5611581.456,draft
point_alpha_corridor,23,road,1,0,554429.338,5613682.886,draft
point_alpha_corridor,23,road,1,1,554340.496,5613732.758,draft
point_alpha_corridor,24,road,1,0,557228.202,5610149.067,draft
point_alpha_corridor,24,road,1,1,557226.258,5610096.988,draft
point_alpha_corridor,24,road,1,2,557219.967,5610061.834,draft
point_alpha_corridor,24,road,1,3,557186.109,5609955.067,draft
point_alpha_corridor,24,road,1,4,557262.516,5609888.568,draft
point_alpha_corridor,24,road,1,5,557291.973,5609867.15,draft
point_alpha_corridor,24,road,1,6,557310.508,5609841.507,draft
point_alpha_corridor,24,road,1,7,557426.168,5609714.76,draft
point_alpha_corridor,25,road,1,0,557228.202,5610149.067,draft
point_alpha_corridor,25,road,1,1,557278.321,5610145.081,draft
point_alpha_corridor,25,road,1,2,557317.496,5610137.871,draft
point_alpha_corridor,25,road,1,3,557376.882,5610121.064,draft
point_alpha_corridor,25,road,1,4,557437.451,5610095.275,draft
point_alpha_corridor,25,road,1,5,557489.058,5610067.301,draft
point_alpha_corridor,25,road,1,6,557528.762,5610034.082,draft
point_alpha_corridor,25,road,1,7,557551.257,5610010.521,draft
point_alpha_corridor,25,road,1,8,557766.592,5609755.702,draft
point_alpha_corridor,25,road,1,9,557791.987,5609737.203,draft
point_alpha_corridor,25,road,1,10,557824.363,5609719.848,draft
point_alpha_corridor,25,road,1,11,557860.66,5609706.575,draft
point_alpha_corridor,25,road,1,12,557888.853,5609698.14,draft
point_alpha_corridor,25,road,1,13,557935.031,5609691.073,draft
point_alpha_corridor,25,road,1,14,558100.757,5609661.415,draft
point_alpha_corridor,25,road,1,15,558146.037,5609649.325,draft
point_alpha_corridor,25,road,1,16,558183.476,5609629.07,draft
point_alpha_corridor,25,road,1,17,558236.51,5609580.11,draft
point_alpha_corridor,25,road,1,18,558272.355,5609539.807,draft
point_alpha_corridor,25,road,1,19,558302.096,5609504.384,draft
point_alpha_corridor,25,road,1,20,558339.145,5609454.098,draft
point_alpha_corridor,25,road,1,21,558421.529,5609339.685,draft
point_alpha_corridor,25,road,1,22,558467.987,5609269.575,draft
point_alpha_corridor,26,road,1,0,554340.496,5613732.758,draft
point_alpha_corridor,26,road,1,1,554080.093,5613878.939,draft
point_alpha_corridor,27,road,1,0,554926.215,5613978.724,draft
point_alpha_corridor,27,road,1,1,554844.885,5613917.502,draft
point_alpha_corridor,27,road,1,2,554766.834,5613867.88,draft
point_alpha_corridor,27,road,1,3,554700.726,5613821.502,draft
point_alpha_corridor,27,road,1,4,554664.202,5613796.742,draft
point_alpha_corridor,27,road,1,5,554429.338,5613682.886,draft
point_alpha_corridor,28,road,1,0,556082.025,5612774.768,draft
point_alpha_corridor,28,road,1,1,556162.069,5612972.542,draft
point_alpha_corridor,28,road,1,2,556172.646,5612993.773,draft
point_alpha_corridor,28,road,1,3,556190.123,5613020.148,draft
point_alpha_corridor,28,road,1,4,556299.482,5613203.507,draft
point_alpha_corridor,29,road,1,0,556538.87,5615162.849,draft
point_alpha_corridor,29,road,1,1,556505.131,5615247.227,draft
point_alpha_corridor,29,road,1,2,556487.759,5615264.888,draft
point_alpha_corridor,29,road,1,3,556443.119,5615305.115,draft
point_alpha_corridor,29,road,1,4,556421.73,5615315.272,draft
point_alpha_corridor,29,road,1,5,556397.99,5615310.817,draft
point_alpha_corridor,29,road,1,6,556353.083,5615293.174,draft
point_alpha_corridor,29,road,1,7,556322.961,5615289.434,draft
point_alpha_corridor,29,road,1,8,556294.58,5615296.025,draft
point_alpha_corridor,29,road,1,9,556259.126,5615320.724,draft
point_alpha_corridor,29,road,1,10,556188.154,5615373.297,draft
point_alpha_corridor,29,road,1,11,556087.952,5615457.051,draft
point_alpha_corridor,29,road,1,12,556030.008,5615494.002,draft
point_alpha_corridor,29,road,1,13,555863.923,5615564.056,draft
point_alpha_corridor,29,road,1,14,555792.846,5615594.036,draft
point_alpha_corridor,29,road,1,15,555693.219,5615650.234,draft
point_alpha_corridor,30,road,2,0,555672.619,5615991.626,draft
point_alpha_corridor,30,road,2,1,555618.763,5616075.212,draft
point_alpha_corridor,30,road,2,2,555580.595,5616173.881,draft
point_alpha_corridor,30,road,2,3,555463.19,5616385.931,draft
point_alpha_corridor,30,road,2,4,555412.151,5616454.4,draft
point_alpha_corridor,30,road,2,5,555365.953,5616504.016,draft
point_alpha_corridor,30,road,2,6,555297.258,5616547.822,draft
point_alpha_corridor,30,road,2,7,555224.413,5616573.463,draft
point_alpha_corridor,30,road,2,8,555147.325,5616585.456,draft
point_alpha_corridor,30,road,2,9,555016.476,5616573.756,draft
point_alpha_corridor,30,road,2,10,554912.829,5616558.088,draft
point_alpha_corridor,30,road,2,11,554817.943,5616556.159,draft
point_alpha_corridor,30,road,2,12,554736.428,5616563.542,draft
point_alpha_corridor,30,road,2,13,554659.157,5616584.572,draft
point_alpha_corridor,30,road,2,14,554595.44,5616605.878,draft
point_alpha_corridor,30,road,2,15,554517.985,5616635.945,draft
point_alpha_corridor,30,road,2,16,554413.511,5616660.943,draft
point_alpha_corridor,30,road,2,17,554323.143,5616659.106,draft
point_alpha_corridor,30,road,2,18,554259.978,5616653.301,draft
point_alpha_corridor,30,road,2,19,554176.852,5616626.858,draft
point_alpha_corridor,30,road,2,20,554108.736,5616591.051,draft
point_alpha_corridor,31,road,1,0,557160.691,5610171.713,draft
point_alpha_corridor,31,road,1,1,557192.966,5610159.359,draft
point_alpha_corridor,31,road,1,2,557228.202,5610149.067,draft
point_alpha_corridor,32,road,1,0,554017.154,5613381.287,draft
point_alpha_corridor,32,road,1,1,554076.026,5613355.627,draft
point_alpha_corridor,32,road,1,2,554118.697,5613340.607,draft
point_alpha_corridor,32,road,1,3,554159.883,5613333.501,draft
point_alpha_corridor,32,road,1,4,554204.931,5613331.769,draft
point_alpha_corridor,32,road,1,5,554279.178,5613340.578,draft
point_alpha_corridor,33,road,1,0,555802.973,5611831.391,draft
point_alpha_corridor,33,road,1,1,555702.3,5611762.295,draft
point_alpha_corridor,33,road,1,2,555550.261,5611660.131,draft
point_alpha_corridor,34,road,1,0,555704.436,5612149.629,draft
point_alpha_corridor,34,road,1,1,555802.973,5611831.391,draft
point_alpha_corridor,35,road,1,0,555567.855,5613305.725,draft
point_alpha_corridor,35,road,1,1,555516.329,5613329.697,draft
point_alpha_corridor,35,road,1,2,555497.18,5613336.313,draft
point_alpha_corridor,35,road,1,3,555471.05,5613341.786,draft
point_alpha_corridor,35,road,1,4,555399.69,5613344.896,draft
point_alpha_corridor,35,road,1,5,555241.768,5613347.134,draft
point_alpha_corridor,35,road,1,6,555168.683,5613348.651,draft
point_alpha_corridor,35,road,1,7,555094.393,5613360.151,draft
point_alpha_corridor,35,road,1,8,554972.544,5613409.595,draft
point_alpha_corridor,35,road,1,9,554854.096,5613482.086,draft
point_alpha_corridor,35,road,1,10,554767.486,5613532.523,draft
point_alpha_corridor,35,road,1,11,554730.055,5613550.297,draft
point_alpha_corridor,35,road,1,12,554688.815,5613560.05,draft
point_alpha_corridor,35,road,1,13,554630.291,5613573.423,draft
point_alpha_corridor,35,road,1,14,554559.964,5613581.261,draft
point_alpha_corridor,35,road,1,15,554534.498,5613596.631,draft
point_alpha_corridor,35,road,1,16,554429.338,5613682.886,draft
point_alpha_corridor,36,road,1,0,556651.463,5613020.517,draft
point_alpha_corridor,36,road,1,1,556563.746,5612855.611,draft
point_alpha_corridor,36,road,1,2,556529.486,5612817.887,draft
point_alpha_corridor,36,road,1,3,556483.446,5612768.915,draft
point_alpha_corridor,36,road,1,4,556364.549,5612688.741,draft
point_alpha_corridor,36,road,1,5,556327.817,5612672.107,draft
point_alpha_corridor,36,road,1,6,556290.816,5612668.708,draft
point_alpha_corridor,36,road,1,7,556256.301,5612673.302,draft
point_alpha_corridor,36,road,1,8,556234.697,5612694.046,draft
point_alpha_corridor,36,road,1,9,556199.644,5612725.107,draft
point_alpha_corridor,36,road,1,10,556164.698,5612750.875,draft
point_alpha_corridor,36,road,1,11,556132.615,5612766.11,draft
point_alpha_corridor,36,road,1,12,556082.025,5612774.768,draft
point_alpha_corridor,37,road,1,0,555650.409,5616297.347,draft
point_alpha_corridor,37,road,1,1,555624.401,5616242.576,draft
point_alpha_corridor,37,road,1,2,555580.595,5616173.881,draft
point_alpha_corridor,37,road,1,3,555496.858,5616068.213,draft
point_alpha_corridor,38,road,2,0,556138.211,5615859.201,draft
point_alpha_corridor,38,road,2,1,556409.975,5615989.857,draft
point_alpha_corridor,38,road,2,2,556584.392,5616053.62,draft
point_alpha_corridor,38,road,2,3,556699.774,5616108.922,draft
point_alpha_corridor,38,road,2,4,556742.858,5616155.744,draft
point_alpha_corridor,38,road,2,5,556850.811,5616233.793,draft
point_alpha_corridor,38,road,2,6,556976.294,5616313.132,draft
point_alpha_corridor,38,road,2,7,557063.107,5616352.398,draft
point_alpha_corridor,38,road,2,8,557174.699,5616376.683,draft
point_alpha_corridor,38,road,2,9,557212.448,5616390.46,draft
point_alpha_corridor,38,road,2,10,557233.191,5616403.892,draft
point_alpha_corridor,38,road,2,11,557358.425,5616495.505,draft
point_alpha_corridor,38,road,2,12,557497.583,5616591.404,draft
point_alpha_corridor,38,road,2,13,557535.067,5616618.186,draft
point_alpha_corridor,38,road,2,14,557577.472,5616649.071,draft
point_alpha_corridor,38,road,2,15,557653.544,5616697.653,draft
point_alpha_corridor,39,road,2,0,555789.617,5615897.875,draft
point_alpha_corridor,39,road,2,1,555871.774,5615858.863,draft
point_alpha_corridor,39,road,2,2,555958.538,5615836.524,draft
point_alpha_corridor,39,road,2,3,556067.071,5615841.868,draft
point_alpha_corridor,39,road,2,4,556138.211,5615859.201,draft
point_alpha_corridor,40,road,1,0,554428.023,5613271.447,draft
point_alpha_corridor,40,road,1,1,554395.779,5612980.251,draft
point_alpha_corridor,40,road,1,2,554383.695,5612840.75,draft
point_alpha_corridor,40,road,1,3,554400.326,5612756.541,draft
point_alpha_corridor,40,road,1,4,554401.135,5612716.77,draft
point_alpha_corridor,40,road,1,5,554391.899,5612681.769,draft
point_alpha_corridor,40,road,1,6,554356.898,5612691.004,draft
point_alpha_corridor,40,road,1,7,554126.196,5612785.783,draft
point_alpha_corridor,40,road,1,8,554015.512,5612848.187,draft
point_alpha_corridor,40,road,1,9,553905.335,5612885.735,draft
point_alpha_corridor,40,road,1,10,553850.044,5612914.451,draft
point_alpha_corridor,40,road,1,11,553839.798,5612929.163,draft
point_alpha_corridor,40,road,1,12,553825.272,5612976.151,draft
point_alpha_corridor,41,road,1,0,554878.438,5613054.535,draft
point_alpha_corridor,41,road,1,1,554902.934,5613031.014,draft
point_alpha_corridor,41,road,1,2,554986.812,5612941.651,draft
point_alpha_corridor,41,road,1,3,555037.073,5612887.854,draft
point_alpha_corridor,41,road,1,4,555253.817,5612655.859,draft
point_alpha_corridor,41,road,1,5,555294.725,5612612.657,draft
point_alpha_corridor,41,road,1,6,555319.119,5612594.138,draft
point_alpha_corridor,41,road,1,7,555345.392,5612581.663,draft
point_alpha_corridor,41,road,1,8,555427.539,5612542.602,draft
point_alpha_corridor,41,road,1,9,555486.358,5612514.671,draft
point_alpha_corridor,41,road,1,10,555529.244,5612489.065,draft
point_alpha_corridor,41,road,1,11,555564.297,5612458.003,draft
point_alpha_corridor,41,road,1,12,555594.326,5612413.6,draft
point_alpha_corridor,41,road,1,13,555619.222,5612361.15,draft
point_alpha_corridor,41,road,1,14,555704.436,5612149.629,draft
point_alpha_corridor,42,road,1,0,554279.178,5613340.578,draft
point_alpha_corridor,42,road,1,1,554428.023,5613271.447,draft
point_alpha_corridor,43,road,1,0,555693.219,5615650.234,draft
point_alpha_corridor,43,road,1,1,555544.413,5615730.162,draft
point_alpha_corridor,44,road,1,0,555496.858,5616068.213,draft
point_alpha_corridor,44,road,1,1,555455.064,5616017.186,draft
point_alpha_corridor,44,road,1,2,555450.978,5615983.741,draft
point_alpha_corridor,44,road,1,3,555459.011,5615945.95,draft
point_alpha_corridor,45,road,2,0,554108.736,5616591.051,draft
point_alpha_corridor,45,road,2,1,554043.752,5616531.477,draft
point_alpha_corridor,45,road,2,2,553841.314,5616346.453,draft
point_alpha_corridor,45,road,2,3,553786.136,5616309.117,draft
point_alpha_corridor,45,road,2,4,553717.913,5616278.604,draft
point_alpha_corridor,45,road,2,5,553631.162,5616247.714,draft
point_alpha_corridor,45,road,2,6,553552.46,5616211.692,draft
point_alpha_corridor,45,road,2,7,553489.637,5616175.993,draft
point_alpha_corridor,45,road,2,8,553429.677,5616129.76,draft
point_alpha_corridor,45,road,2,9,553368.063,5616061.634,draft
point_alpha_corridor,45,road,2,10,553316.269,5616004.447,draft
point_alpha_corridor,45,road,2,11,553247.6,5615943.739,draft
point_alpha_corridor,45,road,2,12,553118.737,5615859.952,draft
point_alpha_corridor,46,road,2,0,555789.617,5615897.875,draft
point_alpha_corridor,46,road,2,1,555720.923,5615941.681,draft
point_alpha_corridor,46,road,2,2,555672.619,5615991.626,draft
point_alpha_corridor,47,road,1,0,555459.011,5615945.95,draft
point_alpha_corridor,47,road,1,1,555479.815,5615893.771,draft
point_alpha_corridor,47,road,1,2,555502.822,5615856.109,draft
point_alpha_corridor,47,road,1,3,555524.274,5615816.828,draft
point_alpha_corridor,47,road,1,4,555539.47,5615772.653,draft
point_alpha_corridor,47,road,1,5,555544.413,5615730.162,draft
point_alpha_corridor,48,road,1,0,555186.419,5612082.059,draft
point_alpha_corridor,48,road,1,1,555477.273,5611853.794,draft
point_alpha_corridor,48,road,1,2,555515.16,5611811.532,draft
point_alpha_corridor,48,road,1,3,555531.755,5611782.847,draft
point_alpha_corridor,48,road,1,4,555542.226,5611760.043,draft
point_alpha_corridor,48,road,1,5,555548.878,5611728.154,draft
point_alpha_corridor,48,road,1,6,555550.261,5611660.131,draft
point_alpha_corridor,49,road,1,0,561236.694,5611111.165,draft
point_alpha_corridor,49,road,1,1,561511.058,5611152.766,draft
point_alpha_corridor,49,road,1,2,561564.076,5611153.843,draft
point_alpha_corridor,49,road,1,3,561648.308,5611145.546,draft
point_alpha_corridor,49,road,1,4,561775.779,5611127.119,draft
point_alpha_corridor,49,road,1,5,561843.087,5611114.476,draft
point_alpha_corridor,49,road,1,6,561880.303,5611105.224,draft
point_alpha_corridor,49,road,1,7,561948.976,5611074.595,draft
point_alpha_corridor,49,road,1,8,562005.768,5611037.72,draft
point_alpha_corridor,49,road,1,9,562032.346,5611010.238,draft
point_alpha_corridor,49,road,1,10,562055.024,5610977.674,draft
point_alpha_corridor,49,road,1,11,562065.657,5610946.866,draft
point_alpha_corridor,49,road,1,12,562114.696,5610749.712,draft
point_alpha_corridor,49,road,1,13,562136.93,5610739.718,draft
point_alpha_corridor,49,road,1,14,562187.29,5610723.165,draft
point_alpha_corridor,50,road,1,0,556942.251,5616882.346,draft
point_alpha_corridor,50,road,1,1,557101.16,5616843.544,draft
point_alpha_corridor,50,road,1,2,557146.44,5616831.455,draft
point_alpha_corridor,50,road,1,3,557191.7,5616820.366,draft
point_alpha_corridor,50,road,1,4,557221.832,5616814.974,draft
point_alpha_corridor,50,road,1,5,557267.991,5616808.906,draft
point_alpha_corridor,50,road,1,6,557349.344,5616794.548,draft
point_alpha_corridor,50,road,1,7,557390.623,5616782.377,draft
point_alpha_corridor,50,road,1,8,557653.544,5616697.653,draft
point_alpha_corridor,51,road,1,0,555186.419,5612082.059,draft
point_alpha_corridor,51,road,1,1,555145.796,5612111.256,draft
point_alpha_corridor,51,road,1,2,555087.227,5612137.086,draft
point_alpha_corridor,51,road,1,3,555036.885,5612152.075,draft
point_alpha_corridor,51,road,1,4,554970.598,5612163.737,draft
point_alpha_corridor,51,road,1,5,554445.174,5612197.576,draft
point_alpha_corridor,51,road,1,6,554371.217,5612209.599,draft
point_alpha_corridor,51,road,1,7,554304.652,5612232.848,draft
point_alpha_corridor,51,road,1,8,554213.585,5612258.005,draft
point_alpha_corridor,51,road,1,9,554114.352,5612294.117,draft
point_alpha_corridor,51,road,1,10,554037.158,5612340.208,draft
point_alpha_corridor,52,road,1,0,556082.025,5612774.768,draft
point_alpha_corridor,52,road,1,1,556025.965,5612775.63,draft
point_alpha_corridor,52,road,1,2,555993.954,5612774.979,draft
point_alpha_corridor,52,road,1,3,555965.046,5612769.388,draft
point_alpha_corridor,52,road,1,4,555934.361,5612752.752,draft
point_alpha_corridor,52,road,1,5,555899.979,5612721.03,draft
point_alpha_corridor,52,road,1,6,555854.366,5612651.051,draft
point_alpha_corridor,52,road,1,7,555838.194,5612609.692,draft
point_alpha_corridor,52,road,1,8,555831.167,5612561.513,draft
point_alpha_corridor,52,road,1,9,555819.032,5612469.197,draft
point_alpha_corridor,52,road,1,10,555811.148,5612413.995,draft
point_alpha_corridor,52,road,1,11,555806.776,5612382.883,draft
point_alpha_corridor,52,road,1,12,555801.221,5612360.753,draft
point_alpha_corridor,52,road,1,13,555780.149,5612314.291,draft
point_alpha_corridor,52,road,1,14,555704.436,5612149.629,draft
point_alpha_corridor,53,road,1,0,554017.154,5613381.287,draft
point_alpha_corridor,53,road,1,1,553975.593,5613277.096,draft
point_alpha_corridor,54,road,1,0,556538.87,5615162.849,draft
point_alpha_corridor,54,road,1,1,556474.461,5615130.995,draft
point_alpha_corridor,54,road,1,2,556414.581,5615080.792,draft
point_alpha_corridor,54,road,1,3,556372.012,5615025.646,draft
point_alpha_corridor,54,road,1,4,556306.49,5614975.987,draft
point_alpha_corridor,54,road,1,5,556270.671,5614935.547,draft
point_alpha_corridor,54,road,1,6,556218.167,5614890.129,draft
point_alpha_corridor,54,road,1,7,556167.578,5614857.325,draft
point_alpha_corridor,54,road,1,8,555850.374,5614718.529,draft
point_alpha_corridor,54,road,1,9,555814.764,5614698.566,draft
point_alpha_corridor,54,road,1,10,555762.474,5614665.729,draft
point_alpha_corridor,54,road,1,11,555695.11,5614627.306,draft
point_alpha_corridor,54,road,1,12,555559.669,5614545.494,draft
point_alpha_corridor,54,road,1,13,555534.046,5614525.959,draft
point_alpha_corridor,54,road,1,14,555502.666,5614494.297,draft
point_alpha_corridor,54,road,1,15,555437.965,5614427.933,draft
point_alpha_corridor,54,road,1,16,555415.384,5614406.458,draft
point_alpha_corridor,54,road,1,17,555383.023,5614373.776,draft
point_alpha_corridor,54,road,1,18,555328.143,5614316.619,draft
point_alpha_corridor,54,road,1,19,555154.512,5614163.357,draft
point_alpha_corridor,54,road,1,20,555103.009,5614117.896,draft
point_alpha_corridor,54,road,1,21,555043.005,5614066.639,draft
point_alpha_corridor,54,road,1,22,554926.215,5613978.724,draft
point_alpha_corridor,55,road,1,0,553974.401,5614352.148,draft
point_alpha_corridor,55,road,1,1,554034.756,5614189.252,draft
point_alpha_corridor,55,road,1,2,554045.491,5614153.443,draft
point_alpha_corridor,55,road,1,3,554054.328,5614112.592,draft
point_alpha_corridor,55,road,1,4,554060.305,5614064.677,draft
point_alpha_corridor,55,road,1,5,554066.283,5614016.762,draft
point_alpha_corridor,55,road,1,6,554080.093,5613878.939,draft
point_alpha_corridor,56,road,1,0,555474.089,5616835.488,draft
point_alpha_corridor,56,road,1,1,555555.265,5616530.466,draft
point_alpha_corridor,56,road,1,2,555588.18,5616467.852,draft
point_alpha_corridor,56,road,1,3,555634.558,5616410.031,draft
point_alpha_corridor,56,road,1,4,555658.344,5616351.752,draft
point_alpha_corridor,56,road,1,5,555650.409,5616297.347,draft
point_alpha_corridor,57,road,1,0,555550.261,5611660.131,draft
point_alpha_corridor,57,road,1,1,555536.796,5611534.763,draft
point_alpha_corridor,57,road,1,2,555532.282,5611510.654,draft
point_alpha_corridor,57,road,1,3,555518.664,5611491.362,draft
point_alpha_corridor,57,road,1,4,555505.985,5611475.093,draft
point_alpha_corridor,57,road,1,5,555444.687,5611416.492,draft
point_alpha_corridor,57,road,1,6,555377.461,5611348.388,draft
point_alpha_corridor,57,road,1,7,555337.139,5611313.543,draft
point_alpha_corridor,57,road,1,8,555319.56,5611292.17,draft
point_alpha_corridor,57,road,1,9,555311.943,5611273.001,draft
point_alpha_corridor,57,road,1,10,555306.368,5611251.872,draft
point_alpha_corridor,57,road,1,11,555306.754,5611232.865,draft
point_alpha_corridor,57,road,1,12,555310.386,5611201.916,draft
point_alpha_corridor,57,road,1,13,555318.876,5611178.07,draft
point_alpha_corridor,57,road,1,14,555329.306,5611157.267,draft
point_alpha_corridor,57,road,1,15,555345.861,5611130.583,draft
point_alpha_corridor,57,road,1,16,555362.293,5611109.901,draft
point_alpha_corridor,57,road,1,17,555389.81,5611085.441,draft
point_alpha_corridor,57,road,1,18,555427.229,5611066.187,draft
point_alpha_corridor,57,road,1,19,555461.464,5611055.874,draft
point_alpha_corridor,57,road,1,20,555498.578,5611051.625,draft
point_alpha_corridor,57,road,1,21,555870.232,5611033.158,draft
point_alpha_corridor,57,road,1,22,555903.345,5611028.827,draft
point_alpha_corridor,57,road,1,23,555932.639,5611015.412,draft
point_alpha_corridor,57,road,1,24,555958.014,5610997.914,draft
point_alpha_corridor,57,road,1,25,556028.602,5610922.29,draft
point_alpha_corridor,57,road,1,26,556053.037,5610901.771,draft
point_alpha_corridor,57,road,1,27,556110.849,5610863.917,draft
point_alpha_corridor,57,road,1,28,556171.276,5610845.129,draft
point_alpha_corridor,57,road,1,29,556216.576,5610832.039,draft
point_alpha_corridor,57,road,1,30,556306.175,5610805.839,draft
point_alpha_corridor,57,road,1,31,556723.549,5610585.803,draft
point_alpha_corridor,57,road,1,32,556763.787,5610560.143,draft
point_alpha_corridor,57,road,1,33,556785.445,5610536.752,draft
point_alpha_corridor,57,road,1,34,556815.366,5610497.643,draft
point_alpha_corridor,57,road,1,35,556842.694,5610455.833,draft
point_alpha_corridor,57,road,1,36,556874.556,5610414.086,draft
point_alpha_corridor,57,road,1,37,557104.799,5610213.61,draft
point_alpha_corridor,57,road,1,38,557131.296,5610190.13,draft
point_alpha_corridor,57,road,1,39,557160.691,5610171.713,draft
point_alpha_corridor,58,road,1,0,554557.377,5614570.21,draft
point_alpha_corridor,58,road,1,1,554622.353,5614435.556,draft
point_alpha_corridor,58,road,1,2,554645.162,5614388.801,draft
point_alpha_corridor,59,road,1,0,556299.482,5613203.507,draft
point_alpha_corridor,59,road,1,1,556248.2,5613215.474,draft
point_alpha_corridor,59,road,1,2,556227.132,5613218.048,draft
point_alpha_corridor,59,road,1,3,556206.186,5613214.62,draft
point_alpha_corridor,59,road,1,4,556140.631,5613190.271,draft
point_alpha_corridor,59,road,1,5,556116.908,5613175.778,draft
point_alpha_corridor,59,road,1,6,556031.057,5613115.99,draft
point_alpha_corridor,59,road,1,7,556008.273,5613104.518,draft
point_alpha_corridor,59,road,1,8,555988.347,5613100.11,draft
point_alpha_corridor,59,road,1,9,555965.299,5613101.643,draft
point_alpha_corridor,59,road,1,10,555946.191,5613106.259,draft
point_alpha_corridor,59,road,1,11,555640.606,5613267.37,draft
point_alpha_corridor,59,road,1,12,555567.855,5613305.725,draft
point_alpha_corridor,60,road,1,0,554428.023,5613271.447,draft
point_alpha_corridor,60,road,1,1,554851.002,5613074.993,draft
point_alpha_corridor,60,road,1,2,554878.438,5613054.535,draft
point_alpha_corridor,61,road,1,0,554037.158,5612340.208,draft
point_alpha_corridor,61,road,1,1,553964.857,5612380.045,draft
point_alpha_corridor,61,road,1,2,553812.972,5612496.476,draft
point_alpha_corridor,62,road,1,0,562701.582,5610432.382,draft
point_alpha_corridor,62,road,1,1,562863.424,5610544.752,draft
point_alpha_corridor,62,road,1,2,562878.104,5610561.062,draft
point_alpha_corridor,62,road,1,3,562877.617,5610585.071,draft
point_alpha_corridor,62,road,1,4,562869.964,5610616.94,draft
point_alpha_corridor,62,road,1,5,562816.792,5610688.013,draft
point_alpha_corridor,62,road,1,6,562728.521,5610806.002,draft
point_alpha_corridor,62,road,1,7,562630.28,5610937.319,draft
point_alpha_corridor,62,road,1,8,562610.684,5610965.942,draft
point_alpha_corridor,62,road,1,9,562605.235,5610987.849,draft
point_alpha_corridor,62,road,1,10,562606.931,5611002.894,draft
point_alpha_corridor,62,road,1,11,562615.386,5611030.087,draft
point_alpha_corridor,62,road,1,12,562650.794,5611109.866,draft
point_alpha_corridor,62,road,1,13,562667.926,5611153.247,draft
point_alpha_corridor,62,road,1,14,562678.239,5611187.482,draft
point_alpha_corridor,62,road,1,15,562724.268,5611532.679,draft
point_alpha_corridor,62,road,1,16,562723.679,5611561.689,draft
point_alpha_corridor,62,road,1,17,562716.925,5611598.58,draft
point_alpha_corridor,62,road,1,18,562681.683,5611756.985,draft
point_alpha_corridor,63,road,1,0,565538.054,5615159.6,draft
point_alpha_corridor,63,road,1,1,565544.102,5615102.429,draft
point_alpha_corridor,63,road,1,2,565547.08,5615060.123,draft
point_alpha_corridor,63,road,1,3,565548.714,5614979.661,draft
point_alpha_corridor,63,road,1,4,565516.707,5614621.718,draft
point_alpha_corridor,64,road,1,0,564423.881,5615839.211,draft
point_alpha_corridor,64,road,1,1,564671.928,5615672.668,draft
point_alpha_corridor,64,road,1,2,564694.005,5615660.025,draft
point_alpha_corridor,64,road,1,3,564720.151,5615645.051,draft
point_alpha_corridor,64,road,1,4,564768.051,5615633.314,draft
point_alpha_corridor,64,road,1,5,564809.728,5615615.096,draft
point_alpha_corridor,64,road,1,6,564858.596,5615555.717,draft
point_alpha_corridor,64,road,1,7,564891.533,5615501.214,draft
point_alpha_corridor,64,road,1,8,564907.916,5615474.105,draft
point_alpha_corridor,64,road,1,9,564944.015,5615417.645,draft
point_alpha_corridor,64,road,1,10,564989.061,5615389.963,draft
point_alpha_corridor,64,road,1,11,565036.777,5615384.44,draft
point_alpha_corridor,64,road,1,12,565059.13,5615381.854,draft
point_alpha_corridor,64,road,1,13,565110.271,5615367.005,draft
point_alpha_corridor,64,road,1,14,565168.216,5615330.053,draft
point_alpha_corridor,64,road,1,15,565214.037,5615264.257,draft
point_alpha_corridor,64,road,1,16,565282.284,5615189.385,draft
point_alpha_corridor,64,road,1,17,565330.636,5615155.415,draft
point_alpha_corridor,64,road,1,18,565379.522,5615118.316,draft
point_alpha_corridor,64,road,1,19,565417.014,5615101.965,draft
point_alpha_corridor,64,road,1,20,565463.554,5615105.029,draft
point_alpha_corridor,64,road,1,21,565492.768,5615126.806,draft
point_alpha_corridor,64,road,1,22,565538.054,5615159.6,draft
point_alpha_corridor,65,road,1,0,564403.654,5612217.284,draft
point_alpha_corridor,65,road,1,1,564907.594,5611894.265,draft
point_alpha_corridor,65,road,1,2,565129.308,5611719.63,draft
point_alpha_corridor,65,road,1,3,565204.532,5611662.113,draft
point_alpha_corridor,65,road,1,4,565346.439,5611535.925,draft
point_alpha_corridor,65,road,1,5,565386.947,5611497.029,draft
point_alpha_corridor,65,road,1,6,565430.478,5611439.66,draft
point_alpha_corridor,65,road,1,7,565468.554,5611390.124,draft
point_alpha_corridor,65,road,1,8,565514.409,5611348.69,draft
point_alpha_corridor,65,road,1,9,565567.882,5611323.297,draft
point_alpha_corridor,65,road,1,10,565618.547,5611305.791,draft
point_alpha_corridor,65,road,1,11,565663.918,5611288.177,draft
point_alpha_corridor,65,road,1,12,565698.42,5611265.721,draft
point_alpha_corridor,66,road,1,0,561236.694,5611111.165,draft
point_alpha_corridor,66,road,1,1,561432.08,5611247.234,draft
point_alpha_corridor,66,road,1,2,561466.767,5611263.951,draft
point_alpha_corridor,66,road,1,3,561510.478,5611279.85,draft
point_alpha_corridor,66,road,1,4,561820.574,5611385.224,draft
point_alpha_corridor,66,road,1,5,561850.402,5611394.837,draft
point_alpha_corridor,66,road,1,6,561911.199,5611407.081,draft
point_alpha_corridor,66,road,1,7,562017.074,5611417.237,draft
point_alpha_corridor,66,road,1,8,562087.936,5611426.683,draft
point_alpha_corridor,66,road,1,9,562140.731,5611438.763,draft
point_alpha_corridor,66,road,1,10,562300.608,5611500.055,draft
point_alpha_corridor,66,road,1,11,562363.041,5611530.345,draft
point_alpha_corridor,66,road,1,12,562426.291,5611569.659,draft
point_alpha_corridor,66,road,1,13,562522.123,5611650.639,draft
point_alpha_corridor,67,road,1,0,562681.683,5611756.985,draft
point_alpha_corridor,67,road,1,1,562522.123,5611650.639,draft
point_alpha_corridor,68,road,1,0,569934.907,5616899.152,draft
point_alpha_corridor,68,road,1,1,570016.385,5616681.636,draft
point_alpha_corridor,69,road,1,0,564403.654,5612217.284,draft
point_alpha_corridor,69,road,1,1,564223.819,5612251.661,draft
point_alpha_corridor,69,road,1,2,564197.769,5612253.133,draft
point_alpha_corridor,69,road,1,3,564160.797,5612250.381,draft
point_alpha_corridor,69,road,1,4,564125.947,5612241.667,draft
point_alpha_corridor,69,road,1,5,563812.34,5612161.241,draft
point_alpha_corridor,69,road,1,6,563770.589,5612147.383,draft
point_alpha_corridor,69,road,1,7,563751.806,5612135.993,draft
point_alpha_corridor,69,road,1,8,563694.761,5612086.798,draft
point_alpha_corridor,69,road,1,9,563666.218,5612063.2,draft
point_alpha_corridor,69,road,1,10,563642.657,5612040.705,draft
point_alpha_corridor,69,road,1,11,563613.951,5612025.111,draft
point_alpha_corridor,69,road,1,12,563463.198,5611958.0,draft
point_alpha_corridor,69,road,1,13,563409.505,5611940.897,draft
point_alpha_corridor,69,road,1,14,563364.651,5611931.98,draft
point_alpha_corridor,69,road,1,15,563292.667,5611928.516,draft
point_alpha_corridor,69,road,1,16,563226.603,5611929.176,draft
point_alpha_corridor,69,road,1,17,563134.347,5611938.31,draft
point_alpha_corridor,69,road,1,18,563075.123,5611947.115,draft
point_alpha_corridor,69,road,1,19,563030.047,5611949.202,draft
point_alpha_corridor,69,road,1,20,562985.194,5611940.285,draft
point_alpha_corridor,69,road,1,21,562948.506,5611923.527,draft
point_alpha_corridor,69,road,1,22,562681.683,5611756.985,draft
point_alpha_corridor,70,road,1,0,562187.29,5610723.165,draft
point_alpha_corridor,70,road,1,1,562362.122,5610688.687,draft
point_alpha_corridor,70,road,1,2,562405.523,5610670.554,draft
point_alpha_corridor,70,road,1,3,562455.906,5610653.564,draft
point_alpha_corridor,70,road,1,4,562517.679,5610617.791,draft
point_alpha_corridor,70,road,1,5,562552.28,5610589.471,draft
point_alpha_corridor,70,road,1,6,562701.582,5610432.382,draft
point_alpha_corridor,71,road,1,0,564032.213,5616067.697,draft
point_alpha_corridor,71,road,1,1,563701.893,5616070.993,draft
point_alpha_corridor,71,road,1,2,563669.881,5616070.343,draft
point_alpha_corridor,71,road,1,3,563645.015,5616062.832,draft
point_alpha_corridor,71,road,1,4,563616.248,5616050.238,draft
point_alpha_corridor,71,road,1,5,563362.312,5615902.824,draft
point_alpha_corridor,71,road,1,6,563266.106,5615846.974,draft
point_alpha_corridor,71,road,1,7,563225.732,5615824.493,draft
point_alpha_corridor,71,road,1,8,563077.876,5615742.162,draft
point_alpha_corridor,71,road,1,9,562682.258,5615521.871,draft
point_alpha_corridor,71,road,1,10,562635.73,5615496.907,draft
point_alpha_corridor,71,road,1,11,562604.922,5615486.274,draft
point_alpha_corridor,71,road,1,12,562514.215,5615468.419,draft
point_alpha_corridor,71,road,1,13,562474.363,5615459.603,draft
point_alpha_corridor,71,road,1,14,562427.672,5615442.642,draft
point_alpha_corridor,71,road,1,15,562384.982,5615425.762,draft
point_alpha_corridor,71,road,1,16,562317.71,5615387.367,draft
point_alpha_corridor,71,road,1,17,562251.54,5615343.99,draft
point_alpha_corridor,71,road,1,18,562219.895,5615325.334,draft
point_alpha_corridor,71,road,1,19,562154.745,5615280.977,draft
point_alpha_corridor,71,road,1,20,562115.199,5615257.156,draft
point_alpha_corridor,71,road,1,21,561933.375,5615199.285,draft
point_alpha_corridor,71,road,1,22,561871.123,5615178.737,draft
point_alpha_corridor,71,road,1,23,561816.002,5615163.155,draft
point_alpha_corridor,71,road,1,24,561767.863,5615159.767,draft
point_alpha_corridor,71,road,1,25,561700.303,5615163.215,draft
point_alpha_corridor,71,road,1,26,561644.936,5615159.68,draft
point_alpha_corridor,71,road,1,27,561587.307,5615148.867,draft
point_alpha_corridor,71,road,1,28,561481.034,5615119.616,draft
point_alpha_corridor,71,road,1,29,561294.98,5615063.385,draft
point_alpha_corridor,71,road,1,30,561249.594,5615043.18,draft
point_alpha_corridor,71,road,1,31,561209.075,5615020.664,draft
point_alpha_corridor,71,road,1,32,561166.49,5614981.233,draft
point_alpha_corridor,71,road,1,33,561121.446,5614944.162,draft
point_alpha_corridor,71,road,1,34,561071.29,5614921.45,draft
point_alpha_corridor,71,road,1,35,561013.71,5614908.228,draft
point_alpha_corridor,71,road,1,36,560907.894,5614896.436,draft
point_alpha_corridor,71,road,1,37,560862.312,5614885.869,draft
point_alpha_corridor,71,road,1,38,560819.286,5614868.122,draft
point_alpha_corridor,71,road,1,39,560735.84,5614823.04,draft
point_alpha_corridor,71,road,1,40,560690.404,5614805.244,draft
point_alpha_corridor,71,road,1,41,560647.183,5614797.135,draft
point_alpha_corridor,71,road,1,42,560541.269,5614790.162,draft
point_alpha_corridor,71,road,1,43,560490.77,5614784.315,draft
point_alpha_corridor,71,road,1,44,560437.96,5614773.601,draft
point_alpha_corridor,71,road,1,45,560363.759,5614747.989,draft
point_alpha_corridor,72,road,1,0,564244.547,5616207.115,draft
point_alpha_corridor,72,road,1,1,564122.051,5616177.605,draft
point_alpha_corridor,72,road,1,2,564100.328,5616163.153,draft
point_alpha_corridor,72,road,1,3,564084.546,5616151.824,draft
point_alpha_corridor,72,road,1,4,564072.989,5616129.572,draft
point_alpha_corridor,72,road,1,5,564032.213,5616067.697,draft
point_alpha_corridor,73,road,1,0,564992.606,5616626.624,draft
point_alpha_corridor,73,road,1,1,564865.55,5616446.541,draft
point_alpha_corridor,73,road,1,2,564790.46,5616362.931,draft
point_alpha_corridor,73,road,1,3,564747.461,5616328.959,draft
point_alpha_corridor,73,road,1,4,564688.419,5616302.605,draft
point_alpha_corridor,73,road,1,5,564629.511,5616269.634,draft
point_alpha_corridor,73,road,1,6,564587.808,5616237.012,draft
point_alpha_corridor,73,road,1,7,564551.076,5616220.378,draft
point_alpha_corridor,73,road,1,8,564506.242,5616211.524,draft
point_alpha_corridor,73,road,1,9,564244.547,5616207.115,draft
point_alpha_corridor,74,road,2,0,567638.608,5616530.26,draft
point_alpha_corridor,74,road,2,1,567678.264,5616400.965,draft
point_alpha_corridor,74,road,2,2,567691.919,5616369.217,draft
point_alpha_corridor,74,road,2,3,567713.719,5616330.63,draft
point_alpha_corridor,74,road,2,4,567885.732,5616040.897,draft
point_alpha_corridor,74,road,2,5,567899.387,5616009.149,draft
point_alpha_corridor,74,road,2,6,567916.145,5615972.461,draft
point_alpha_corridor,74,road,2,7,567929.962,5615932.71,draft
point_alpha_corridor,74,road,2,8,567959.781,5615844.247,draft
point_alpha_corridor,75,road,1,0,568710.495,5612159.049,draft
point_alpha_corridor,75,road,1,1,568380.559,5612156.711,draft
point_alpha_corridor,76,road,1,0,568380.559,5612156.711,draft
point_alpha_corridor,76,road,1,1,568422.051,5612398.965,draft
point_alpha_corridor,76,road,1,2,568429.729,5612415.133,draft
point_alpha_corridor,76,road,1,3,568450.533,5612425.563,draft
point_alpha_corridor,76,road,1,4,568543.079,5612451.461,draft
point_alpha_corridor,76,road,1,5,568564.086,5612451.888,draft
point_alpha_corridor,76,road,1,6,568588.258,5612444.372,draft
point_alpha_corridor,76,road,1,7,568603.588,5612428.671,draft
point_alpha_corridor,76,road,1,8,568623.184,5612400.047,draft
point_alpha_corridor,76,road,1,9,568710.495,5612159.049,draft
point_alpha_corridor,77,road,1,0,569974.17,5617128.316,draft
point_alpha_corridor,77,road,1,1,569934.205,5617032.241,draft
point_alpha_corridor,77,road,1,2,569926.853,5617000.067,draft
point_alpha_corridor,77,road,1,3,569925.238,5616981.02,draft
point_alpha_corridor,77,road,1,4,569934.907,5616899.152,draft
point_alpha_corridor,78,road,1,0,564032.213,5616067.697,draft
point_alpha_corridor,78,road,1,1,564168.531,5616059.574,draft
point_alpha_corridor,78,road,1,2,564231.092,5616040.123,draft
point_alpha_corridor,78,road,1,3,564245.128,5616035.759,draft
point_alpha_corridor,78,road,1,4,564239.679,5615991.164,draft
point_alpha_corridor,78,road,1,5,564242.671,5615974.038,draft
point_alpha_corridor,78,road,1,6,564246.87,5615950.003,draft
point_alpha_corridor,78,road,1,7,564279.342,5615915.711,draft
point_alpha_corridor,78,road,1,8,564311.555,5615894.123,draft
point_alpha_corridor,78,road,1,9,564362.889,5615869.747,draft
point_alpha_corridor,78,road,1,10,564423.881,5615839.211,draft
point_alpha_corridor,79,road,1,0,570367.009,5612482.946,draft
point_alpha_corridor,79,road,1,1,570115.372,5612289.171,draft
point_alpha_corridor,79,road,1,2,570065.433,5612270.946,draft
point_alpha_corridor,79,road,1,3,570012.372,5612257.675,draft
point_alpha_corridor,79,road,1,4,569949.171,5612240.505,draft
point_alpha_corridor,79,road,1,5,569876.463,5612215.395,draft
point_alpha_corridor,79,road,1,6,569798.067,5612186.249,draft
point_alpha_corridor,79,road,1,7,569718.985,5612168.756,draft
point_alpha_corridor,79,road,1,8,569649.045,5612170.514,draft
point_alpha_corridor,79,road,1,9,569578.848,5612184.976,draft
point_alpha_corridor,79,road,1,10,569149.487,5612204.855,draft
point_alpha_corridor,79,road,1,11,569085.835,5612209.918,draft
point_alpha_corridor,79,road,1,12,569015.895,5612211.675,draft
point_alpha_corridor,79,road,1,13,568945.827,5612219.785,draft
point_alpha_corridor,79,road,1,14,568898.184,5612218.818,draft
point_alpha_corridor,79,road,1,15,568861.554,5612207.831,draft
point_alpha_corridor,79,road,1,16,568794.403,5612165.871,draft
point_alpha_corridor,79,road,1,17,568761.89,5612160.794,draft
point_alpha_corridor,79,road,1,18,568710.495,5612159.049,draft
point_alpha_corridor,80,road,1,0,568287.591,5614782.077,draft
point_alpha_corridor,80,road,1,1,568262.917,5614666.487,draft
point_alpha_corridor,80,road,1,2,568253.462,5614639.274,draft
point_alpha_corridor,80,road,1,3,568234.659,5614628.884,draft
point_alpha_corridor,80,road,1,4,568205.709,5614625.294,draft
point_alpha_corridor,80,road,1,5,568165.695,5614624.482,draft
point_alpha_corridor,80,road,1,6,568110.675,5614623.364,draft
point_alpha_corridor,80,road,1,7,568057.998,5614600.454,draft
point_alpha_corridor,80,road,1,8,567995.173,5614564.756,draft
point_alpha_corridor,80,road,1,9,567864.984,5614456.197,draft
point_alpha_corridor,80,road,1,10,567828.681,5614418.389,draft
point_alpha_corridor,80,road,1,11,567795.241,5614370.048,draft
point_alpha_corridor,80,road,1,12,567743.81,5614294.863,draft
point_alpha_corridor,81,road,2,0,570367.009,5612482.946,draft
point_alpha_corridor,81,road,2,1,570329.939,5612527.99,draft
point_alpha_corridor,81,road,2,2,570274.927,5612625.699,draft
point_alpha_corridor,81,road,2,3,570244.938,5612678.119,draft
point_alpha_corridor,81,road,2,4,570200.493,5612730.245,draft
point_alpha_corridor,81,road,2,5,570038.293,5612883.627,draft
point_alpha_corridor,81,road,2,6,569984.259,5612933.148,draft
point_alpha_corridor,81,road,2,7,569942.174,5612987.733,draft
point_alpha_corridor,81,road,2,8,569899.992,5613047.136,draft
point_alpha_corridor,81,road,2,9,569855.595,5613096.853,draft
point_alpha_corridor,81,road,2,10,569720.632,5613214.632,draft
point_alpha_corridor,81,road,2,11,569666.452,5613271.381,draft
point_alpha_corridor,81,road,2,12,569614.582,5613332.998,draft
point_alpha_corridor,81,road,2,13,569375.754,5613654.467,draft
point_alpha_corridor,81,road,2,14,569329.87,5613703.237,draft
point_alpha_corridor,81,road,2,15,569278.441,5613743.169,draft
point_alpha_corridor,81,road,2,16,569229.568,5613775.922,draft
point_alpha_corridor,81,road,2,17,569041.403,5613902.262,draft
point_alpha_corridor,81,road,2,18,568999.612,5613942.39,draft
point_alpha_corridor,81,road,2,19,568972.081,5613992.449,draft
point_alpha_corridor,81,road,2,20,568937.366,5614078.718,draft
point_alpha_corridor,81,road,2,21,568920.711,5614110.405,draft
point_alpha_corridor,81,road,2,22,568895.889,5614149.932,draft
point_alpha_corridor,81,road,2,23,568832.937,5614243.727,draft
point_alpha_corridor,81,road,2,24,568691.276,5614468.026,draft
point_alpha_corridor,81,road,2,25,568681.988,5614481.848,draft
point_alpha_corridor,81,road,2,26,568590.011,5614625.093,draft
point_alpha_corridor,81,road,2,27,568565.413,5614653.616,draft
point_alpha_corridor,81,road,2,28,568529.811,5614681.915,draft
point_alpha_corridor,81,road,2,29,568490.309,5614705.131,draft
point_alpha_corridor,81,road,2,30,568376.191,5614755.855,draft
point_alpha_corridor,81,road,2,31,568287.591,5614782.077,draft
point_alpha_corridor,82,road,2,0,568287.591,5614782.077,draft
point_alpha_corridor,82,road,2,1,568283.107,5614855.043,draft
point_alpha_corridor,82,road,2,2,568279.09,5614905.0,draft
point_alpha_corridor,83,road,1,0,565698.42,5611265.721,draft
point_alpha_corridor,83,road,1,1,565713.782,5611240.46,draft
point_alpha_corridor,83,road,1,2,565723.538,5611206.837,draft
point_alpha_corridor,83,road,1,3,565735.916,5611125.421,draft
point_alpha_corridor,83,road,1,4,565735.845,5611088.298,draft
point_alpha_corridor,83,road,1,5,565725.811,5611054.272,draft
point_alpha_corridor,83,road,1,6,565703.393,5611020.82,draft
point_alpha_corridor,83,road,1,7,565678.534,5610985.669,draft
point_alpha_corridor,83,road,1,8,565674.035,5610965.107,draft
point_alpha_corridor,83,road,1,9,565685.689,5610933.319,draft
point_alpha_corridor,83,road,1,10,565702.344,5610901.633,draft
point_alpha_corridor,83,road,1,11,565758.232,5610810.698,draft
point_alpha_corridor,83,road,1,12,565775.787,5610784.033,draft
point_alpha_corridor,83,road,1,13,565784.054,5610771.191,draft
point_alpha_corridor,83,road,1,14,565798.627,5610743.466,draft
point_alpha_corridor,83,road,1,15,565850.609,5610670.385,draft
point_alpha_corridor,84,road,1,0,565595.978,5617240.847,draft
point_alpha_corridor,84,road,1,1,565548.946,5617234.73,draft
point_alpha_corridor,84,road,1,2,565475.636,5617245.95,draft
point_alpha_corridor,84,road,1,3,565424.495,5617260.798,draft
point_alpha_corridor,84,road,1,4,565394.573,5617269.034,draft
point_alpha_corridor,84,road,1,5,565361.94,5617264.614,draft
point_alpha_corridor,84,road,1,6,565357.018,5617240.733,draft
point_alpha_corridor,84,road,1,7,565375.936,5617143.676,draft
point_alpha_corridor,84,road,1,8,565388.373,5617052.841,draft
point_alpha_corridor,84,road,1,9,565386.987,5617016.802,draft
point_alpha_corridor,84,road,1,10,565374.885,5616986.9,draft
point_alpha_corridor,84,road,1,11,565271.887,5616820.443,draft
point_alpha_corridor,84,road,1,12,565247.386,5616794.926,draft
point_alpha_corridor,84,road,1,13,565220.293,5616776.165,draft
point_alpha_corridor,84,road,1,14,565106.812,5616731.493,draft
point_alpha_corridor,84,road,1,15,565069.301,5616701.075,draft
point_alpha_corridor,84,road,1,16,564992.606,5616626.624,draft
point_alpha_corridor,85,road,1,0,567250.332,5616381.264,draft
point_alpha_corridor,85,road,1,1,567638.608,5616530.26,draft
point_alpha_corridor,86,road,2,0,568279.09,5614905.0,draft
point_alpha_corridor,86,road,2,1,568268.07,5614954.815,draft
point_alpha_corridor,86,road,2,2,568259.681,5614973.659,draft
point_alpha_corridor,86,road,2,3,568243.229,5614995.342,draft
point_alpha_corridor,86,road,2,4,568225.877,5615012.003,draft
point_alpha_corridor,86,road,2,5,568189.112,5615048.285,draft
point_alpha_corridor,86,road,2,6,568167.556,5615074.868,draft
point_alpha_corridor,86,road,2,7,568150.961,5615103.553,draft
point_alpha_corridor,86,road,2,8,568129.039,5615148.143,draft
point_alpha_corridor,86,road,2,9,567993.865,5615541.8,draft
point_alpha_corridor,86,road,2,10,567979.502,5615597.114,draft
point_alpha_corridor,86,road,2,11,567978.588,5615642.11,draft
point_alpha_corridor,86,road,2,12,567970.714,5615769.048,draft
point_alpha_corridor,86,road,2,13,567964.668,5615805.996,draft
point_alpha_corridor,86,road,2,14,567959.781,5615844.247,draft
point_alpha_corridor,87,road,1,0,567250.332,5616381.264,draft
point_alpha_corridor,87,road,1,1,567356.69,5616308.053,draft
point_alpha_corridor,87,road,1,2,567376.024,5616268.728,draft
point_alpha_corridor,87,road,1,3,567400.813,5616221.569,draft
point_alpha_corridor,87,road,1,4,567444.155,5616151.02,draft
point_alpha_corridor,87,road,1,5,567475.126,5616082.741,draft
point_alpha_corridor,87,road,1,6,567504.671,5616062.157,draft
point_alpha_corridor,87,road,1,7,567555.229,5616049.945,draft
point_alpha_corridor,87,road,1,8,567613.62,5616043.187,draft
point_alpha_corridor,87,road,1,9,567658.884,5616030.867,draft
point_alpha_corridor,87,road,1,10,567735.633,5615990.811,draft
point_alpha_corridor,87,road,1,11,567959.781,5615844.247,draft
point_alpha_corridor,88,road,1,0,565595.978,5617240.847,draft
point_alpha_corridor,88,road,1,1,565581.08,5617060.622,draft
point_alpha_corridor,88,road,1,2,565585.289,5617009.868,draft
point_alpha_corridor,88,road,1,3,565614.907,5616959.63,draft
point_alpha_corridor,88,road,1,4,565637.85,5616925.145,draft
point_alpha_corridor,88,road,1,5,565655.623,5616897.293,draft
point_alpha_corridor,88,road,1,6,565661.154,5616871.385,draft
point_alpha_corridor,88,road,1,7,565661.479,5616855.379,draft
point_alpha_corridor,88,road,1,8,565653.903,5616834.209,draft
point_alpha_corridor,88,road,1,9,565576.442,5616663.345,draft
point_alpha_corridor,88,road,1,10,565549.276,5616592.889,draft
point_alpha_corridor,88,road,1,11,565543.891,5616545.118,draft
point_alpha_corridor,88,road,1,12,565551.212,5616497.605,draft
point_alpha_corridor,88,road,1,13,565565.589,5616466.948,draft
point_alpha_corridor,88,road,1,14,565577.782,5616440.95,draft
point_alpha_corridor,88,road,1,15,565601.112,5616387.407,draft
point_alpha_corridor,88,road,1,16,565611.867,5616327.254,draft
point_alpha_corridor,88,road,1,17,565616.204,5616270.148,draft
point_alpha_corridor,88,road,1,18,565630.006,5616216.412,draft
point_alpha_corridor,88,road,1,19,565653.271,5616166.045,draft
point_alpha_corridor,88,road,1,20,565663.961,5616109.068,draft
point_alpha_corridor,88,road,1,21,565665.122,5616051.897,draft
point_alpha_corridor,88,road,1,22,565650.661,5615981.699,draft
point_alpha_corridor,88,road,1,23,565645.599,5615918.047,draft
point_alpha_corridor,88,road,1,24,565640.924,5615835.338,draft
point_alpha_corridor,88,road,1,25,565627.585,5615762.861,draft
point_alpha_corridor,88,road,1,26,565626.894,5615749.824,draft
point_alpha_corridor,88,road,1,27,565618.085,5615641.561,draft
point_alpha_corridor,88,road,1,28,565602.106,5615492.122,draft
point_alpha_corridor,88,road,1,29,565586.99,5615398.743,draft
point_alpha_corridor,88,road,1,30,565549.617,5615267.884,draft
point_alpha_corridor,88,road,1,31,565538.054,5615159.6,draft
point_alpha_corridor,89,road,1,0,566345.484,5612106.431,draft
point_alpha_corridor,89,road,1,1,566352.081,5612172.762,draft
point_alpha_corridor,89,road,1,2,566374.827,5612226.181,draft
point_alpha_corridor,89,road,1,3,566417.987,5612283.166,draft
point_alpha_corridor,89,road,1,4,566744.448,5612670.586,draft
point_alpha_corridor,89,road,1,5,566830.071,5612757.057,draft
point_alpha_corridor,89,road,1,6,566985.231,5612976.255,draft
point_alpha_corridor,89,road,1,7,567113.435,5613130.233,draft
point_alpha_corridor,89,road,1,8,567162.971,5613168.309,draft
point_alpha_corridor,89,road,1,9,567204.675,5613200.93,draft
point_alpha_corridor,89,road,1,10,567233.091,5613235.93,draft
point_alpha_corridor,89,road,1,11,567256.321,5613265.528,draft
point_alpha_corridor,89,road,1,12,567292.677,5613300.689,draft
point_alpha_corridor,89,road,1,13,567318.446,5613335.635,draft
point_alpha_corridor,89,road,1,14,567328.173,5613378.198,draft
point_alpha_corridor,89,road,1,15,567335.254,5613420.708,draft
point_alpha_corridor,89,road,1,16,567336.987,5613465.757,draft
point_alpha_corridor,89,road,1,17,567349.468,5613503.081,draft
point_alpha_corridor,89,road,1,18,567383.124,5613540.835,draft
point_alpha_corridor,89,road,1,19,567427.421,5613576.157,draft
point_alpha_corridor,89,road,1,20,567466.692,5613598.138,draft
point_alpha_corridor,89,road,1,21,567510.935,5613636.106,draft
point_alpha_corridor,89,road,1,22,567534.219,5613663.058,draft
point_alpha_corridor,89,road,1,23,567541.138,5613713.508,draft
point_alpha_corridor,89,road,1,24,567532.123,5613766.283,draft
point_alpha_corridor,89,road,1,25,567498.157,5613874.156,draft
point_alpha_corridor,89,road,1,26,567494.597,5613919.098,draft
point_alpha_corridor,89,road,1,27,567498.815,5613972.141,draft
point_alpha_corridor,89,road,1,28,567521.077,5614049.382,draft
point_alpha_corridor,89,road,1,29,567543.985,5614094.861,draft
point_alpha_corridor,89,road,1,30,567572.239,5614137.801,draft
point_alpha_corridor,89,road,1,31,567743.81,5614294.863,draft
point_alpha_corridor,90,road,1,0,565516.707,5614621.718,draft
point_alpha_corridor,90,road,1,1,565512.748,5614422.485,draft
point_alpha_corridor,90,road,1,2,565510.083,5614307.342,draft
point_alpha_corridor,90,road,1,3,565516.363,5613960.192,draft
point_alpha_corridor,90,road,1,4,565512.144,5613907.149,draft
point_alpha_corridor,90,road,1,5,565505.064,5613864.639,draft
point_alpha_corridor,90,road,1,6,565492.69,5613822.022,draft
point_alpha_corridor,90,road,1,7,565472.108,5613792.478,draft
point_alpha_corridor,90,road,1,8,565435.59,5613765.257,draft
point_alpha_corridor,90,road,1,9,565399.073,5613738.037,draft
point_alpha_corridor,90,road,1,10,565370.603,5613705.684,draft
point_alpha_corridor,90,road,1,11,564737.12,5612776.162,draft
point_alpha_corridor,90,road,1,12,564700.232,5612715.042,draft
point_alpha_corridor,90,road,1,13,564685.174,5612685.147,draft
point_alpha_corridor,90,road,1,14,564651.685,5612617.567,draft
point_alpha_corridor,90,road,1,15,564623.702,5612571.202,draft
point_alpha_corridor,90,road,1,16,564585.984,5612529.46,draft
point_alpha_corridor,90,road,1,17,564536.317,5612482.654,draft
point_alpha_corridor,90,road,1,18,564498.844,5612428.865,draft
point_alpha_corridor,90,road,1,19,564466.434,5612363.127,draft
point_alpha_corridor,90,road,1,20,564403.654,5612217.284,draft
point_alpha_corridor,91,road,1,0,567096.23,5612118.384,draft
point_alpha_corridor,91,road,1,1,566760.534,5612115.034,draft
point_alpha_corridor,91,road,1,2,566705.514,5612113.917,draft
point_alpha_corridor,91,road,1,3,566670.664,5612105.203,draft
point_alpha_corridor,91,road,1,4,566594.125,5612079.63,draft
point_alpha_corridor,91,road,1,5,566568.278,5612071.099,draft
point_alpha_corridor,91,road,1,6,566539.308,5612068.509,draft
point_alpha_corridor,91,road,1,7,566462.211,5612095.562,draft
point_alpha_corridor,91,road,1,8,566345.484,5612106.431,draft
point_alpha_corridor,92,road,1,0,565850.609,5610670.385,draft
point_alpha_corridor,92,road,1,1,565876.823,5610391.784,draft
point_alpha_corridor,92,road,1,2,565885.516,5610357.934,draft
point_alpha_corridor,92,road,1,3,565886.166,5610325.923,draft
point_alpha_corridor,92,road,1,4,565883.754,5610296.852,draft
point_alpha_corridor,92,road,1,5,565874.096,5610261.798,draft
point_alpha_corridor,92,road,1,6,565860.422,5610212.161,draft
point_alpha_corridor,92,road,1,7,565839.947,5610137.842,draft
point_alpha_corridor,92,road,1,8,565826.653,5610102.545,draft
point_alpha_corridor,92,road,1,9,565809.195,5610075.17,draft
point_alpha_corridor,92,road,1,10,565749.839,5609991.902,draft
point_alpha_corridor,92,road,1,11,565733.361,5609965.548,draft
point_alpha_corridor,92,road,1,12,565716.904,5609938.193,draft
point_alpha_corridor,92,road,1,13,565637.385,5609786.766,draft
point_alpha_corridor,92,road,1,14,565589.018,5609665.041,draft
point_alpha_corridor,92,road,1,15,565579.806,5609597.069,draft
point_alpha_corridor,92,road,1,16,565585.116,5609544.22,draft
point_alpha_corridor,92,road,1,17,565603.044,5609495.863,draft
point_alpha_corridor,92,road,1,18,565599.411,5609466.134,draft
point_alpha_corridor,92,road,1,19,565572.1,5609454.988,draft
point_alpha_corridor,92,road,1,20,565546.648,5609456.589,draft
point_alpha_corridor,92,road,1,21,565525.13,5609473.099,draft
point_alpha_corridor,92,road,1,22,565487.259,5609477.334,draft
point_alpha_corridor,92,road,1,23,565466.1,5609459.19,draft
point_alpha_corridor,92,road,1,24,565458.233,5609429.374,draft
point_alpha_corridor,92,road,1,25,565456.889,5609391.218,draft
point_alpha_corridor,92,road,1,26,565441.81,5609368.379,draft
point_alpha_corridor,93,road,1,0,565850.609,5610670.385,draft
point_alpha_corridor,93,road,1,1,566098.277,5610731.02,draft
point_alpha_corridor,93,road,1,2,566143.272,5610731.933,draft
point_alpha_corridor,93,road,1,3,566198.961,5610727.768,draft
point_alpha_corridor,93,road,1,4,566241.632,5610712.748,draft
point_alpha_corridor,93,road,1,5,566274.038,5610681.631,draft
point_alpha_corridor,93,road,1,6,566583.308,5610446.955,draft
point_alpha_corridor,93,road,1,7,566618.414,5610413.246,draft
point_alpha_corridor,93,road,1,8,566653.521,5610379.536,draft
point_alpha_corridor,93,road,1,9,566717.796,5610343.771,draft
point_alpha_corridor,93,road,1,10,566776.562,5610318.486,draft
point_alpha_corridor,93,road,1,11,566837.975,5610293.254,draft
point_alpha_corridor,93,road,1,12,566883.562,5610265.053,draft
point_alpha_corridor,93,road,1,13,566916.022,5610231.29,draft
point_alpha_corridor,93,road,1,14,566951.505,5610179.053,draft
point_alpha_corridor,93,road,1,15,566995.303,5610065.227,draft
point_alpha_corridor,93,road,1,16,567008.957,5610033.479,draft
point_alpha_corridor,93,road,1,17,567031.554,5610004.916,draft
point_alpha_corridor,93,road,1,18,567128.842,5609895.806,draft
point_alpha_corridor,93,road,1,19,567155.562,5609861.322,draft
point_alpha_corridor,93,road,1,20,567175.32,5609824.695,draft
point_alpha_corridor,93,road,1,21,567199.466,5609769.142,draft
point_alpha_corridor,94,road,1,0,565698.42,5611265.721,draft
point_alpha_corridor,94,road,1,1,565740.582,5611342.47,draft
point_alpha_corridor,94,road,1,2,565765.407,5611379.27,draft
point_alpha_corridor,94,road,1,3,565796.377,5611415.316,draft
point_alpha_corridor,94,road,1,4,566018.666,5611552.224,draft
point_alpha_corridor,94,road,1,5,566055.022,5611587.384,draft
point_alpha_corridor,94,road,1,6,566083.384,5611625.03,draft
point_alpha_corridor,94,road,1,7,566152.912,5611721.765,draft
point_alpha_corridor,94,road,1,8,566175.765,5611769.891,draft
point_alpha_corridor,94,road,1,9,566208.4,5611857.933,draft
point_alpha_corridor,94,road,1,10,566236.493,5611908.813,draft
point_alpha_corridor,94,road,1,11,566345.484,5612106.431,draft
point_alpha_corridor,95,road,2,0,567396.633,5617505.105,draft
point_alpha_corridor,95,road,2,1,567394.77,5617449.024,draft
point_alpha_corridor,95,road,2,2,567395.522,5617412.01,draft
point_alpha_corridor,95,road,2,3,567399.011,5617388.062,draft
point_alpha_corridor,95,road,2,4,567447.198,5617232.92,draft
point_alpha_corridor,95,road,2,5,567469.384,5617175.326,draft
point_alpha_corridor,95,road,2,6,567480.14,5617138.515,draft
point_alpha_corridor,95,road,2,7,567489.057,5617093.662,draft
point_alpha_corridor,95,road,2,8,567535.473,5616779.36,draft
point_alpha_corridor,95,road,2,9,567544.268,5616740.508,draft
point_alpha_corridor,95,road,2,10,567552.819,5616713.661,draft
point_alpha_corridor,95,road,2,11,567566.637,5616673.911,draft
point_alpha_corridor,95,road,2,12,567638.608,5616530.26,draft
point_alpha_corridor,96,road,1,0,565516.707,5614621.718,draft
point_alpha_corridor,96,road,1,1,565823.677,5614576.257,draft
point_alpha_corridor,96,road,1,2,565871.319,5614577.225,draft
point_alpha_corridor,96,road,1,3,565932.195,5614578.462,draft
point_alpha_corridor,96,road,1,4,566024.795,5614588.972,draft
point_alpha_corridor,96,road,1,5,566067.229,5614585.598,draft
point_alpha_corridor,96,road,1,6,566113.985,5614578.074,draft
point_alpha_corridor,96,road,1,7,566177.65,5614551.079,draft
point_alpha_corridor,96,road,1,8,566252.65,5614530.051,draft
point_alpha_corridor,96,road,1,9,566291.022,5614518.121,draft
point_alpha_corridor,96,road,1,10,566339.766,5614516.993,draft
point_alpha_corridor,96,road,1,11,566379.782,5614528.397,draft
point_alpha_corridor,96,road,1,12,566427.967,5614554.795,draft
point_alpha_corridor,96,road,1,13,566494.821,5614600.638,draft
point_alpha_corridor,96,road,1,14,566536.783,5614620.554,draft
point_alpha_corridor,96,road,1,15,566562.063,5614627.423,draft
point_alpha_corridor,96,road,1,16,566601.295,5614618.531,draft
point_alpha_corridor,96,road,1,17,566623.168,5614584.553,draft
point_alpha_corridor,96,road,1,18,566647.527,5614558.569,draft
point_alpha_corridor,96,road,1,19,566676.964,5614543.279,draft
point_alpha_corridor,96,road,1,20,566733.479,5614531.344,draft
point_alpha_corridor,97,road,1,0,568380.559,5612156.711,draft
point_alpha_corridor,97,road,1,1,568198.316,5612180.257,draft
point_alpha_corridor,97,road,1,2,568172.306,5612179.729,draft
point_alpha_corridor,97,road,1,3,568152.34,5612177.322,draft
point_alpha_corridor,97,road,1,4,568065.695,5612156.548,draft
point_alpha_corridor,97,road,1,5,568042.808,5612150.079,draft
point_alpha_corridor,97,road,1,6,567996.914,5612143.142,draft
point_alpha_corridor,97,road,1,7,567720.877,5612144.172,draft
point_alpha_corridor,97,road,1,8,567581.246,5612134.884,draft
point_alpha_corridor,97,road,1,9,567498.988,5612117.326,draft
point_alpha_corridor,97,road,1,10,567462.258,5612103.771,draft
point_alpha_corridor,97,road,1,11,567416.989,5612087.064,draft
point_alpha_corridor,97,road,1,12,567344.583,5612053.819,draft
point_alpha_corridor,97,road,1,13,567293.7,5612055.964,draft
point_alpha_corridor,97,road,1,14,567236.078,5612077.036,draft
point_alpha_corridor,97,road,1,15,567181.762,5612091.82,draft
point_alpha_corridor,97,road,1,16,567096.23,5612118.384,draft
point_alpha_corridor,98,road,1,0,567020.287,5617457.863,draft
point_alpha_corridor,98,road,1,1,567068.354,5617373.976,draft
point_alpha_corridor,98,road,1,2,567093.251,5617321.524,draft
point_alpha_corridor,98,road,1,3,567104.806,5617274.096,draft
point_alpha_corridor,98,road,1,4,567242.109,5616641.392,draft
point_alpha_corridor,98,road,1,5,567248.801,5616572.683,draft
point_alpha_corridor,98,road,1,6,567241.828,5616524.879,draft
point_alpha_corridor,98,road,1,7,567224.376,5616471.567,draft
point_alpha_corridor,98,road,1,8,567222.589,5616429.164,draft
point_alpha_corridor,98,road,1,9,567250.332,5616381.264,draft
point_alpha_corridor,99,road,1,0,567638.608,5616530.26,draft
point_alpha_corridor,99,road,1,1,567777.946,5616594.023,draft
point_alpha_corridor,99,road,1,2,567833.367,5616603.092,draft
point_alpha_corridor,99,road,1,3,567909.909,5616615.238,draft
point_alpha_corridor,99,road,1,4,567967.816,5616632.302,draft
point_alpha_corridor,99,road,1,5,568025.562,5616657.306,draft
point_alpha_corridor,99,road,1,6,568077.96,5616684.849,draft
point_alpha_corridor,99,road,1,7,568146.293,5616710.068,draft
point_alpha_corridor,99,road,1,8,568404.282,5616784.154,draft
point_alpha_corridor,99,road,1,9,568457.218,5616785.229,draft
point_alpha_corridor,99,road,1,10,568502.429,5616775.556,draft
point_alpha_corridor,99,road,1,11,568547.962,5616750.002,draft
point_alpha_corridor,99,road,1,12,568625.185,5616687.406,draft
point_alpha_corridor,99,road,1,13,568717.453,5616618.402,draft
point_alpha_corridor,99,road,1,14,568786.807,5616593.332,draft
point_alpha_corridor,99,road,1,15,568856.001,5616576.202,draft
point_alpha_corridor,99,road,1,16,568935.512,5616572.521,draft
point_alpha_corridor,99,road,1,17,569035.876,5616585.151,draft
point_alpha_corridor,99,road,1,18,569194.093,5616617.491,draft
point_alpha_corridor,99,road,1,19,569301.806,5616659.397,draft
point_alpha_corridor,99,road,1,20,569380.457,5616698.065,draft
point_alpha_corridor,99,road,1,21,569448.468,5616739.165,draft
point_alpha_corridor,99,road,1,22,569521.934,5616772.432,draft
point_alpha_corridor,99,road,1,23,569724.233,5616850.682,draft
point_alpha_corridor,99,road,1,24,569816.172,5616886.972,draft
point_alpha_corridor,99,road,1,25,569876.834,5616898.796,draft
point_alpha_corridor,99,road,1,26,569934.907,5616899.152,draft
point_alpha_corridor,100,road,1,0,570016.385,5616681.636,draft
point_alpha_corridor,100,road,1,1,570101.775,5616691.043,draft
point_alpha_corridor,100,road,1,2,570161.106,5616690.13,draft
point_alpha_corridor,100,road,1,3,570190.536,5616701.319,draft
point_alpha_corridor,100,road,1,4,570345.679,5616780.73,draft
point_alpha_corridor,100,road,1,5,570433.967,5616814.298,draft
point_alpha_corridor,100,road,1,6,570562.443,5616850.8,draft
point_alpha_corridor,100,road,1,7,570846.837,5616928.599,draft
point_alpha_corridor,100,road,1,8,570942.77,5616944.641,draft
point_alpha_corridor,100,road,1,9,571041.665,5616953.655,draft
point_alpha_corridor,100,road,1,10,571088.682,5616954.61,draft
point_alpha_corridor,100,road,1,11,571170.855,5616949.273,draft
point_alpha_corridor,100,road,1,12,571761.137,5616864.552,draft
point_alpha_corridor,100,road,1,13,571781.482,5616869.201,draft
point_alpha_corridor,100,road,1,14,571796.782,5616898.109,draft
point_alpha_corridor,100,road,1,15,571795.944,5616939.4,draft
point_alpha_corridor,100,road,1,16,571807.81,5616980.948,draft
point_alpha_corridor,100,road,1,17,571848.842,5616994.491,draft
point_alpha_corridor,100,road,1,18,571874.307,5616988.924,draft
point_alpha_corridor,100,road,1,19,571928.634,5616977.047,draft
point_alpha_corridor,100,road,1,20,571983.274,5616946.381,draft
point_alpha_corridor,100,road,1,21,572044.396,5616909.493,draft
point_alpha_corridor,100,road,1,22,572096.053,5616869.234,draft
point_alpha_corridor,100,road,1,23,572150.693,5616838.569,draft
point_alpha_corridor,100,road,1,24,572211.299,5616827.09,draft
point_alpha_corridor,100,road,1,25,572262.376,5616815.417,draft
point_alpha_corridor,100,road,1,26,572307.487,5616784.558,draft
point_alpha_corridor,100,road,1,27,572342.877,5616763.034,draft
point_alpha_corridor,100,road,1,28,572387.666,5616748.056,draft
point_alpha_corridor,100,road,1,29,572438.55,5616745.912,draft
point_alpha_corridor,100,road,1,30,572486.45,5616734.175,draft
point_alpha_corridor,100,road,1,31,572540.574,5616728.919,draft
point_alpha_corridor,100,road,1,32,572591.845,5616707.717,draft
point_alpha_corridor,100,road,1,33,572620.818,5616689.241,draft
point_alpha_corridor,100,road,1,34,572653.16,5616661.3,draft
point_alpha_corridor,100,road,1,35,572698.336,5616627.265,draft
point_alpha_corridor,100,road,1,36,572871.592,5616544.991,draft
point_alpha_corridor,100,road,1,37,572945.289,5616514.712,draft
point_alpha_corridor,100,road,1,38,572990.378,5616501.131,draft
point_alpha_corridor,100,road,1,39,573041.155,5616488.061,draft
point_alpha_corridor,100,road,1,40,573120.689,5616483.321,draft
point_alpha_corridor,100,road,1,41,573180.355,5616476.416,draft
point_alpha_corridor,100,road,1,42,573206.21,5616468.196,draft
point_alpha_corridor,100,road,1,43,573391.884,5616392.904,draft
point_alpha_corridor,101,road,1,0,573856.397,5613279.889,draft
point_alpha_corridor,101,road,1,1,573838.141,5613242.49,draft
point_alpha_corridor,101,road,1,2,573830.646,5613217.318,draft
point_alpha_corridor,101,road,1,3,573833.195,5613190.348,draft
point_alpha_corridor,101,road,1,4,573841.726,5613164.501,draft
point_alpha_corridor,101,road,1,5,573850.216,5613140.655,draft
point_alpha_corridor,101,road,1,6,573880.628,5613072.218,draft
point_alpha_corridor,101,road,1,7,574022.45,5612743.886,draft
point_alpha_corridor,101,road,1,8,574039.298,5612700.146,draft
point_alpha_corridor,101,road,1,9,574078.464,5612594.858,draft
point_alpha_corridor,101,road,1,10,574090.504,5612544.062,draft
point_alpha_corridor,101,road,1,11,574097.684,5612486.163,draft
point_alpha_corridor,101,road,1,12,574092.859,5612428.02,draft
point_alpha_corridor,101,road,1,13,574085.77,5612382.841,draft
point_alpha_corridor,101,road,1,14,574060.404,5612302.86,draft
point_alpha_corridor,101,road,1,15,574032.525,5612241.392,draft
point_alpha_corridor,101,road,1,16,573996.759,5612177.116,draft
point_alpha_corridor,101,road,1,17,573877.872,5611984.738,draft
point_alpha_corridor,101,road,1,18,573848.755,5611930.681,draft
point_alpha_corridor,101,road,1,19,573817.393,5611898.02,draft
point_alpha_corridor,101,road,1,20,573793.709,5611881.527,draft
point_alpha_corridor,101,road,1,21,573769.741,5611879.039,draft
point_alpha_corridor,101,road,1,22,573541.866,5611913.444,draft
point_alpha_corridor,101,road,1,23,573500.735,5611915.81,draft
point_alpha_corridor,101,road,1,24,573406.816,5611910.703,draft
point_alpha_corridor,101,road,1,25,573362.064,5611896.784,draft
point_alpha_corridor,101,road,1,26,573325.415,5611878.027,draft
point_alpha_corridor,101,road,1,27,573288.95,5611850.265,draft
point_alpha_corridor,101,road,1,28,573262.468,5611823.708,draft
point_alpha_corridor,101,road,1,29,573230.268,5611783.023,draft
point_alpha_corridor,101,road,1,30,573210.911,5611750.605,draft
point_alpha_corridor,101,road,1,31,573198.495,5611721.331,draft
point_alpha_corridor,101,road,1,32,573191.345,5611679.153,draft
point_alpha_corridor,101,road,1,33,573187.094,5611642.038,draft
point_alpha_corridor,101,road,1,34,573187.845,5611605.024,draft
point_alpha_corridor,101,road,1,35,573207.105,5611494.329,draft
point_alpha_corridor,101,road,1,36,573217.144,5611443.493,draft
point_alpha_corridor,101,road,1,37,573215.732,5611414.441,draft
point_alpha_corridor,101,road,1,38,573209.156,5611393.292,draft
point_alpha_corridor,101,road,1,39,573094.118,5611242.842,draft
point_alpha_corridor,101,road,1,40,573076.7,5611213.466,draft
point_alpha_corridor,101,road,1,41,573069.245,5611186.293,draft
point_alpha_corridor,101,road,1,42,573048.16,5611052.723,draft
point_alpha_corridor,101,road,1,43,573049.019,5611010.374,draft
point_alpha_corridor,101,road,1,44,573058.478,5610961.845,draft
point_alpha_corridor,101,road,1,45,573076.105,5610928.31,draft
point_alpha_corridor,101,road,1,46,573095.978,5610888.465,draft
point_alpha_corridor,101,road,1,47,573099.847,5610861.903,draft
point_alpha_corridor,101,road,1,48,573098.375,5610836.598,draft
point_alpha_corridor,101,road,1,49,573084.864,5610809.862,draft
point_alpha_corridor,101,road,1,50,573053.789,5610775.338,draft
point_alpha_corridor,101,road,1,51,573006.97,5610753.695,draft
point_alpha_corridor,101,road,1,52,572965.545,5610739.654,draft
point_alpha_corridor,101,road,1,53,572932.267,5610709.322,draft
point_alpha_corridor,102,road,1,0,573391.884,5616392.904,draft
point_alpha_corridor,102,road,1,1,573543.467,5616515.122,draft
point_alpha_corridor,102,road,1,2,573628.672,5616609.7,draft
point_alpha_corridor,102,road,1,3,573714.566,5616682.938,draft
point_alpha_corridor,102,road,1,4,574152.046,5617005.808,draft
point_alpha_corridor,102,road,1,5,574188.704,5617122.644,draft
point_alpha_corridor,103,road,1,0,571088.727,5612878.061,draft
point_alpha_corridor,103,road,1,1,571125.557,5612810.131,draft
point_alpha_corridor,103,road,1,2,571346.638,5612484.957,draft
point_alpha_corridor,103,road,1,3,571376.938,5612449.092,draft
point_alpha_corridor,103,road,1,4,571402.053,5612429.152,draft
point_alpha_corridor,103,road,1,5,571458.603,5612382.638,draft
point_alpha_corridor,103,road,1,6,571488.497,5612344.85,draft
point_alpha_corridor,103,road,1,7,571497.216,5612306.633,draft
point_alpha_corridor,103,road,1,8,571498.103,5612262.961,draft
point_alpha_corridor,103,road,1,9,571503.792,5612178.344,draft
point_alpha_corridor,103,road,1,10,571516.858,5612121.679,draft
point_alpha_corridor,103,road,1,11,571541.754,5612069.227,draft
point_alpha_corridor,103,road,1,12,571582.799,5612003.863,draft
point_alpha_corridor,103,road,1,13,571632.397,5611912.715,draft
point_alpha_corridor,103,road,1,14,571645.203,5611845.371,draft
point_alpha_corridor,103,road,1,15,571661.97,5611802.021,draft
point_alpha_corridor,103,road,1,16,571706.207,5611775.116,draft
point_alpha_corridor,103,road,1,17,571814.53,5611721.709,draft
point_alpha_corridor,103,road,1,18,571854.716,5611698.694,draft
point_alpha_corridor,103,road,1,19,571891.334,5611655.747,draft
point_alpha_corridor,103,road,1,20,571937.409,5611578.643,draft
point_alpha_corridor,104,road,1,0,570367.009,5612482.946,draft
point_alpha_corridor,104,road,1,1,570708.015,5612834.753,draft
point_alpha_corridor,104,road,1,2,570753.581,5612872.748,draft
point_alpha_corridor,104,road,1,3,570806.007,5612898.968,draft
point_alpha_corridor,104,road,1,4,570852.218,5612905.202,draft
point_alpha_corridor,104,road,1,5,570887.574,5612924.455,draft
point_alpha_corridor,104,road,1,6,570917.77,5612936.983,draft
point_alpha_corridor,104,road,1,7,570946.885,5612937.575,draft
point_alpha_corridor,104,road,1,8,570980.105,5612931.629,draft
point_alpha_corridor,104,road,1,9,571008.138,5612920.283,draft
point_alpha_corridor,104,road,1,10,571026.643,5612899.459,draft
point_alpha_corridor,104,road,1,11,571047.43,5612876.066,draft
point_alpha_corridor,104,road,1,12,571068.712,5612871.203,draft
point_alpha_corridor,104,road,1,13,571088.727,5612878.061,draft
point_alpha_corridor,105,road,2,0,570367.009,5612482.946,draft
point_alpha_corridor,105,road,2,1,570413.717,5612438.097,draft
point_alpha_corridor,105,road,2,2,570460.132,5612407.704,draft
point_alpha_corridor,105,road,2,3,570515.003,5612382.413,draft
point_alpha_corridor,105,road,2,4,570613.851,5612344.389,draft
point_alpha_corridor,105,road,2,5,570940.121,5612244.93,draft
point_alpha_corridor,105,road,2,6,570979.4,5612232.718,draft
point_alpha_corridor,105,road,2,7,571001.631,5612222.16,draft
point_alpha_corridor,105,road,2,8,571032.15,5612197.761,draft
point_alpha_corridor,105,road,2,9,571065.872,5612163.418,draft
point_alpha_corridor,105,road,2,10,571249.161,5611958.978,draft
point_alpha_corridor,105,road,2,11,571331.16,5611863.567,draft
point_alpha_corridor,105,road,2,12,571422.182,5611767.339,draft
point_alpha_corridor,105,road,2,13,571501.612,5611699.897,draft
point_alpha_corridor,105,road,2,14,571558.526,5611657.019,draft
point_alpha_corridor,105,road,2,15,571592.985,5611635.701,draft
point_alpha_corridor,105,road,2,16,571646.492,5611612.769,draft
point_alpha_corridor,105,road,2,17,571695.773,5611600.759,draft
point_alpha_corridor,105,road,2,18,571937.409,5611578.643,draft
point_alpha_corridor,106,road,1,0,573391.884,5616392.904,draft
point_alpha_corridor,106,road,1,1,573462.569,5616302.816,draft
point_alpha_corridor,106,road,1,2,573482.287,5616277.685,draft
point_alpha_corridor,106,road,1,3,573522.417,5616210.818,draft
point_alpha_corridor,106,road,1,4,573548.529,5616163.686,draft
point_alpha_corridor,106,road,1,5,573566.862,5616108.452,draft
point_alpha_corridor,106,road,1,6,573590.623,5616046.708,draft
point_alpha_corridor,106,road,1,7,573639.986,5615962.977,draft
point_alpha_corridor,106,road,1,8,573686.567,5615885.809,draft
point_alpha_corridor,106,road,1,9,573722.104,5615830.925,draft
point_alpha_corridor,106,road,1,10,573774.953,5615771.095,draft
point_alpha_corridor,106,road,1,11,573830.046,5615731.171,draft
point_alpha_corridor,106,road,1,12,573895.995,5615678.228,draft
point_alpha_corridor,106,road,1,13,573968.507,5615628.066,draft
point_alpha_corridor,106,road,1,14,574016.956,5615589.331,draft
point_alpha_corridor,106,road,1,15,574058.695,5615540.763,draft
point_alpha_corridor,106,road,1,16,574118.646,5615446.905,draft
point_alpha_corridor,106,road,1,17,574143.345,5615413.38,draft
point_alpha_corridor,106,road,1,18,574160.778,5615392.718,draft
point_alpha_corridor,106,road,1,19,574181.172,5615374.117,draft
point_alpha_corridor,106,road,1,20,574254.173,5615327.561,draft
point_alpha_corridor,106,road,1,21,574393.893,5615250.008,draft
point_alpha_corridor,106,road,1,22,574433.331,5615228.117,draft
point_alpha_corridor,106,road,1,23,574459.645,5615213.64,draft
point_alpha_corridor,106,road,1,24,574543.098,5615145.678,draft
point_alpha_corridor,106,road,1,25,574793.251,5614950.2,draft
point_alpha_corridor,106,road,1,26,574822.75,5614926.78,draft
point_alpha_corridor,106,road,1,27,574844.082,5614911.2,draft
point_alpha_corridor,106,road,1,28,574892.506,5614892.168,draft
point_alpha_corridor,106,road,1,29,575001.892,5614877.375,draft
point_alpha_corridor,106,road,1,30,575075.062,5614871.855,draft
point_alpha_corridor,106,road,1,31,575110.197,5614866.563,draft
point_alpha_corridor,106,road,1,32,575136.531,5614851.085,draft
point_alpha_corridor,107,road,1,0,573856.397,5613279.889,draft
point_alpha_corridor,107,road,1,1,573882.163,5613292.421,draft
point_alpha_corridor,107,road,1,2,573904.989,5613301.892,draft
point_alpha_corridor,107,road,1,3,573940.86,5613309.625,draft
point_alpha_corridor,107,road,1,4,573973.872,5613310.295,draft
point_alpha_corridor,107,road,1,5,574018.95,5613308.208,draft
point_alpha_corridor,107,road,1,6,574207.344,5613296.02,draft
point_alpha_corridor,107,road,1,7,574407.439,5613299.08,draft
point_alpha_corridor,107,road,1,8,574458.437,5613301.116,draft
point_alpha_corridor,107,road,1,9,574506.293,5613310.094,draft
point_alpha_corridor,107,road,1,10,574687.568,5613352.804,draft
point_alpha_corridor,108,road,1,0,572862.243,5610389.477,draft
point_alpha_corridor,108,road,1,1,572913.144,5610248.4,draft
point_alpha_corridor,108,road,1,2,572957.763,5610170.244,draft
point_alpha_corridor,108,road,1,3,573063.974,5609994.853,draft
point_alpha_corridor,108,road,1,4,573102.479,5609924.142,draft
point_alpha_corridor,108,road,1,5,573276.279,5609710.542,draft
point_alpha_corridor,108,road,1,6,573308.9,5609668.837,draft
point_alpha_corridor,108,road,1,7,573328.341,5609624.218,draft
point_alpha_corridor,108,road,1,8,573345.081,5609582.191,draft
point_alpha_corridor,108,road,1,9,573364.468,5609540.218,draft
point_alpha_corridor,108,road,1,10,573397.143,5609495.867,draft
point_alpha_corridor,108,road,1,11,573437.596,5609459.618,draft
point_alpha_corridor,108,road,1,12,573477.836,5609433.955,draft
point_alpha_corridor,108,road,1,13,573531.255,5609411.208,draft
point_alpha_corridor,108,road,1,14,573584.567,5609393.755,draft
point_alpha_corridor,108,road,1,15,573635.447,5609365.661,draft
point_alpha_corridor,108,road,1,16,573694.536,5609324.493,draft
point_alpha_corridor,108,road,1,17,573737.637,5609288.297,draft
point_alpha_corridor,108,road,1,18,573971.952,5609164.029,draft
point_alpha_corridor,109,road,1,0,572754.101,5610262.197,draft
point_alpha_corridor,109,road,1,1,572465.746,5610002.93,draft
point_alpha_corridor,110,road,2,0,571937.409,5611578.643,draft
point_alpha_corridor,110,road,2,1,572012.741,5611565.16,draft
point_alpha_corridor,110,road,2,2,572058.022,5611553.069,draft
point_alpha_corridor,110,road,2,3,572087.316,5611539.653,draft
point_alpha_corridor,110,road,2,4,572122.796,5611517.355,draft
point_alpha_corridor,110,road,2,5,572154.518,5611482.972,draft
point_alpha_corridor,110,road,2,6,572182.381,5611441.505,draft
point_alpha_corridor,110,road,2,7,572204.525,5611385.911,draft
point_alpha_corridor,110,road,2,8,572330.395,5610904.09,draft
point_alpha_corridor,110,road,2,9,572357.145,5610769.529,draft
point_alpha_corridor,110,road,2,10,572360.897,5610732.576,draft
point_alpha_corridor,110,road,2,11,572358.383,5610708.506,draft
point_alpha_corridor,110,road,2,12,572300.842,5610437.129,draft
point_alpha_corridor,110,road,2,13,572290.529,5610402.894,draft
point_alpha_corridor,110,road,2,14,572281.175,5610370.679,draft
point_alpha_corridor,110,road,2,15,572235.309,5610263.666,draft
point_alpha_corridor,110,road,2,16,572108.169,5609969.86,draft
point_alpha_corridor,111,road,1,0,571088.727,5612878.061,draft
point_alpha_corridor,111,road,1,1,571145.933,5612915.137,draft
point_alpha_corridor,111,road,1,2,571170.459,5612946.085,draft
point_alpha_corridor,111,road,1,3,571188.289,5612980.87,draft
point_alpha_corridor,111,road,1,4,571213.003,5613002.555,draft
point_alpha_corridor,111,road,1,5,571265.644,5613018.187,draft
point_alpha_corridor,111,road,1,6,571328.952,5613030.064,draft
point_alpha_corridor,111,road,1,7,571393.315,5613055.202,draft
point_alpha_corridor,111,road,1,8,571596.562,5613152.004,draft
point_alpha_corridor,111,road,1,9,571634.806,5613159.4,draft
point_alpha_corridor,111,road,1,10,571700.644,5613167.929,draft
point_alpha_corridor,111,road,1,11,571963.488,5613249.186,draft
point_alpha_corridor,111,road,1,12,572066.775,5613285.897,draft
point_alpha_corridor,111,road,1,13,572521.991,5613434.876,draft
point_alpha_corridor,111,road,1,14,572644.595,5613480.671,draft
point_alpha_corridor,111,road,1,15,572697.231,5613496.567,draft
point_alpha_corridor,111,road,1,16,572748.049,5613497.599,draft
point_alpha_corridor,111,road,1,17,572794.934,5613483.723,draft
point_alpha_corridor,111,road,1,18,572850.461,5613461.548,draft
point_alpha_corridor,111,road,1,19,572893.068,5613449.703,draft
point_alpha_corridor,111,road,1,20,572935.331,5613454.798,draft
point_alpha_corridor,111,road,1,21,572983.817,5613466.374,draft
point_alpha_corridor,111,road,1,22,573029.341,5613496.846,draft
point_alpha_corridor,111,road,1,23,573071.332,5613538.055,draft
point_alpha_corridor,111,road,1,24,573112.864,5613579.146,draft
point_alpha_corridor,111,road,1,25,573154.74,5613603.298,draft
point_alpha_corridor,111,road,1,26,573226.039,5613618.367,draft
point_alpha_corridor,111,road,1,27,573258.112,5613616.016,draft
point_alpha_corridor,111,road,1,28,573324.985,5613598.743,draft
point_alpha_corridor,111,road,1,29,573398.231,5613590.698,draft
point_alpha_corridor,111,road,1,30,573452.355,5613585.442,draft
point_alpha_corridor,111,road,1,31,573487.551,5613573.446,draft
point_alpha_corridor,111,road,1,32,573507.123,5613548.423,draft
point_alpha_corridor,111,road,1,33,573522.652,5613503.089,draft
point_alpha_corridor,111,road,1,34,573534.145,5613469.535,draft
point_alpha_corridor,111,road,1,35,573557.667,5613406.463,draft
point_alpha_corridor,111,road,1,36,573580.546,5613375.152,draft
point_alpha_corridor,111,road,1,37,573609.905,5613337.618,draft
point_alpha_corridor,111,road,1,38,573664.222,5613322.833,draft
point_alpha_corridor,111,road,1,39,573707.044,5613323.703,draft
point_alpha_corridor,111,road,1,40,573721.393,5613323.994,draft
point_alpha_corridor,111,road,1,41,573775.389,5613325.09,draft
point_alpha_corridor,111,road,1,42,573810.455,5613319.447,draft
point_alpha_corridor,111,road,1,43,573856.397,5613279.889,draft
point_alpha_corridor,112,road,1,0,572342.72,5610011.024,draft
point_alpha_corridor,112,road,1,1,572318.999,5610031.726,draft
point_alpha_corridor,112,road,1,2,572289.835,5610042.601,draft
point_alpha_corridor,112,road,1,3,572255.964,5610034.908,draft
point_alpha_corridor,112,road,1,4,572146.858,5609986.658,draft
point_alpha_corridor,112,road,1,5,572108.169,5609969.86,draft
point_alpha_corridor,113,road,1,0,572465.746,5610002.93,draft
point_alpha_corridor,113,road,1,1,572417.475,5609980.767,draft
point_alpha_corridor,113,road,1,2,572372.88,5609986.217,draft
point_alpha_corridor,113,road,1,3,572342.72,5610011.024,draft
point_alpha_corridor,114,road,1,0,572862.243,5610389.477,draft
point_alpha_corridor,114,road,1,1,572842.041,5610353.733,draft
point_alpha_corridor,114,road,1,2,572811.096,5610312.857,draft
point_alpha_corridor,114,road,1,3,572754.101,5610262.197,draft
point_alpha_corridor,115,road,1,0,572932.267,5610709.322,draft
point_alpha_corridor,115,road,1,1,572916.144,5610668.747,draft
point_alpha_corridor,115,road,1,2,572906.631,5610615.596,draft
point_alpha_corridor,115,road,1,3,572874.245,5610437.001,draft
point_alpha_corridor,115,road,1,4,572862.243,5610389.477,draft
point_alpha_corridor,116,road,1,0,556643.241,5620169.776,draft
point_alpha_corridor,116,road,1,1,556575.437,5620108.352,draft
point_alpha_corridor,117,road,1,0,560555.626,5621036.922,draft
point_alpha_corridor,117,road,1,1,560545.151,5621010.689,draft
point_alpha_corridor,117,road,1,2,560516.604,5620938.053,draft
point_alpha_corridor,117,road,1,3,560503.169,5620909.758,draft
point_alpha_corridor,117,road,1,4,560483.015,5620867.316,draft
point_alpha_corridor,117,road,1,5,560417.492,5620742.889,draft
point_alpha_corridor,117,road,1,6,560321.752,5620578.818,draft
point_alpha_corridor,117,road,1,7,560304.559,5620538.438,draft
point_alpha_corridor,117,road,1,8,560294.409,5620496.199,draft
point_alpha_corridor,117,road,1,9,560290.383,5620448.081,draft
point_alpha_corridor,117,road,1,10,560291.298,5620403.065,draft
point_alpha_corridor,117,road,1,11,560297.154,5620361.151,draft
point_alpha_corridor,117,road,1,12,560319.89,5620276.548,draft
point_alpha_corridor,117,road,1,13,560328.706,5620236.696,draft
point_alpha_corridor,117,road,1,14,560335.461,5620199.805,draft
point_alpha_corridor,117,road,1,15,560333.131,5620166.732,draft
point_alpha_corridor,117,road,1,16,560328.739,5620136.62,draft
point_alpha_corridor,117,road,1,17,560321.285,5620109.448,draft
point_alpha_corridor,117,road,1,18,560258.637,5619942.047,draft
point_alpha_corridor,117,road,1,19,560240.688,5619889.642,draft
point_alpha_corridor,117,road,1,20,560208.177,5619765.886,draft
point_alpha_corridor,117,road,1,21,560197.352,5619707.622,draft
point_alpha_corridor,117,road,1,22,560183.441,5619604.26,draft
point_alpha_corridor,117,road,1,23,560178.679,5619543.116,draft
point_alpha_corridor,117,road,1,24,560178.02,5619477.052,draft
point_alpha_corridor,117,road,1,25,560183.998,5619429.137,draft
point_alpha_corridor,117,road,1,26,560191.227,5619374.715,draft
point_alpha_corridor,117,road,1,27,560251.348,5618922.115,draft
point_alpha_corridor,117,road,1,28,560252.633,5618793.091,draft
point_alpha_corridor,117,road,1,29,560254.217,5618634.039,draft
point_alpha_corridor,117,road,1,30,560255.195,5618535.897,draft
point_alpha_corridor,117,road,1,31,560259.599,5618466.934,draft
point_alpha_corridor,117,road,1,32,560254.349,5618429.799,draft
point_alpha_corridor,117,road,1,33,560245.098,5618392.582,draft
point_alpha_corridor,117,road,1,34,560229.804,5618357.245,draft
point_alpha_corridor,117,road,1,35,560134.229,5618234.209,draft
point_alpha_corridor,117,road,1,36,560113.71,5618209.774,draft
point_alpha_corridor,117,road,1,37,560098.274,5618181.439,draft
point_alpha_corridor,117,road,1,38,560093.78,5618156.328,draft
point_alpha_corridor,117,road,1,39,560088.591,5618116.192,draft
point_alpha_corridor,117,road,1,40,560077.648,5617866.779,draft
point_alpha_corridor,118,road,1,0,557980.052,5618555.701,draft
point_alpha_corridor,118,road,1,1,558358.944,5618870.638,draft
point_alpha_corridor,118,road,1,2,558433.608,5618939.207,draft
point_alpha_corridor,118,road,1,3,558461.866,5618976.81,draft
point_alpha_corridor,118,road,1,4,558482.345,5619003.246,draft
point_alpha_corridor,119,road,2,0,558646.129,5617149.157,draft
point_alpha_corridor,119,road,2,1,559192.833,5617430.475,draft
point_alpha_corridor,119,road,2,2,559269.105,5617471.214,draft
point_alpha_corridor,119,road,2,3,559372.026,5617526.187,draft
point_alpha_corridor,119,road,2,4,559426.435,5617557.316,draft
point_alpha_corridor,119,road,2,5,559478.803,5617590.405,draft
point_alpha_corridor,119,road,2,6,559689.296,5617721.781,draft
point_alpha_corridor,119,road,2,7,559720.002,5617737.416,draft
point_alpha_corridor,119,road,2,8,559744.807,5617747.928,draft
point_alpha_corridor,119,road,2,9,559827.166,5617782.627,draft
point_alpha_corridor,119,road,2,10,559868.916,5617796.486,draft
point_alpha_corridor,119,road,2,11,560077.648,5617866.779,draft
point_alpha_corridor,120,road,1,0,556643.241,5620169.776,draft
point_alpha_corridor,120,road,1,1,556796.054,5620233.93,draft
point_alpha_corridor,120,road,1,2,556906.899,5620098.078,draft
point_alpha_corridor,121,road,1,0,556575.437,5620108.352,draft
point_alpha_corridor,121,road,1,1,556300.533,5619945.643,draft
point_alpha_corridor,121,road,1,2,556224.503,5619895.059,draft
point_alpha_corridor,121,road,1,3,556086.427,5619795.178,draft
point_alpha_corridor,121,road,1,4,555862.081,5619638.935,draft
point_alpha_corridor,121,road,1,5,555645.332,5619487.982,draft
point_alpha_corridor,121,road,1,6,555618.689,5619469.426,draft
point_alpha_corridor,121,road,1,7,555593.229,5619441.888,draft
point_alpha_corridor,121,road,1,8,555569.932,5619406.388,draft
point_alpha_corridor,121,road,1,9,555539.101,5619347.717,draft
point_alpha_corridor,121,road,1,10,555521.213,5619292.311,draft
point_alpha_corridor,121,road,1,11,555507.449,5619230.985,draft
point_alpha_corridor,121,road,1,12,555503.586,5619174.863,draft
point_alpha_corridor,121,road,1,13,555512.605,5619125.009,draft
point_alpha_corridor,121,road,1,14,555590.952,5618766.328,draft
point_alpha_corridor,121,road,1,15,555614.156,5618658.717,draft
point_alpha_corridor,121,road,1,16,555626.075,5618613.925,draft
point_alpha_corridor,121,road,1,17,555632.114,5618563.009,draft
point_alpha_corridor,121,road,1,18,555632.517,5618493.965,draft
point_alpha_corridor,121,road,1,19,555625.897,5618425.779,draft
point_alpha_corridor,121,road,1,20,555611.58,5618342.424,draft
point_alpha_corridor,121,road,1,21,555589.24,5618259.908,draft
point_alpha_corridor,121,road,1,22,555552.353,5618149.304,draft
point_alpha_corridor,121,road,1,23,555500.802,5617991.001,draft
point_alpha_corridor,121,road,1,24,555460.155,5617872.852,draft
point_alpha_corridor,121,road,1,25,555423.775,5617763.768,draft
point_alpha_corridor,121,road,1,26,555374.177,5617615.049,draft
point_alpha_corridor,121,road,1,27,555364.027,5617572.811,draft
point_alpha_corridor,121,road,1,28,555357.899,5617529.654,draft
point_alpha_corridor,121,road,1,29,555354.179,5617466.53,draft
point_alpha_corridor,121,road,1,30,555352.744,5617389.442,draft
point_alpha_corridor,121,road,1,31,555355.001,5617278.404,draft
point_alpha_corridor,122,road,1,0,552788.62,5619975.962,draft
point_alpha_corridor,122,road,1,1,552823.028,5619976.662,draft
point_alpha_corridor,122,road,1,2,552857.113,5619993.242,draft
point_alpha_corridor,122,road,1,3,552885.473,5620030.888,draft
point_alpha_corridor,122,road,1,4,552925.022,5620169.381,draft
point_alpha_corridor,122,road,1,5,552955.868,5620215.022,draft
point_alpha_corridor,122,road,1,6,552992.385,5620242.243,draft
point_alpha_corridor,122,road,1,7,553029.224,5620253.583,draft
point_alpha_corridor,122,road,1,8,553074.165,5620257.145,draft
point_alpha_corridor,122,road,1,9,553134.879,5620266.323,draft
point_alpha_corridor,122,road,1,10,553187.545,5620280.634,draft
point_alpha_corridor,122,road,1,11,553232.378,5620289.489,draft
point_alpha_corridor,122,road,1,12,553269.379,5620292.889,draft
point_alpha_corridor,122,road,1,13,553322.637,5620278.085,draft
point_alpha_corridor,122,road,1,14,553500.663,5620227.498,draft
point_alpha_corridor,122,road,1,15,553761.602,5620150.705,draft
point_alpha_corridor,122,road,1,16,553818.182,5620135.306,draft
point_alpha_corridor,122,road,1,17,553879.762,5620094.77,draft
point_alpha_corridor,122,road,1,18,553944.438,5620058.856,draft
point_alpha_corridor,122,road,1,19,553968.813,5620041.338,draft
point_alpha_corridor,122,road,1,20,553992.045,5620030.802,draft
point_alpha_corridor,122,road,1,21,554029.281,5620020.551,draft
point_alpha_corridor,122,road,1,22,554170.205,5619980.384,draft
point_alpha_corridor,123,road,1,0,555041.816,5617325.077,draft
point_alpha_corridor,123,road,1,1,555140.073,5617316.066,draft
point_alpha_corridor,123,road,1,2,555194.153,5617314.164,draft
point_alpha_corridor,123,road,1,3,555259.378,5617305.482,draft
point_alpha_corridor,123,road,1,4,555312.661,5617293.555,draft
point_alpha_corridor,123,road,1,5,555355.001,5617278.404,draft
point_alpha_corridor,124,road,1,0,555355.001,5617278.404,draft
point_alpha_corridor,124,road,1,1,555387.277,5617266.05,draft
point_alpha_corridor,124,road,1,2,555403.445,5617258.373,draft
point_alpha_corridor,124,road,1,3,555421.736,5617244.734,draft
point_alpha_corridor,124,road,1,4,555463.218,5617222.56,draft
point_alpha_corridor,124,road,1,5,555529.728,5617199.894,draft
point_alpha_corridor,124,road,1,6,555854.325,5617133.438,draft
point_alpha_corridor,124,road,1,7,555886.58,5617122.084,draft
point_alpha_corridor,124,road,1,8,555942.107,5617098.194,draft
point_alpha_corridor,124,road,1,9,556100.588,5617023.773,draft
point_alpha_corridor,124,road,1,10,556145.312,5617011.972,draft
point_alpha_corridor,124,road,1,11,556180.314,5617009.507,draft
point_alpha_corridor,124,road,1,12,556234.372,5617007.428,draft
point_alpha_corridor,124,road,1,13,556310.599,5617008.978,draft
point_alpha_corridor,124,road,1,14,556361.481,5617006.835,draft
point_alpha_corridor,124,road,1,15,556390.518,5616985.183,draft
point_alpha_corridor,124,road,1,16,556422.989,5616950.891,draft
point_alpha_corridor,124,road,1,17,556467.907,5616929.562,draft
point_alpha_corridor,124,road,1,18,556518.983,5616917.891,draft
point_alpha_corridor,124,road,1,19,556554.243,5616902.721,draft
point_alpha_corridor,124,road,1,20,556577.121,5616871.412,draft
point_alpha_corridor,124,road,1,21,556593.518,5616846.326,draft
point_alpha_corridor,124,road,1,22,556674.52,5616809.853,draft
point_alpha_corridor,125,road,1,0,556942.251,5616882.346,draft
point_alpha_corridor,125,road,1,1,557008.811,5616955.754,draft
point_alpha_corridor,125,road,1,2,557059.096,5616992.803,draft
point_alpha_corridor,125,road,1,3,557094.621,5617017.544,draft
point_alpha_corridor,125,road,1,4,557153.727,5617063.779,draft
point_alpha_corridor,125,road,1,5,557179.146,5617093.318,draft
point_alpha_corridor,125,road,1,6,557210.222,5617139.985,draft
point_alpha_corridor,125,road,1,7,557227.496,5617176.363,draft
point_alpha_corridor,125,road,1,8,557392.654,5617667.092,draft
point_alpha_corridor,125,road,1,9,557395.065,5617696.163,draft
point_alpha_corridor,125,road,1,10,557391.475,5617725.112,draft
point_alpha_corridor,125,road,1,11,557368.397,5617875.758,draft
point_alpha_corridor,125,road,1,12,557367.868,5617901.767,draft
point_alpha_corridor,125,road,1,13,557371.321,5617928.858,draft
point_alpha_corridor,125,road,1,14,557386.838,5617953.191,draft
point_alpha_corridor,125,road,1,15,557407.317,5617979.628,draft
point_alpha_corridor,125,road,1,16,557642.707,5618264.626,draft
point_alpha_corridor,125,road,1,17,557671.188,5618291.225,draft
point_alpha_corridor,125,road,1,18,557707.652,5618318.987,draft
point_alpha_corridor,125,road,1,19,557980.052,5618555.701,draft
point_alpha_corridor,126,road,1,0,554777.215,5617590.903,draft
point_alpha_corridor,126,road,1,1,554937.771,5617471.074,draft
point_alpha_corridor,126,road,1,2,554962.104,5617455.557,draft
point_alpha_corridor,126,road,1,3,554978.496,5617436.876,draft
point_alpha_corridor,126,road,1,4,554991.928,5617416.133,draft
point_alpha_corridor,126,road,1,5,555041.816,5617325.077,draft
point_alpha_corridor,127,road,1,0,555355.001,5617278.404,draft
point_alpha_corridor,127,road,1,1,555359.141,5617222.446,draft
point_alpha_corridor,127,road,1,2,555370.385,5617161.628,draft
point_alpha_corridor,127,road,1,3,555474.089,5616835.488,draft
point_alpha_corridor,128,road,1,0,554777.215,5617590.903,draft
point_alpha_corridor,128,road,1,1,554525.017,5617738.892,draft
point_alpha_corridor,129,road,1,0,554170.205,5619980.384,draft
point_alpha_corridor,129,road,1,1,554075.204,5619583.152,draft
point_alpha_corridor,129,road,1,2,554066.258,5619530.93,draft
point_alpha_corridor,129,road,1,3,554064.03,5619492.856,draft
point_alpha_corridor,129,road,1,4,554064.742,5619457.844,draft
point_alpha_corridor,129,road,1,5,554086.495,5619323.184,draft
point_alpha_corridor,129,road,1,6,554117.6,5619220.738,draft
point_alpha_corridor,129,road,1,7,554226.331,5618942.736,draft
point_alpha_corridor,129,road,1,8,554267.871,5618868.524,draft
point_alpha_corridor,129,road,1,9,554294.551,5618836.041,draft
point_alpha_corridor,129,road,1,10,554322.272,5618801.578,draft
point_alpha_corridor,129,road,1,11,554387.413,5618747.861,draft
point_alpha_corridor,129,road,1,12,554424.036,5618718.583,draft
point_alpha_corridor,129,road,1,13,554493.402,5618653.943,draft
point_alpha_corridor,129,road,1,14,554527.328,5618609.599,draft
point_alpha_corridor,129,road,1,15,554551.272,5618564.051,draft
point_alpha_corridor,129,road,1,16,554603.242,5618469.035,draft
point_alpha_corridor,129,road,1,17,554612.591,5618452.212,draft
point_alpha_corridor,129,road,1,18,554633.964,5618434.633,draft
point_alpha_corridor,129,road,1,19,554750.367,5618369.949,draft
point_alpha_corridor,129,road,1,20,554762.574,5618360.189,draft
point_alpha_corridor,129,road,1,21,554780.906,5618344.55,draft
point_alpha_corridor,129,road,1,22,554803.442,5618318.988,draft
point_alpha_corridor,129,road,1,23,554819.058,5618289.283,draft
point_alpha_corridor,129,road,1,24,554835.856,5618250.595,draft
point_alpha_corridor,129,road,1,25,554843.408,5618223.728,draft
point_alpha_corridor,129,road,1,26,554852.838,5618202.904,draft
point_alpha_corridor,129,road,1,27,554859.308,5618180.018,draft
point_alpha_corridor,129,road,1,28,554865.941,5618149.129,draft
point_alpha_corridor,129,road,1,29,554870.552,5618119.2,draft
point_alpha_corridor,129,road,1,30,554871.508,5618072.184,draft
point_alpha_corridor,129,road,1,31,554872.464,5618025.168,draft
point_alpha_corridor,129,road,1,32,554867.688,5617767.875,draft
point_alpha_corridor,129,road,1,33,554865.317,5617736.804,draft
point_alpha_corridor,129,road,1,34,554862.743,5617715.735,draft
point_alpha_corridor,129,road,1,35,554851.227,5617691.483,draft
point_alpha_corridor,129,road,1,36,554777.215,5617590.903,draft
point_alpha_corridor,130,road,1,0,560981.194,5625405.946,draft
point_alpha_corridor,130,road,1,1,561003.253,5625354.36,draft
point_alpha_corridor,130,road,1,2,561040.197,5625308.509,draft
point_alpha_corridor,130,road,1,3,561117.088,5625225.339,draft
point_alpha_corridor,130,road,1,4,561187.21,5625166.947,draft
point_alpha_corridor,131,road,1,0,555041.816,5617325.077,draft
point_alpha_corridor,131,road,1,1,555084.776,5617244.946,draft
point_alpha_corridor,131,road,1,2,555117.559,5617195.304,draft
point_alpha_corridor,131,road,1,3,555142.456,5617142.853,draft
point_alpha_corridor,131,road,1,4,555162.436,5617071.768,draft
point_alpha_corridor,131,road,1,5,555190.249,5617006.137,draft
point_alpha_corridor,131,road,1,6,555236.159,5616962.057,draft
point_alpha_corridor,131,road,1,7,555314.044,5616908.036,draft
point_alpha_corridor,131,road,1,8,555383.775,5616864.44,draft
point_alpha_corridor,131,road,1,9,555474.089,5616835.488,draft
point_alpha_corridor,132,road,1,0,554777.215,5617590.903,draft
point_alpha_corridor,132,road,1,1,554549.407,5617129.926,draft
point_alpha_corridor,132,road,1,2,554498.048,5617060.908,draft
point_alpha_corridor,132,road,1,3,554422.638,5616993.179,draft
point_alpha_corridor,132,road,1,4,554187.605,5616832.178,draft
point_alpha_corridor,132,road,1,5,554151.304,5616794.37,draft
point_alpha_corridor,132,road,1,6,554107.655,5616727.286,draft
point_alpha_corridor,132,road,1,7,554089.935,5616687.209,draft
point_alpha_corridor,132,road,1,8,554085.556,5616642.106,draft
point_alpha_corridor,132,road,1,9,554108.736,5616591.051,draft
point_alpha_corridor,133,road,1,0,558050.046,5626612.113,draft
point_alpha_corridor,133,road,1,1,558162.611,5626545.558,draft
point_alpha_corridor,133,road,1,2,558216.085,5626520.167,draft
point_alpha_corridor,133,road,1,3,558300.517,5626492.447,draft
point_alpha_corridor,133,road,1,4,558400.991,5626449.322,draft
point_alpha_corridor,134,road,1,0,558017.622,5622614.574,draft
point_alpha_corridor,134,road,1,1,558125.667,5622714.846,draft
point_alpha_corridor,134,road,1,2,558193.053,5622760.514,draft
point_alpha_corridor,134,road,1,3,558408.012,5623023.318,draft
point_alpha_corridor,134,road,1,4,558496.951,5623128.923,draft
point_alpha_corridor,134,road,1,5,558559.14,5623195.855,draft
point_alpha_corridor,134,road,1,6,558585.339,5623240.591,draft
point_alpha_corridor,134,road,1,7,558597.692,5623272.867,draft
point_alpha_corridor,134,road,1,8,558627.035,5623355.527,draft
point_alpha_corridor,134,road,1,9,558664.894,5623462.378,draft
point_alpha_corridor,134,road,1,10,558679.923,5623510.721,draft
point_alpha_corridor,134,road,1,11,558697.339,5623540.098,draft
point_alpha_corridor,134,road,1,12,558728.557,5623579.763,draft
point_alpha_corridor,134,road,1,13,558760.755,5623620.448,draft
point_alpha_corridor,134,road,1,14,558962.853,5623860.506,draft
point_alpha_corridor,134,road,1,15,559291.358,5624250.716,draft
point_alpha_corridor,134,road,1,16,559319.718,5624283.317,draft
point_alpha_corridor,134,road,1,17,559343.299,5624304.813,draft
point_alpha_corridor,134,road,1,18,559689.873,5624585.072,draft
point_alpha_corridor,134,road,1,19,559769.722,5624644.741,draft
point_alpha_corridor,134,road,1,20,559830.338,5624681.151,draft
point_alpha_corridor,134,road,1,21,559918.027,5624733.823,draft
point_alpha_corridor,135,road,1,0,560074.049,5624837.073,draft
point_alpha_corridor,135,road,1,1,559811.589,5624832.14,draft
point_alpha_corridor,135,road,1,2,559109.176,5624804.245,draft
point_alpha_corridor,135,road,1,3,559032.527,5624797.39,draft
point_alpha_corridor,135,road,1,4,558961.333,5624782.703,draft
point_alpha_corridor,135,road,1,5,558826.831,5624756.137,draft
point_alpha_corridor,135,road,1,6,558771.518,5624741.772,draft
point_alpha_corridor,135,road,1,7,558724.252,5624722.276,draft
point_alpha_corridor,135,road,1,8,558636.013,5624685.735,draft
point_alpha_corridor,135,road,1,9,558591.241,5624672.815,draft
point_alpha_corridor,135,road,1,10,558544.366,5624664.857,draft
point_alpha_corridor,135,road,1,11,558451.455,5624656.963,draft
point_alpha_corridor,135,road,1,12,558419.464,5624655.311,draft
point_alpha_corridor,135,road,1,13,558360.463,5624653.111,draft
point_alpha_corridor,135,road,1,14,558317.448,5624652.236,draft
point_alpha_corridor,135,road,1,15,558275.534,5624646.38,draft
point_alpha_corridor,135,road,1,16,558222.861,5624628.295,draft
point_alpha_corridor,135,road,1,17,558178.467,5624607.909,draft
point_alpha_corridor,135,road,1,18,558141.896,5624583.334,draft
point_alpha_corridor,135,road,1,19,558105.541,5624548.173,draft
point_alpha_corridor,135,road,1,20,558071.94,5624507.771,draft
point_alpha_corridor,135,road,1,21,558041.201,5624456.836,draft
point_alpha_corridor,135,road,1,22,557999.606,5624418.92,draft
point_alpha_corridor,135,road,1,23,557903.072,5624377.192,draft
point_alpha_corridor,136,road,1,0,558050.046,5626612.113,draft
point_alpha_corridor,136,road,1,1,557956.045,5626416.906,draft
point_alpha_corridor,136,road,1,2,557925.845,5626339.503,draft
point_alpha_corridor,136,road,1,3,557881.271,5626187.667,draft
point_alpha_corridor,136,road,1,4,557857.01,5626078.61,draft
point_alpha_corridor,136,road,1,5,557844.907,5626022.758,draft
point_alpha_corridor,136,road,1,6,557821.947,5625979.925,draft
point_alpha_corridor,136,road,1,7,557793.532,5625944.925,draft
point_alpha_corridor,136,road,1,8,557723.097,5625877.103,draft
point_alpha_corridor,137,road,1,0,560552.298,5621545.246,draft
point_alpha_corridor,137,road,1,1,560523.75,5621718.8,draft
point_alpha_corridor,137,road,1,2,560513.055,5621752.609,draft
point_alpha_corridor,137,road,1,3,560499.359,5621786.356,draft
point_alpha_corridor,137,road,1,4,560470.108,5621846.809,draft
point_alpha_corridor,137,road,1,5,560443.484,5621897.239,draft
point_alpha_corridor,137,road,1,6,560352.492,5622069.591,draft
point_alpha_corridor,137,road,1,7,560333.774,5622104.238,draft
point_alpha_corridor,137,road,1,8,560320.077,5622137.986,draft
point_alpha_corridor,137,road,1,9,560291.136,5622232.47,draft
point_alpha_corridor,137,road,1,10,560213.711,5622644.215,draft
point_alpha_corridor,137,road,1,11,560210.897,5622684.189,draft
point_alpha_corridor,137,road,1,12,560203.776,5622739.087,draft
point_alpha_corridor,137,road,1,13,560193.027,5622873.973,draft
point_alpha_corridor,137,road,1,14,560182.865,5622930.81,draft
point_alpha_corridor,137,road,1,15,560095.775,5623243.863,draft
point_alpha_corridor,137,road,1,16,560085.693,5623280.105,draft
point_alpha_corridor,137,road,1,17,560080.898,5623319.038,draft
point_alpha_corridor,137,road,1,18,560084.025,5623362.135,draft
point_alpha_corridor,137,road,1,19,560114.862,5623765.073,draft
point_alpha_corridor,137,road,1,20,560114.069,5623804.087,draft
point_alpha_corridor,137,road,1,21,560108.827,5623865.028,draft
point_alpha_corridor,137,road,1,22,560066.043,5624041.468,draft
point_alpha_corridor,137,road,1,23,560033.581,5624218.772,draft
point_alpha_corridor,137,road,1,24,560014.61,5624290.431,draft
point_alpha_corridor,137,road,1,25,560016.396,5624332.834,draft
point_alpha_corridor,137,road,1,26,560031.631,5624364.918,draft
point_alpha_corridor,137,road,1,27,560057.561,5624391.925,draft
point_alpha_corridor,137,road,1,28,560083.49,5624418.931,draft
point_alpha_corridor,137,road,1,29,560101.157,5624461.656,draft
point_alpha_corridor,137,road,1,30,560100.35,5624501.358,draft
point_alpha_corridor,137,road,1,31,560091.494,5624546.192,draft
point_alpha_corridor,137,road,1,32,560064.327,5624580.062,draft
point_alpha_corridor,137,road,1,33,560015.931,5624616.149,draft
point_alpha_corridor,137,road,1,34,559969.967,5624662.876,draft
point_alpha_corridor,137,road,1,35,559918.027,5624733.823,draft
point_alpha_corridor,138,road,1,0,560584.294,5621349.745,draft
point_alpha_corridor,138,road,1,1,560552.298,5621545.246,draft
point_alpha_corridor,139,road,1,0,560675.319,5621253.52,draft
point_alpha_corridor,139,road,1,1,560597.598,5621112.874,draft
point_alpha_corridor,139,road,1,2,560555.626,5621036.922,draft
point_alpha_corridor,140,road,1,0,560595.458,5624860.048,draft
point_alpha_corridor,140,road,1,1,560609.242,5624979.781,draft
point_alpha_corridor,140,road,1,2,560638.16,5625025.131,draft
point_alpha_corridor,140,road,1,3,560689.299,5625078.393,draft
point_alpha_corridor,140,road,1,4,560707.032,5625123.515,draft
point_alpha_corridor,140,road,1,5,560709.624,5625179.52,draft
point_alpha_corridor,140,road,1,6,560712.518,5625220.61,draft
point_alpha_corridor,140,road,1,7,560715.716,5625246.786,draft
point_alpha_corridor,140,road,1,8,560745.014,5625273.493,draft
point_alpha_corridor,140,road,1,9,560981.194,5625405.946,draft
point_alpha_corridor,141,road,1,0,560392.689,5621273.794,draft
point_alpha_corridor,141,road,1,1,560432.825,5621268.606,draft
point_alpha_corridor,141,road,1,2,560469.716,5621275.36,draft
point_alpha_corridor,141,road,1,3,560498.625,5621280.952,draft
point_alpha_corridor,141,road,1,4,560527.371,5621294.546,draft
point_alpha_corridor,141,road,1,5,560584.294,5621349.745,draft
point_alpha_corridor,142,road,1,0,560675.319,5621253.52,draft
point_alpha_corridor,142,road,1,1,560584.294,5621349.745,draft
point_alpha_corridor,143,road,1,0,561187.21,5625166.947,draft
point_alpha_corridor,143,road,1,1,561046.762,5625035.992,draft
point_alpha_corridor,143,road,1,2,561021.098,5625018.457,draft
point_alpha_corridor,143,road,1,3,560807.77,5624928.052,draft
point_alpha_corridor,143,road,1,4,560732.189,5624904.498,draft
point_alpha_corridor,143,road,1,5,560643.686,5624876.678,draft
point_alpha_corridor,143,road,1,6,560595.458,5624860.048,draft
point_alpha_corridor,144,road,1,0,559918.027,5624733.823,draft
point_alpha_corridor,144,road,1,1,560074.049,5624837.073,draft
point_alpha_corridor,145,road,1,0,560595.458,5624860.048,draft
point_alpha_corridor,145,road,1,1,560554.243,5624845.837,draft
point_alpha_corridor,145,road,1,2,560524.416,5624836.223,draft
point_alpha_corridor,145,road,1,3,560493.547,5624828.59,draft
point_alpha_corridor,145,road,1,4,560463.638,5624822.978,draft
point_alpha_corridor,145,road,1,5,560418.682,5624819.062,draft
point_alpha_corridor,145,road,1,6,560074.049,5624837.073,draft
point_alpha_corridor,146,road,1,0,555150.626,5623687.137,draft
point_alpha_corridor,146,road,1,1,555434.262,5624060.188,draft
point_alpha_corridor,146,road,1,2,555475.385,5624154.095,draft
point_alpha_corridor,147,road,1,0,555925.357,5623827.99,draft
point_alpha_corridor,147,road,1,1,555926.236,5623934.309,draft
point_alpha_corridor,147,road,1,2,555940.018,5624037.857,draft
point_alpha_corridor,147,road,1,3,555959.9,5624101.81,draft
point_alpha_corridor,147,road,1,4,555988.207,5624142.104,draft
point_alpha_corridor,147,road,1,5,556106.517,5624319.049,draft
point_alpha_corridor,147,road,1,6,556193.025,5624444.904,draft
point_alpha_corridor,147,road,1,7,556233.799,5624506.78,draft
point_alpha_corridor,147,road,1,8,556249.052,5624544.118,draft
point_alpha_corridor,147,road,1,9,556251.463,5624573.19,draft
point_alpha_corridor,147,road,1,10,556249.856,5624652.218,draft
point_alpha_corridor,147,road,1,11,556224.877,5624797.822,draft
point_alpha_corridor,147,road,1,12,556210.55,5624862.581,draft
point_alpha_corridor,147,road,1,13,556199.956,5624891.388,draft
point_alpha_corridor,147,road,1,14,556186.382,5624919.133,draft
point_alpha_corridor,147,road,1,15,556169.949,5624939.815,draft
point_alpha_corridor,147,road,1,16,556142.35,5624968.276,draft
point_alpha_corridor,147,road,1,17,556061.283,5625017.666,draft
point_alpha_corridor,147,road,1,18,556024.802,5625039.942,draft
point_alpha_corridor,148,road,1,0,557903.072,5624377.192,draft
point_alpha_corridor,148,road,1,1,557772.103,5624254.848,draft
point_alpha_corridor,148,road,1,2,557733.74,5624222.043,draft
point_alpha_corridor,148,road,1,3,557699.297,5624193.321,draft
point_alpha_corridor,148,road,1,4,557657.79,5624167.457,draft
point_alpha_corridor,148,road,1,5,557274.952,5623985.818,draft
point_alpha_corridor,148,road,1,6,557159.247,5623946.395,draft
point_alpha_corridor,148,road,1,7,557069.956,5623910.156,draft
point_alpha_corridor,148,road,1,8,556899.584,5623824.607,draft
point_alpha_corridor,148,road,1,9,556833.899,5623799.441,draft
point_alpha_corridor,148,road,1,10,556788.741,5623792.509,draft
point_alpha_corridor,149,road,1,0,552561.267,5623016.997,draft
point_alpha_corridor,149,road,1,1,552698.412,5622999.512,draft
point_alpha_corridor,149,road,1,2,552799.205,5622990.971,draft
point_alpha_corridor,149,road,1,3,553107.36,5622941.634,draft
point_alpha_corridor,149,road,1,4,553184.385,5622929.961,draft
point_alpha_corridor,149,road,1,5,553261.787,5622899.761,draft
point_alpha_corridor,149,road,1,6,553333.519,5622887.981,draft
point_alpha_corridor,149,road,1,7,553429.018,5622879.332,draft
point_alpha_corridor,149,road,1,8,553521.601,5622883.863,draft
point_alpha_corridor,149,road,1,9,553815.015,5622908.366,draft
point_alpha_corridor,149,road,1,10,553878.537,5622909.658,draft
point_alpha_corridor,149,road,1,11,553915.861,5622897.178,draft
point_alpha_corridor,149,road,1,12,553958.478,5622884.805,draft
point_alpha_corridor,149,road,1,13,554089.744,5622804.901,draft
point_alpha_corridor,150,road,1,0,556954.677,5623211.434,draft
point_alpha_corridor,150,road,1,1,557013.066,5623307.908,draft
point_alpha_corridor,150,road,1,2,557063.583,5623323.764,draft
point_alpha_corridor,150,road,1,3,557234.598,5623351.602,draft
point_alpha_corridor,150,road,1,4,557412.855,5623414.01,draft
point_alpha_corridor,150,road,1,5,557556.777,5623446.063,draft
point_alpha_corridor,150,road,1,6,557593.358,5623453.103,draft
point_alpha_corridor,150,road,1,7,557630.629,5623460.275,draft
point_alpha_corridor,150,road,1,8,557687.843,5623459.32,draft
point_alpha_corridor,150,road,1,9,557744.97,5623462.6,draft
point_alpha_corridor,150,road,1,10,557906.72,5623529.438,draft
point_alpha_corridor,151,road,1,0,558017.622,5622614.574,draft
point_alpha_corridor,151,road,1,1,557959.389,5622584.181,draft
point_alpha_corridor,151,road,1,2,557924.254,5622541.1,draft
point_alpha_corridor,151,road,1,3,557912.496,5622494.259,draft
point_alpha_corridor,151,road,1,4,557890.236,5622419.933,draft
point_alpha_corridor,151,road,1,5,557767.012,5622192.157,draft
point_alpha_corridor,151,road,1,6,557748.656,5622159.76,draft
point_alpha_corridor,151,road,1,7,557728.198,5622132.323,draft
point_alpha_corridor,151,road,1,8,557462.838,5621844.711,draft
point_alpha_corridor,151,road,1,9,557360.713,5621748.562,draft
point_alpha_corridor,151,road,1,10,557339.153,5621726.107,draft
point_alpha_corridor,151,road,1,11,557307.833,5621691.444,draft
point_alpha_corridor,151,road,1,12,557275.513,5621656.76,draft
point_alpha_corridor,151,road,1,13,557246.255,5621619.137,draft
point_alpha_corridor,151,road,1,14,557217.977,5621582.535,draft
point_alpha_corridor,151,road,1,15,557201.48,5621557.18,draft
point_alpha_corridor,151,road,1,16,557187.024,5621529.865,draft
point_alpha_corridor,151,road,1,17,557173.568,5621502.571,draft
point_alpha_corridor,151,road,1,18,557162.153,5621473.317,draft
point_alpha_corridor,151,road,1,19,557134.648,5621398.701,draft
point_alpha_corridor,151,road,1,20,557116.537,5621354.299,draft
point_alpha_corridor,151,road,1,21,557096.363,5621312.857,draft
point_alpha_corridor,151,road,1,22,557046.298,5621215.765,draft
point_alpha_corridor,151,road,1,23,557026.124,5621174.324,draft
point_alpha_corridor,151,road,1,24,556993.556,5621102.607,draft
point_alpha_corridor,151,road,1,25,556923.683,5620946.068,draft
point_alpha_corridor,151,road,1,26,556904.47,5620906.647,draft
point_alpha_corridor,151,road,1,27,556888.399,5620860.285,draft
point_alpha_corridor,151,road,1,28,556881.108,5620825.11,draft
point_alpha_corridor,151,road,1,29,556849.411,5620661.341,draft
point_alpha_corridor,151,road,1,30,556840.12,5620626.125,draft
point_alpha_corridor,151,road,1,31,556829.747,5620594.89,draft
point_alpha_corridor,151,road,1,32,556643.241,5620169.776,draft
point_alpha_corridor,152,road,1,0,557903.072,5624377.192,draft
point_alpha_corridor,152,road,1,1,557867.052,5624426.816,draft
point_alpha_corridor,152,road,1,2,557837.237,5624460.632,draft
point_alpha_corridor,152,road,1,3,557799.59,5624488.993,draft
point_alpha_corridor,152,road,1,4,557200.028,5624925.739,draft
point_alpha_corridor,152,road,1,5,557120.698,5624988.175,draft
point_alpha_corridor,152,road,1,6,557090.097,5625016.575,draft
point_alpha_corridor,152,road,1,7,557062.599,5625040.034,draft
point_alpha_corridor,152,road,1,8,556988.661,5625132.603,draft
point_alpha_corridor,153,road,1,0,557718.888,5622939.401,draft
point_alpha_corridor,153,road,1,1,557786.683,5622898.1,draft
point_alpha_corridor,153,road,1,2,557912.174,5622809.614,draft
point_alpha_corridor,153,road,1,3,557949.902,5622777.283,draft
point_alpha_corridor,153,road,1,4,557976.988,5622747.383,draft
point_alpha_corridor,153,road,1,5,557997.485,5622716.025,draft
point_alpha_corridor,153,road,1,6,558007.529,5622677.835,draft
point_alpha_corridor,153,road,1,7,558017.622,5622614.574,draft
point_alpha_corridor,154,road,1,0,555483.298,5626471.037,draft
point_alpha_corridor,154,road,1,1,555473.537,5626114.564,draft
point_alpha_corridor,154,road,1,2,555474.35,5626074.55,draft
point_alpha_corridor,154,road,1,3,555477.002,5626042.579,draft
point_alpha_corridor,154,road,1,4,555495.47,5625921.861,draft
point_alpha_corridor,154,road,1,5,555502.185,5625886.971,draft
point_alpha_corridor,154,road,1,6,555507.716,5625861.064,draft
point_alpha_corridor,154,road,1,7,555516.207,5625837.218,draft
point_alpha_corridor,154,road,1,8,555585.323,5625686.507,draft
point_alpha_corridor,154,road,1,9,555597.897,5625658.741,draft
point_alpha_corridor,154,road,1,10,555609.471,5625630.955,draft
point_alpha_corridor,154,road,1,11,555659.665,5625524.894,draft
point_alpha_corridor,154,road,1,12,555674.362,5625491.166,draft
point_alpha_corridor,154,road,1,13,555685.118,5625454.357,draft
point_alpha_corridor,154,road,1,14,555685.871,5625417.344,draft
point_alpha_corridor,154,road,1,15,555693.952,5625364.467,draft
point_alpha_corridor,154,road,1,16,555707.096,5625308.691,draft
point_alpha_corridor,154,road,1,17,555737.612,5625235.255,draft
point_alpha_corridor,154,road,1,18,555751.146,5625209.51,draft
point_alpha_corridor,154,road,1,19,555770.641,5625185.889,draft
point_alpha_corridor,154,road,1,20,555797.138,5625162.409,draft
point_alpha_corridor,154,road,1,21,555931.463,5625090.152,draft
point_alpha_corridor,155,road,1,0,556238.247,5623599.173,draft
point_alpha_corridor,155,road,1,1,556336.821,5623722.271,draft
point_alpha_corridor,156,road,1,0,554997.229,5623750.068,draft
point_alpha_corridor,156,road,1,1,554947.578,5623731.044,draft
point_alpha_corridor,156,road,1,2,554773.595,5623674.465,draft
point_alpha_corridor,156,road,1,3,554754.751,5623666.075,draft
point_alpha_corridor,156,road,1,4,554724.493,5623628.431,draft
point_alpha_corridor,156,road,1,5,554643.929,5623554.738,draft
point_alpha_corridor,156,road,1,6,554578.923,5623503.377,draft
point_alpha_corridor,156,road,1,7,554542.276,5623484.618,draft
point_alpha_corridor,156,road,1,8,554450.22,5623434.709,draft
point_alpha_corridor,156,road,1,9,554400.842,5623403.823,draft
point_alpha_corridor,156,road,1,10,554369.188,5623384.023,draft
point_alpha_corridor,156,road,1,11,554329.947,5623345.196,draft
point_alpha_corridor,156,road,1,12,554310.205,5623321.408,draft
point_alpha_corridor,156,road,1,13,554298.689,5623307.532,draft
point_alpha_corridor,156,road,1,14,554273.554,5623263.988,draft
point_alpha_corridor,156,road,1,15,554243.764,5623203.336,draft
point_alpha_corridor,156,road,1,16,554112.512,5622866.411,draft
point_alpha_corridor,156,road,1,17,554089.744,5622804.901,draft
point_alpha_corridor,157,road,1,0,554187.53,5625475.933,draft
point_alpha_corridor,157,road,1,1,554198.368,5625435.122,draft
point_alpha_corridor,157,road,1,2,554225.047,5625398.393,draft
point_alpha_corridor,157,road,1,3,554263.764,5625369.525,draft
point_alpha_corridor,157,road,1,4,554317.733,5625319.783,draft
point_alpha_corridor,157,road,1,5,554343.788,5625288.539,draft
point_alpha_corridor,157,road,1,6,554363.448,5625259.282,draft
point_alpha_corridor,157,road,1,7,554387.515,5625221.643,draft
point_alpha_corridor,157,road,1,8,554407.697,5625175.111,draft
point_alpha_corridor,157,road,1,9,554423.916,5625121.466,draft
point_alpha_corridor,157,road,1,10,554430.416,5625091.181,draft
point_alpha_corridor,157,road,1,11,554435.263,5625055.646,draft
point_alpha_corridor,157,road,1,12,554434.035,5625017.592,draft
point_alpha_corridor,157,road,1,13,554420.003,5624920.232,draft
point_alpha_corridor,157,road,1,14,554414.917,5624875.094,draft
point_alpha_corridor,157,road,1,15,554418.468,5624848.146,draft
point_alpha_corridor,157,road,1,16,554425.141,5624815.256,draft
point_alpha_corridor,157,road,1,17,554435.877,5624779.447,draft
point_alpha_corridor,157,road,1,18,554469.696,5624642.029,draft
point_alpha_corridor,157,road,1,19,554485.349,5624561.286,draft
point_alpha_corridor,157,road,1,20,554495.407,5624460.413,draft
point_alpha_corridor,157,road,1,21,554496.201,5624421.399,draft
point_alpha_corridor,157,road,1,22,554501.976,5624383.487,draft
point_alpha_corridor,157,road,1,23,554508.609,5624352.598,draft
point_alpha_corridor,157,road,1,24,554519.324,5624317.789,draft
point_alpha_corridor,157,road,1,25,554553.106,5624231.41,draft
point_alpha_corridor,157,road,1,26,554584.663,5624155.993,draft
point_alpha_corridor,157,road,1,27,554686.011,5623945.892,draft
point_alpha_corridor,157,road,1,28,554702.647,5623915.207,draft
point_alpha_corridor,157,road,1,29,554716.059,5623895.464,draft
point_alpha_corridor,157,road,1,30,554740.495,5623874.945,draft
point_alpha_corridor,157,road,1,31,554807.21,5623842.276,draft
point_alpha_corridor,157,road,1,32,554997.229,5623750.068,draft
point_alpha_corridor,158,road,1,0,556009.739,5623320.315,draft
point_alpha_corridor,158,road,1,1,556046.213,5623199.964,draft
point_alpha_corridor,158,road,1,2,556054.968,5623163.114,draft
point_alpha_corridor,158,road,1,3,556055.782,5623123.1,draft
point_alpha_corridor,158,road,1,4,556054.331,5623096.049,draft
point_alpha_corridor,158,road,1,5,556053.697,5623078.023,draft
point_alpha_corridor,158,road,1,6,556047.569,5623034.865,draft
point_alpha_corridor,158,road,1,7,556030.698,5622929.442,draft
point_alpha_corridor,158,road,1,8,556015.934,5622868.094,draft
point_alpha_corridor,158,road,1,9,556003.885,5622820.814,draft
point_alpha_corridor,158,road,1,10,555685.744,5622126.817,draft
point_alpha_corridor,159,road,1,0,555928.653,5623665.933,draft
point_alpha_corridor,159,road,1,1,556060.863,5623660.615,draft
point_alpha_corridor,159,road,1,2,556100.978,5623656.427,draft
point_alpha_corridor,159,road,1,3,556138.195,5623647.177,draft
point_alpha_corridor,159,road,1,4,556164.428,5623636.702,draft
point_alpha_corridor,159,road,1,5,556238.247,5623599.173,draft
point_alpha_corridor,160,road,1,0,556238.247,5623599.173,draft
point_alpha_corridor,160,road,1,1,556567.493,5623402.713,draft
point_alpha_corridor,160,road,1,2,556715.005,5623320.669,draft
point_alpha_corridor,160,road,1,3,556954.677,5623211.434,draft
point_alpha_corridor,161,road,1,0,554997.229,5623750.068,draft
point_alpha_corridor,161,road,1,1,555052.778,5623725.178,draft
point_alpha_corridor,161,road,1,2,555096.118,5623710.047,draft
point_alpha_corridor,161,road,1,3,555150.626,5623687.137,draft
point_alpha_corridor,162,road,1,0,556759.124,5625937.558,draft
point_alpha_corridor,162,road,1,1,556839.136,5625989.224,draft
point_alpha_corridor,162,road,1,2,556865.942,5625999.777,draft
point_alpha_corridor,162,road,1,3,556891.789,5626008.309,draft
point_alpha_corridor,162,road,1,4,556953.689,5626015.572,draft
point_alpha_corridor,162,road,1,5,556984.7,5626016.203,draft
point_alpha_corridor,162,road,1,6,557020.774,5626013.935,draft
point_alpha_corridor,162,road,1,7,557050.008,5626003.521,draft
point_alpha_corridor,162,road,1,8,557194.853,5625967.437,draft
point_alpha_corridor,162,road,1,9,557213.921,5625964.822,draft
point_alpha_corridor,162,road,1,10,557234.929,5625965.249,draft
point_alpha_corridor,162,road,1,11,557253.915,5625966.636,draft
point_alpha_corridor,162,road,1,12,557378.329,5626000.191,draft
point_alpha_corridor,162,road,1,13,557399.337,5626000.618,draft
point_alpha_corridor,162,road,1,14,557430.429,5625997.247,draft
point_alpha_corridor,162,road,1,15,557460.623,5625988.855,draft
point_alpha_corridor,162,road,1,16,557496.042,5625969.56,draft
point_alpha_corridor,162,road,1,17,557723.097,5625877.103,draft
point_alpha_corridor,163,road,1,0,554385.745,5626002.556,draft
point_alpha_corridor,163,road,1,1,554374.628,5625970.116,draft
point_alpha_corridor,163,road,1,2,554364.214,5625940.882,draft
point_alpha_corridor,163,road,1,3,554351.535,5625924.611,draft
point_alpha_corridor,163,road,1,4,554330.528,5625924.184,draft
point_alpha_corridor,163,road,1,5,554303.233,5625937.639,draft
point_alpha_corridor,163,road,1,6,554148.572,5626013.554,draft
point_alpha_corridor,163,road,1,7,554041.258,5625917.484,draft
point_alpha_corridor,163,road,1,8,554026.25,5625874.283,draft
point_alpha_corridor,163,road,1,9,554013.217,5625812.058,draft
point_alpha_corridor,164,road,1,0,554187.53,5625475.933,draft
point_alpha_corridor,164,road,1,1,554136.42,5625456.837,draft
point_alpha_corridor,164,road,1,2,554111.441,5625435.146,draft
point_alpha_corridor,164,road,1,3,554100.208,5625390.092,draft
point_alpha_corridor,164,road,1,4,554106.64,5625358.79,draft
point_alpha_corridor,164,road,1,5,554191.902,5625211.82,draft
point_alpha_corridor,164,road,1,6,554200.23,5625195.977,draft
point_alpha_corridor,164,road,1,7,554203.598,5625178.031,draft
point_alpha_corridor,164,road,1,8,554192.878,5625163.803,draft
point_alpha_corridor,164,road,1,9,554164.133,5625150.208,draft
point_alpha_corridor,164,road,1,10,554129.344,5625138.492,draft
point_alpha_corridor,164,road,1,11,553983.039,5625099.491,draft
point_alpha_corridor,164,road,1,12,553885.479,5625073.485,draft
point_alpha_corridor,164,road,1,13,553854.692,5625061.85,draft
point_alpha_corridor,164,road,1,14,553835.01,5625045.438,draft
point_alpha_corridor,164,road,1,15,553765.778,5624982.881,draft
point_alpha_corridor,164,road,1,16,553553.108,5624790.72,draft
point_alpha_corridor,164,road,1,17,553457.651,5624704.506,draft
point_alpha_corridor,164,road,1,18,553434.131,5624680.009,draft
point_alpha_corridor,164,road,1,19,553397.115,5624630.219,draft
point_alpha_corridor,164,road,1,20,553368.203,5624575.589,draft
point_alpha_corridor,164,road,1,21,553350.011,5624535.189,draft
point_alpha_corridor,164,road,1,22,553332.493,5624510.814,draft
point_alpha_corridor,164,road,1,23,553298.091,5624480.091,draft
point_alpha_corridor,164,road,1,24,553123.203,5624320.414,draft
point_alpha_corridor,164,road,1,25,553089.7,5624294.713,draft
point_alpha_corridor,164,road,1,26,553063.975,5624280.179,draft
point_alpha_corridor,164,road,1,27,553035.067,5624274.588,draft
point_alpha_corridor,164,road,1,28,552985.049,5624273.57,draft
point_alpha_corridor,164,road,1,29,552915.863,5624280.169,draft
point_alpha_corridor,164,road,1,30,552875.747,5624284.357,draft
point_alpha_corridor,164,road,1,31,552843.735,5624283.705,draft
point_alpha_corridor,164,road,1,32,552813.847,5624277.093,draft
point_alpha_corridor,164,road,1,33,552799.964,5624270.806,draft
point_alpha_corridor,164,road,1,34,552786.102,5624263.519,draft
point_alpha_corridor,164,road,1,35,552700.028,5624214.732,draft
point_alpha_corridor,164,road,1,36,552673.344,5624198.177,draft
point_alpha_corridor,164,road,1,37,552647.762,5624176.64,draft
point_alpha_corridor,164,road,1,38,552573.038,5624111.071,draft
point_alpha_corridor,164,road,1,39,552515.055,5624058.853,draft
point_alpha_corridor,164,road,1,40,552481.491,5624036.153,draft
point_alpha_corridor,164,road,1,41,552446.764,5624021.436,draft
point_alpha_corridor,164,road,1,42,552405.953,5624010.598,draft
point_alpha_corridor,164,road,1,43,552232.953,5624004.077,draft
point_alpha_corridor,164,road,1,44,552201.943,5624003.446,draft
point_alpha_corridor,164,road,1,45,552169.094,5623994.771,draft
point_alpha_corridor,164,road,1,46,552146.452,5623976.297,draft
point_alpha_corridor,164,road,1,47,552135.998,5623949.064,draft
point_alpha_corridor,164,road,1,48,552131.83,5623907.948,draft
point_alpha_corridor,164,road,1,49,552137.605,5623870.036,draft
point_alpha_corridor,164,road,1,50,552147.422,5623830.205,draft
point_alpha_corridor,164,road,1,51,552171.713,5623767.651,draft
point_alpha_corridor,164,road,1,52,552198.698,5623720.164,draft
point_alpha_corridor,164,road,1,53,552210.394,5623686.376,draft
point_alpha_corridor,164,road,1,54,552236.885,5623564.821,draft
point_alpha_corridor,164,road,1,55,552245.702,5623524.97,draft
point_alpha_corridor,164,road,1,56,552287.402,5623393.718,draft
point_alpha_corridor,164,road,1,57,552307.222,5623354.091,draft
point_alpha_corridor,164,road,1,58,552326.022,5623315.443,draft
point_alpha_corridor,164,road,1,59,552395.528,5623194.764,draft
point_alpha_corridor,165,road,1,0,554089.744,5622804.901,draft
point_alpha_corridor,165,road,1,1,554137.782,5622804.878,draft
point_alpha_corridor,165,road,1,2,554168.65,5622812.511,draft
point_alpha_corridor,165,road,1,3,554197.416,5622825.105,draft
point_alpha_corridor,165,road,1,4,554614.631,5623053.563,draft
point_alpha_corridor,165,road,1,5,554680.208,5623084.024,draft
point_alpha_corridor,165,road,1,6,554751.24,5623106.651,draft
point_alpha_corridor,165,road,1,7,554833.075,5623118.907,draft
point_alpha_corridor,165,road,1,8,554920.364,5623123.33,draft
point_alpha_corridor,165,road,1,9,555079.494,5623110.679,draft
point_alpha_corridor,165,road,1,10,555153.872,5623098.953,draft
point_alpha_corridor,165,road,1,11,555206.915,5623094.736,draft
point_alpha_corridor,165,road,1,12,555264.983,5623103.861,draft
point_alpha_corridor,165,road,1,13,555320.134,5623126.165,draft
point_alpha_corridor,165,road,1,14,555370.046,5623145.715,draft
point_alpha_corridor,165,road,1,15,555422.928,5623149.439,draft
point_alpha_corridor,165,road,1,16,555544.895,5623141.328,draft
point_alpha_corridor,165,road,1,17,555626.891,5623145.643,draft
point_alpha_corridor,165,road,1,18,555713.911,5623163.3,draft
point_alpha_corridor,165,road,1,19,555774.279,5623186.428,draft
point_alpha_corridor,165,road,1,20,555833.487,5623227.662,draft
point_alpha_corridor,165,road,1,21,555883.549,5623275.717,draft
point_alpha_corridor,165,road,1,22,555904.23,5623292.15,draft
point_alpha_corridor,165,road,1,23,555930.016,5623303.682,draft
point_alpha_corridor,165,road,1,24,556009.739,5623320.315,draft
point_alpha_corridor,166,road,1,0,555931.463,5625090.152,draft
point_alpha_corridor,166,road,1,1,556024.802,5625039.942,draft
point_alpha_corridor,167,road,1,0,556622.492,5626357.104,draft
point_alpha_corridor,167,road,1,1,556660.255,5626271.806,draft
point_alpha_corridor,167,road,1,2,556678.502,5626211.13,draft
point_alpha_corridor,167,road,1,3,556691.178,5626178.362,draft
point_alpha_corridor,167,road,1,4,556701.609,5626157.558,draft
point_alpha_corridor,167,road,1,5,556723.206,5626128.975,draft
point_alpha_corridor,167,road,1,6,556736.577,5626111.233,draft
point_alpha_corridor,167,road,1,7,556742.905,5626095.35,draft
point_alpha_corridor,167,road,1,8,556745.394,5626071.382,draft
point_alpha_corridor,167,road,1,9,556759.124,5625937.558,draft
point_alpha_corridor,168,road,1,0,556759.124,5625937.558,draft
point_alpha_corridor,168,road,1,1,556730.765,5625904.956,draft
point_alpha_corridor,168,road,1,2,556720.229,5625881.724,draft
point_alpha_corridor,168,road,1,3,556718.757,5625855.674,draft
point_alpha_corridor,168,road,1,4,556724.207,5625833.768,draft
point_alpha_corridor,168,road,1,5,556732.576,5625815.924,draft
point_alpha_corridor,168,road,1,6,556751.01,5625795.283,draft
point_alpha_corridor,168,road,1,7,556809.783,5625759.45,draft
point_alpha_corridor,168,road,1,8,556786.385,5625728.951,draft
point_alpha_corridor,168,road,1,9,556719.989,5625647.539,draft
point_alpha_corridor,168,road,1,10,556702.369,5625628.166,draft
point_alpha_corridor,168,road,1,11,556664.067,5625592.36,draft
point_alpha_corridor,168,road,1,12,556583.995,5625543.695,draft
point_alpha_corridor,168,road,1,13,556529.585,5625512.565,draft
point_alpha_corridor,168,road,1,14,556442.612,5625458.756,draft
point_alpha_corridor,168,road,1,15,556409.129,5625432.055,draft
point_alpha_corridor,168,road,1,16,556262.49,5625273.366,draft
point_alpha_corridor,168,road,1,17,556232.428,5625251.774,draft
point_alpha_corridor,168,road,1,18,556024.802,5625039.942,draft
point_alpha_corridor,169,road,1,0,556988.661,5625132.603,draft
point_alpha_corridor,169,road,1,1,556958.607,5625062.314,draft
point_alpha_corridor,169,road,1,2,556792.604,5624674.077,draft
point_alpha_corridor,169,road,1,3,556725.852,5624522.792,draft
point_alpha_corridor,169,road,1,4,556560.542,5624138.137,draft
point_alpha_corridor,170,road,1,0,557723.097,5625877.103,draft
point_alpha_corridor,170,road,1,1,557467.26,5625713.219,draft
point_alpha_corridor,170,road,1,2,557399.304,5625669.47,draft
point_alpha_corridor,170,road,1,3,557331.403,5625623.075,draft
point_alpha_corridor,170,road,1,4,557284.73,5625574.464,draft
point_alpha_corridor,170,road,1,5,557134.662,5625401.947,draft
point_alpha_corridor,170,road,1,6,557101.007,5625364.193,draft
point_alpha_corridor,170,road,1,7,557080.533,5625329.354,draft
point_alpha_corridor,170,road,1,8,556988.661,5625132.603,draft
point_alpha_corridor,171,road,1,0,554089.744,5622804.901,draft
point_alpha_corridor,171,road,1,1,553936.721,5622652.675,draft
point_alpha_corridor,171,road,1,2,553791.113,5622521.292,draft
point_alpha_corridor,171,road,1,3,553690.15,5622408.029,draft
point_alpha_corridor,171,road,1,4,553635.807,5622346.023,draft
point_alpha_corridor,171,road,1,5,553578.385,5622305.137,draft
point_alpha_corridor,171,road,1,6,553518.102,5622274.785,draft
point_alpha_corridor,171,road,1,7,553342.384,5622191.775,draft
point_alpha_corridor,171,road,1,8,553305.545,5622180.434,draft
point_alpha_corridor,171,road,1,9,553252.609,5622179.357,draft
point_alpha_corridor,171,road,1,10,553175.799,5622180.443,draft
point_alpha_corridor,171,road,1,11,553128.373,5622168.887,draft
point_alpha_corridor,171,road,1,12,553083.809,5622146.798,draft
point_alpha_corridor,171,road,1,13,553044.915,5622106.289,draft
point_alpha_corridor,171,road,1,14,553009.228,5622073.632,draft
point_alpha_corridor,171,road,1,15,552951.431,5622051.273,draft
point_alpha_corridor,171,road,1,16,552895.795,5622052.79,draft
point_alpha_corridor,171,road,1,17,552832.438,5622034.761,draft
point_alpha_corridor,172,road,1,0,554013.217,5625812.058,draft
point_alpha_corridor,172,road,1,1,554111.298,5625779.617,draft
point_alpha_corridor,172,road,1,2,554158.702,5625761.566,draft
point_alpha_corridor,172,road,1,3,554186.078,5625744.109,draft
point_alpha_corridor,172,road,1,4,554207.634,5625717.527,draft
point_alpha_corridor,172,road,1,5,554214.309,5625689.051,draft
point_alpha_corridor,172,road,1,6,554207.177,5625649.188,draft
point_alpha_corridor,172,road,1,7,554195.506,5625598.111,draft
point_alpha_corridor,172,road,1,8,554187.302,5625532.807,draft
point_alpha_corridor,172,road,1,9,554187.53,5625475.933,draft
point_alpha_corridor,173,road,1,0,555483.298,5626471.037,draft
point_alpha_corridor,173,road,1,1,555400.455,5626509.382,draft
point_alpha_corridor,173,road,1,2,555381.387,5626511.997,draft
point_alpha_corridor,173,road,1,3,555358.379,5626511.529,draft
point_alpha_corridor,173,road,1,4,555342.495,5626505.201,draft
point_alpha_corridor,173,road,1,5,555258.483,5626453.453,draft
point_alpha_corridor,173,road,1,6,555186.495,5626400.95,draft
point_alpha_corridor,174,road,1,0,556102.662,5623429.754,draft
point_alpha_corridor,174,road,1,1,556104.662,5623461.57,draft
point_alpha_corridor,174,road,1,2,556117.197,5623496.247,draft
point_alpha_corridor,174,road,1,3,556203.087,5623569.486,draft
point_alpha_corridor,174,road,1,4,556238.247,5623599.173,draft
point_alpha_corridor,175,road,1,0,556575.437,5620108.352,draft
point_alpha_corridor,175,road,1,1,556451.351,5620354.018,draft
point_alpha_corridor,175,road,1,2,556435.142,5620363.696,draft
point_alpha_corridor,175,road,1,3,556412.972,5620371.252,draft
point_alpha_corridor,175,road,1,4,556389.903,5620373.785,draft
point_alpha_corridor,175,road,1,5,556331.618,5620385.61,draft
point_alpha_corridor,175,road,1,6,556315.47,5620392.287,draft
point_alpha_corridor,175,road,1,7,556288.216,5620403.742,draft
point_alpha_corridor,175,road,1,8,556262.821,5620422.24,draft
point_alpha_corridor,175,road,1,9,555982.003,5620689.02,draft
point_alpha_corridor,175,road,1,10,555864.365,5620823.451,draft
point_alpha_corridor,175,road,1,11,555838.563,5620861.956,draft
point_alpha_corridor,175,road,1,12,555832.931,5620892.865,draft
point_alpha_corridor,175,road,1,13,555830.604,5620908.83,draft
point_alpha_corridor,175,road,1,14,555828.973,5620939.82,draft
point_alpha_corridor,175,road,1,15,555829.526,5620961.848,draft
point_alpha_corridor,175,road,1,16,555837.618,5621056.085,draft
point_alpha_corridor,175,road,1,17,555839.683,5621102.162,draft
point_alpha_corridor,175,road,1,18,555839.052,5621133.173,draft
point_alpha_corridor,175,road,1,19,555837.726,5621149.158,draft
point_alpha_corridor,175,road,1,20,555832.094,5621180.067,draft
point_alpha_corridor,175,road,1,21,555826.787,5621194.971,draft
point_alpha_corridor,175,road,1,22,555821.48,5621209.874,draft
point_alpha_corridor,175,road,1,23,555802.945,5621235.517,draft
point_alpha_corridor,175,road,1,24,555705.695,5621342.623,draft
point_alpha_corridor,175,road,1,25,555678.054,5621373.085,draft
point_alpha_corridor,175,road,1,26,555672.727,5621388.989,draft
point_alpha_corridor,175,road,1,27,555672.402,5621404.994,draft
point_alpha_corridor,175,road,1,28,555679.55,5621447.172,draft
point_alpha_corridor,175,road,1,29,555686.024,5621473.323,draft
point_alpha_corridor,175,road,1,30,555802.894,5621912.669,draft
point_alpha_corridor,175,road,1,31,555804.895,5621944.484,draft
point_alpha_corridor,175,road,1,32,555795.932,5621994.611,draft
point_alpha_corridor,175,road,1,33,555781.998,5622028.75,draft
point_alpha_corridor,175,road,1,34,555754.669,5622070.56,draft
point_alpha_corridor,175,road,1,35,555685.744,5622126.817,draft
point_alpha_corridor,176,road,1,0,556954.677,5623211.434,draft
point_alpha_corridor,176,road,1,1,557136.488,5623154.216,draft
point_alpha_corridor,176,road,1,2,557285.785,5623104.294,draft
point_alpha_corridor,176,road,1,3,557341.354,5623080.005,draft
point_alpha_corridor,176,road,1,4,557386.681,5623038.56,draft
point_alpha_corridor,176,road,1,5,557417.316,5622990.463,draft
point_alpha_corridor,176,road,1,6,557449.551,5622967.817,draft
point_alpha_corridor,176,road,1,7,557502.917,5622947.719,draft
point_alpha_corridor,176,road,1,8,557560.13,5622946.764,draft
point_alpha_corridor,176,road,1,9,557608.702,5622954.107,draft
point_alpha_corridor,176,road,1,10,557655.285,5622955.054,draft
point_alpha_corridor,176,road,1,11,557718.888,5622939.401,draft
point_alpha_corridor,177,road,1,0,558846.341,5627728.365,draft
point_alpha_corridor,177,road,1,1,558944.926,5627703.349,draft
point_alpha_corridor,177,road,1,2,558974.201,5627690.934,draft
point_alpha_corridor,177,road,1,3,558999.617,5627671.436,draft
point_alpha_corridor,177,road,1,4,559041.198,5627595.222,draft
point_alpha_corridor,177,road,1,5,559082.571,5627542.908,draft
point_alpha_corridor,177,road,1,6,559125.458,5627517.301,draft
point_alpha_corridor,177,road,1,7,559187.088,5627481.484,draft
point_alpha_corridor,177,road,1,8,559251.15,5627456.308,draft
point_alpha_corridor,177,road,1,9,559312.511,5627433.725,draft
point_alpha_corridor,177,road,1,10,559360.422,5627421.46,draft
point_alpha_corridor,177,road,1,11,559398.07,5627393.099,draft
point_alpha_corridor,177,road,1,12,559435.825,5627359.445,draft
point_alpha_corridor,177,road,1,13,559489.245,5627336.7,draft
point_alpha_corridor,177,road,1,14,559526.731,5627316.279,draft
point_alpha_corridor,177,road,1,15,559559.408,5627271.93,draft
point_alpha_corridor,177,road,1,16,559594.624,5627232.928,draft
point_alpha_corridor,177,road,1,17,559640.104,5627210.022,draft
point_alpha_corridor,177,road,1,18,559680.021,5627200.242,draft
point_alpha_corridor,177,road,1,19,559754.831,5627167.341,draft
point_alpha_corridor,177,road,1,20,559821.432,5627147.512,draft
point_alpha_corridor,177,road,1,21,559869.236,5627140.541,draft
point_alpha_corridor,177,road,1,22,559950.674,5627092.325,draft
point_alpha_corridor,178,road,1,0,554812.551,5627761.395,draft
point_alpha_corridor,178,road,1,1,554822.043,5627737.57,draft
point_alpha_corridor,178,road,1,2,554842.518,5627714.969,draft
point_alpha_corridor,178,road,1,3,554863.851,5627699.391,draft
point_alpha_corridor,178,road,1,4,555092.33,5627536.91,draft
point_alpha_corridor,178,road,1,5,555117.767,5627516.411,draft
point_alpha_corridor,178,road,1,6,555141.324,5627489.87,draft
point_alpha_corridor,178,road,1,7,555162.861,5627464.288,draft
point_alpha_corridor,178,road,1,8,555322.76,5627229.357,draft
point_alpha_corridor,179,road,1,0,557230.149,5628069.779,draft
point_alpha_corridor,179,road,1,1,557385.378,5628212.044,draft
point_alpha_corridor,180,road,1,0,560780.073,5629980.421,draft
point_alpha_corridor,180,road,1,1,560531.152,5630104.251,draft
point_alpha_corridor,180,road,1,2,560464.241,5630139.298,draft
point_alpha_corridor,180,road,1,3,560423.866,5630171.576,draft
point_alpha_corridor,180,road,1,4,560406.381,5630217.559,draft
point_alpha_corridor,180,road,1,5,560390.672,5630283.189,draft
point_alpha_corridor,180,road,1,6,560378.029,5630309.659,draft
point_alpha_corridor,180,road,1,7,560338.259,5630312.16,draft
point_alpha_corridor,180,road,1,8,560262.231,5630307.303,draft
point_alpha_corridor,180,road,1,9,560205.986,5630306.159,draft
point_alpha_corridor,180,road,1,10,560122.484,5630279.288,draft
point_alpha_corridor,180,road,1,11,559989.042,5630197.512,draft
point_alpha_corridor,180,road,1,12,559919.688,5630163.075,draft
point_alpha_corridor,180,road,1,13,559875.978,5630147.174,draft
point_alpha_corridor,180,road,1,14,559816.281,5630129.947,draft
point_alpha_corridor,180,road,1,15,559770.468,5630119.008,draft
point_alpha_corridor,180,road,1,16,559662.896,5630093.801,draft
point_alpha_corridor,181,road,1,0,555366.318,5629023.627,draft
point_alpha_corridor,181,road,1,1,555334.274,5628946.821,draft
point_alpha_corridor,181,road,1,2,555316.674,5628895.624,draft
point_alpha_corridor,181,road,1,3,555286.838,5628862.818,draft
point_alpha_corridor,181,road,1,4,555248.739,5628819.677,draft
point_alpha_corridor,181,road,1,5,555220.838,5628775.049,draft
point_alpha_corridor,181,road,1,6,555142.007,5628597.123,draft
point_alpha_corridor,181,road,1,7,555124.772,5628533.223,draft
point_alpha_corridor,181,road,1,8,555120.34,5628490.767,draft
point_alpha_corridor,181,road,1,9,555118.501,5628451.011,draft
point_alpha_corridor,181,road,1,10,555100.673,5628416.226,draft
point_alpha_corridor,181,road,1,11,555002.026,5628189.149,draft
point_alpha_corridor,181,road,1,12,554971.503,5628127.627,draft
point_alpha_corridor,181,road,1,13,554946.274,5628066.212,draft
point_alpha_corridor,181,road,1,14,554926.23,5628010.199,draft
point_alpha_corridor,181,road,1,15,554819.876,5627810.484,draft
point_alpha_corridor,181,road,1,16,554810.962,5627780.117,draft
point_alpha_corridor,181,road,1,17,554812.551,5627761.395,draft
point_alpha_corridor,182,road,1,0,558606.634,5629771.079,draft
point_alpha_corridor,182,road,1,1,558439.711,5629723.905,draft
point_alpha_corridor,182,road,1,2,558408.057,5629717.965,draft
point_alpha_corridor,182,road,1,3,558384.048,5629726.744,draft
point_alpha_corridor,182,road,1,4,558367.736,5629747.595,draft
point_alpha_corridor,182,road,1,5,558347.158,5629782.923,draft
point_alpha_corridor,182,road,1,6,558260.414,5629881.779,draft
point_alpha_corridor,182,road,1,7,558206.321,5629937.608,draft
point_alpha_corridor,182,road,1,8,558141.774,5629986.605,draft
point_alpha_corridor,182,road,1,9,558072.042,5630030.2,draft
point_alpha_corridor,182,road,1,10,558015.813,5630060.831,draft
point_alpha_corridor,182,road,1,11,557952.994,5630090.004,draft
point_alpha_corridor,182,road,1,12,557923.502,5630107.939,draft
point_alpha_corridor,182,road,1,13,557904.598,5630126.09,draft
point_alpha_corridor,182,road,1,14,557870.355,5630182.323,draft
point_alpha_corridor,182,road,1,15,557844.483,5630217.543,draft
point_alpha_corridor,182,road,1,16,557802.049,5630253.685,draft
point_alpha_corridor,182,road,1,17,557770.029,5630265.743,draft
point_alpha_corridor,182,road,1,18,557693.478,5630280.073,draft
point_alpha_corridor,182,road,1,19,557629.567,5630297.838,draft
point_alpha_corridor,182,road,1,20,557587.954,5630312.878,draft
point_alpha_corridor,182,road,1,21,557546.276,5630331.095,draft
point_alpha_corridor,182,road,1,22,557498.375,5630342.831,draft
point_alpha_corridor,182,road,1,23,557447.557,5630341.797,draft
point_alpha_corridor,182,road,1,24,557380.79,5630363.011,draft
point_alpha_corridor,182,road,1,25,557356.673,5630377.084,draft
point_alpha_corridor,182,road,1,26,557332.286,5630404.39,draft
point_alpha_corridor,182,road,1,27,557261.127,5630518.126,draft
point_alpha_corridor,182,road,1,28,557259.346,5630540.597,draft
point_alpha_corridor,182,road,1,29,557273.311,5630570.008,draft
point_alpha_corridor,182,road,1,30,557287.195,5630603.389,draft
point_alpha_corridor,182,road,1,31,557280.147,5630624.429,draft
point_alpha_corridor,182,road,1,32,557234.296,5630669.879,draft
point_alpha_corridor,183,road,1,0,559499.481,5629960.376,draft
point_alpha_corridor,183,road,1,1,559537.39,5629917.112,draft
point_alpha_corridor,184,road,1,0,558953.958,5629891.916,draft
point_alpha_corridor,184,road,1,1,559004.139,5629898.233,draft
point_alpha_corridor,184,road,1,2,559058.426,5629898.013,draft
point_alpha_corridor,184,road,1,3,559094.05,5629904.034,draft
point_alpha_corridor,184,road,1,4,559138.669,5629923.477,draft
point_alpha_corridor,184,road,1,5,559191.443,5629932.494,draft
point_alpha_corridor,184,road,1,6,559244.379,5629933.571,draft
point_alpha_corridor,184,road,1,7,559289.348,5629935.81,draft
point_alpha_corridor,184,road,1,8,559321.46,5629919.252,draft
point_alpha_corridor,184,road,1,9,559350.059,5629880.115,draft
point_alpha_corridor,184,road,1,10,559400.075,5629829.498,draft
point_alpha_corridor,184,road,1,11,559426.677,5629823.42,draft
point_alpha_corridor,184,road,1,12,559450.31,5629833.168,draft
point_alpha_corridor,184,road,1,13,559473.593,5629860.121,draft
point_alpha_corridor,184,road,1,14,559537.39,5629917.112,draft
point_alpha_corridor,185,road,1,0,558846.341,5627728.365,draft
point_alpha_corridor,185,road,1,1,558775.883,5627780.276,draft
point_alpha_corridor,185,road,1,2,558748.823,5627808.852,draft
point_alpha_corridor,185,road,1,3,558742.883,5627840.506,draft
point_alpha_corridor,185,road,1,4,558742.022,5627882.855,draft
point_alpha_corridor,185,road,1,5,558765.305,5627909.808,draft
point_alpha_corridor,185,road,1,6,558801.768,5627939.676,draft
point_alpha_corridor,185,road,1,7,559051.446,5628161.882,draft
point_alpha_corridor,185,road,1,8,559092.664,5628218.326,draft
point_alpha_corridor,185,road,1,9,559128.481,5628279.956,draft
point_alpha_corridor,185,road,1,10,559161.597,5628344.179,draft
point_alpha_corridor,185,road,1,11,559221.728,5628512.22,draft
point_alpha_corridor,185,road,1,12,559263.924,5628650.769,draft
point_alpha_corridor,185,road,1,13,559322.441,5628774.854,draft
point_alpha_corridor,185,road,1,14,559367.464,5628873.846,draft
point_alpha_corridor,185,road,1,15,559484.482,5629123.419,draft
point_alpha_corridor,185,road,1,16,559514.476,5629174.068,draft
point_alpha_corridor,185,road,1,17,559584.985,5629268.964,draft
point_alpha_corridor,185,road,1,18,559650.352,5629332.954,draft
point_alpha_corridor,185,road,1,19,559723.362,5629384.478,draft
point_alpha_corridor,185,road,1,20,559786.591,5629424.794,draft
point_alpha_corridor,186,road,1,0,559537.39,5629917.112,draft
point_alpha_corridor,186,road,1,1,559571.426,5629848.511,draft
point_alpha_corridor,186,road,1,2,559634.402,5629746.524,draft
point_alpha_corridor,186,road,1,3,559674.426,5629667.222,draft
point_alpha_corridor,187,road,1,0,559130.49,5630290.132,draft
point_alpha_corridor,187,road,1,1,559162.72,5630181.702,draft
point_alpha_corridor,187,road,1,2,559188.523,5630143.197,draft
point_alpha_corridor,187,road,1,3,559223.125,5630114.878,draft
point_alpha_corridor,187,road,1,4,559297.661,5630091.375,draft
point_alpha_corridor,187,road,1,5,559360.989,5630077.652,draft
point_alpha_corridor,187,road,1,6,559425.705,5630044.942,draft
point_alpha_corridor,187,road,1,7,559499.481,5629960.376,draft
point_alpha_corridor,188,road,1,0,559786.591,5629424.794,draft
point_alpha_corridor,188,road,1,1,559844.063,5629452.985,draft
point_alpha_corridor,188,road,1,2,559899.738,5629471.13,draft
point_alpha_corridor,188,road,1,3,559963.497,5629485.437,draft
point_alpha_corridor,188,road,1,4,560014.353,5629494.478,draft
point_alpha_corridor,188,road,1,5,560067.311,5629498.558,draft
point_alpha_corridor,188,road,1,6,560159.345,5629500.43,draft
point_alpha_corridor,188,road,1,7,560408.293,5629512.499,draft
point_alpha_corridor,188,road,1,8,560450.248,5629516.355,draft
point_alpha_corridor,188,road,1,9,560490.161,5629522.171,draft
point_alpha_corridor,188,road,1,10,560544.957,5629534.294,draft
point_alpha_corridor,188,road,1,11,560587.708,5629548.174,draft
point_alpha_corridor,188,road,1,12,560638.3,5629570.219,draft
point_alpha_corridor,188,road,1,13,560693.791,5629597.368,draft
point_alpha_corridor,188,road,1,14,560747.119,5629632.48,draft
point_alpha_corridor,189,road,1,0,559499.481,5629960.376,draft
point_alpha_corridor,189,road,1,1,559586.743,5630049.219,draft
point_alpha_corridor,190,road,1,0,560747.119,5629632.48,draft
point_alpha_corridor,190,road,1,1,560850.408,5629720.648,draft
point_alpha_corridor,190,road,1,2,560941.875,5629799.569,draft
point_alpha_corridor,190,road,1,3,561011.741,5629858.035,draft
point_alpha_corridor,191,road,1,0,561011.741,5629858.035,draft
point_alpha_corridor,191,road,1,1,561056.107,5629890.962,draft
point_alpha_corridor,192,road,1,0,561056.107,5629890.962,draft
point_alpha_corridor,192,road,1,1,560780.073,5629980.421,draft
point_alpha_corridor,193,road,1,0,552876.561,5628197.595,draft
point_alpha_corridor,193,road,1,1,552948.418,5628041.713,draft
point_alpha_corridor,193,road,1,2,552964.177,5628005.005,draft
point_alpha_corridor,193,road,1,3,552989.162,5627957.476,draft
point_alpha_corridor,193,road,1,4,553066.038,5627818.933,draft
point_alpha_corridor,193,road,1,5,553079.531,5627795.189,draft
point_alpha_corridor,193,road,1,6,553110.722,5627737.779,draft
point_alpha_corridor,193,road,1,7,553127.603,5627695.089,draft
point_alpha_corridor,193,road,1,8,553136.359,5627658.239,draft
point_alpha_corridor,193,road,1,9,553155.686,5627544.545,draft
point_alpha_corridor,193,road,1,10,553165.869,5627486.707,draft
point_alpha_corridor,193,road,1,11,553166.337,5627463.699,draft
point_alpha_corridor,193,road,1,12,553171.95,5627433.79,draft
point_alpha_corridor,193,road,1,13,553186.423,5627411.067,draft
point_alpha_corridor,193,road,1,14,553201.917,5627387.364,draft
point_alpha_corridor,193,road,1,15,553340.099,5627236.057,draft
point_alpha_corridor,193,road,1,16,553367.699,5627207.596,draft
point_alpha_corridor,193,road,1,17,553386.132,5627186.955,draft
point_alpha_corridor,193,road,1,18,553402.749,5627157.27,draft
point_alpha_corridor,193,road,1,19,553416.486,5627121.522,draft
point_alpha_corridor,193,road,1,20,553511.291,5626741.157,draft
point_alpha_corridor,193,road,1,21,553526.049,5626704.429,draft
point_alpha_corridor,193,road,1,22,553542.666,5626674.744,draft
point_alpha_corridor,193,road,1,23,553564.263,5626646.161,draft
point_alpha_corridor,193,road,1,24,553631.976,5626564.475,draft
point_alpha_corridor,193,road,1,25,553699.465,5626493.793,draft
point_alpha_corridor,193,road,1,26,553732.29,5626454.43,draft
point_alpha_corridor,193,road,1,27,553750.988,5626420.784,draft
point_alpha_corridor,193,road,1,28,553759.52,5626394.938,draft
point_alpha_corridor,193,road,1,29,553763.031,5626213.681,draft
point_alpha_corridor,193,road,1,30,553778.277,5626089.012,draft
point_alpha_corridor,193,road,1,31,553812.738,5625992.711,draft
point_alpha_corridor,193,road,1,32,553826.658,5625947.96,draft
point_alpha_corridor,193,road,1,33,553849.52,5625906.393,draft
point_alpha_corridor,193,road,1,34,553873.119,5625877.85,draft
point_alpha_corridor,193,road,1,35,553900.556,5625857.392,draft
point_alpha_corridor,193,road,1,36,554013.217,5625812.058,draft
point_alpha_corridor,194,road,1,0,558846.341,5627728.365,draft
point_alpha_corridor,194,road,1,1,558825.412,5627674.898,draft
point_alpha_corridor,194,road,1,2,558792.721,5627623.685,draft
point_alpha_corridor,194,road,1,3,558758.482,5627570.456,draft
point_alpha_corridor,194,road,1,4,558653.007,5627442.213,draft
point_alpha_corridor,194,road,1,5,558605.966,5627393.219,draft
point_alpha_corridor,194,road,1,6,558572.707,5627355.514,draft
point_alpha_corridor,194,road,1,7,558341.773,5627146.658,draft
point_alpha_corridor,194,road,1,8,558315.231,5627123.101,draft
point_alpha_corridor,194,road,1,9,558270.988,5627084.172,draft
point_alpha_corridor,194,road,1,10,558230.092,5627028.297,draft
point_alpha_corridor,194,road,1,11,558050.046,5626612.113,draft
point_alpha_corridor,195,road,1,0,555322.76,5627229.357,draft
point_alpha_corridor,195,road,1,1,555388.574,5627142.628,draft
point_alpha_corridor,195,road,1,2,555412.969,5627124.11,draft
point_alpha_corridor,195,road,1,3,555445.367,5627105.754,draft
point_alpha_corridor,195,road,1,4,555479.847,5627083.438,draft
point_alpha_corridor,195,road,1,5,555507.386,5627057.978,draft
point_alpha_corridor,195,road,1,6,555534.108,5627023.495,draft
point_alpha_corridor,195,road,1,7,555545.539,5627002.711,draft
point_alpha_corridor,195,road,1,8,555548.13,5626973.742,draft
point_alpha_corridor,195,road,1,9,555483.298,5626471.037,draft
point_alpha_corridor,196,road,1,0,555322.76,5627229.357,draft
point_alpha_corridor,196,road,1,1,555434.056,5627415.764,draft
point_alpha_corridor,196,road,1,2,555440.855,5627425.91,draft
point_alpha_corridor,196,road,1,3,555475.159,5627449.424,draft
point_alpha_corridor,196,road,1,4,555640.452,5627524.28,draft
point_alpha_corridor,196,road,1,5,555761.558,5627558.518,draft
point_alpha_corridor,196,road,1,6,555814.44,5627562.242,draft
point_alpha_corridor,196,road,1,7,555849.01,5627555.002,draft
point_alpha_corridor,196,road,1,8,555889.035,5627539.928,draft
point_alpha_corridor,196,road,1,9,555916.041,5627513.999,draft
point_alpha_corridor,196,road,1,10,555965.245,5627438.211,draft
point_alpha_corridor,196,road,1,11,556028.167,5627338.872,draft
point_alpha_corridor,196,road,1,12,556096.382,5627239.64,draft
point_alpha_corridor,196,road,1,13,556134.353,5627195.399,draft
point_alpha_corridor,196,road,1,14,556172.269,5627153.804,draft
point_alpha_corridor,196,road,1,15,556202.461,5627101.46,draft
point_alpha_corridor,196,road,1,16,556268.137,5626996.881,draft
point_alpha_corridor,196,road,1,17,556290.173,5626954.963,draft
point_alpha_corridor,196,road,1,18,556378.693,5626768.764,draft
point_alpha_corridor,196,road,1,19,556395.327,5626732.032,draft
point_alpha_corridor,196,road,1,20,556409.746,5626674.072,draft
point_alpha_corridor,196,road,1,21,556429.135,5626632.101,draft
point_alpha_corridor,196,road,1,22,556464.297,5626595.746,draft
point_alpha_corridor,196,road,1,23,556499.512,5626556.744,draft
point_alpha_corridor,196,road,1,24,556622.492,5626357.104,draft
point_alpha_corridor,197,road,1,0,559950.674,5627092.325,draft
point_alpha_corridor,197,road,1,1,560216.873,5626972.85,draft
point_alpha_corridor,197,road,1,2,560281.15,5626937.087,draft
point_alpha_corridor,197,road,1,3,560353.636,5626888.251,draft
point_alpha_corridor,197,road,1,4,560544.887,5626733.111,draft
point_alpha_corridor,197,road,1,5,560584.694,5626694.891,draft
point_alpha_corridor,197,road,1,6,560601.148,5626673.208,draft
point_alpha_corridor,198,road,1,0,555366.318,5629023.627,draft
point_alpha_corridor,198,road,1,1,555206.416,5628945.306,draft
point_alpha_corridor,198,road,1,2,555138.03,5628922.731,draft
point_alpha_corridor,198,road,1,3,555079.801,5628921.547,draft
point_alpha_corridor,198,road,1,4,555013.523,5628925.494,draft
point_alpha_corridor,198,road,1,5,554952.432,5628934.842,draft
point_alpha_corridor,198,road,1,6,554893.664,5628960.126,draft
point_alpha_corridor,198,road,1,7,554826.848,5628990.541,draft
point_alpha_corridor,198,road,1,8,554642.766,5629058.288,draft
point_alpha_corridor,198,road,1,9,554597.178,5629086.487,draft
point_alpha_corridor,198,road,1,10,554551.375,5629125.273,draft
point_alpha_corridor,198,road,1,11,554500.877,5629209.175,draft
point_alpha_corridor,198,road,1,12,554472.277,5629237.616,draft
point_alpha_corridor,198,road,1,13,554457.007,5629250.315,draft
point_alpha_corridor,198,road,1,14,554434.836,5629257.87,draft
point_alpha_corridor,198,road,1,15,554408.766,5629260.342,draft
point_alpha_corridor,198,road,1,16,554384.757,5629259.853,draft
point_alpha_corridor,198,road,1,17,554365.873,5629253.464,draft
point_alpha_corridor,198,road,1,18,554335.126,5629239.829,draft
point_alpha_corridor,198,road,1,19,554311.28,5629231.338,draft
point_alpha_corridor,198,road,1,20,554271.47,5629220.52,draft
point_alpha_corridor,198,road,1,21,554213.612,5629211.336,draft
point_alpha_corridor,198,road,1,22,554168.636,5629208.42,draft
point_alpha_corridor,198,road,1,23,554123.58,5629209.504,draft
point_alpha_corridor,198,road,1,24,554078.523,5629210.589,draft
point_alpha_corridor,198,road,1,25,554068.478,5629212.386,draft
point_alpha_corridor,198,road,1,26,554003.17,5629225.068,draft
point_alpha_corridor,198,road,1,27,553978.161,5629224.559,draft
point_alpha_corridor,198,road,1,28,553956.215,5629221.111,draft
point_alpha_corridor,198,road,1,29,553935.309,5629215.681,draft
point_alpha_corridor,198,road,1,30,553911.626,5629199.187,draft
point_alpha_corridor,198,road,1,31,553885.983,5629180.651,draft
point_alpha_corridor,199,road,1,0,560601.148,5626673.208,draft
point_alpha_corridor,199,road,1,1,560606.719,5626645.3,draft
point_alpha_corridor,199,road,1,2,560607.146,5626624.292,draft
point_alpha_corridor,199,road,1,3,560604.573,5626603.223,draft
point_alpha_corridor,199,road,1,4,560599.038,5626580.093,draft
point_alpha_corridor,199,road,1,5,560579.492,5626483.275,draft
point_alpha_corridor,199,road,1,6,560572.735,5626424.884,draft
point_alpha_corridor,199,road,1,7,560579.267,5626364.115,draft
point_alpha_corridor,199,road,1,8,560604.219,5626309.016,draft
point_alpha_corridor,199,road,1,9,560639.811,5626251.487,draft
point_alpha_corridor,199,road,1,10,560758.962,5626121.515,draft
point_alpha_corridor,199,road,1,11,560803.423,5626076.855,draft
point_alpha_corridor,199,road,1,12,560825.123,5626043.27,draft
point_alpha_corridor,199,road,1,13,560834.041,5625998.417,draft
point_alpha_corridor,199,road,1,14,560832.895,5625956.361,draft
point_alpha_corridor,199,road,1,15,560826.621,5625871.167,draft
point_alpha_corridor,199,road,1,16,560827.109,5625847.158,draft
point_alpha_corridor,199,road,1,17,560829.639,5625821.189,draft
point_alpha_corridor,199,road,1,18,560981.194,5625405.946,draft
point_alpha_corridor,200,road,1,0,554170.205,5619980.384,draft
point_alpha_corridor,200,road,1,1,554217.275,5620034.141,draft
point_alpha_corridor,200,road,1,2,554266.81,5620072.219,draft
point_alpha_corridor,200,road,1,3,554310.89,5620118.129,draft
point_alpha_corridor,200,road,1,4,554437.783,5620258.397,draft
point_alpha_corridor,200,road,1,5,554473.761,5620312.086,draft
point_alpha_corridor,200,road,1,6,554499.314,5620357.619,draft
point_alpha_corridor,200,road,1,7,554541.691,5620413.262,draft
point_alpha_corridor,200,road,1,8,554630.424,5620528.152,draft
point_alpha_corridor,200,road,1,9,554666.034,5620597.929,draft
point_alpha_corridor,200,road,1,10,554692.27,5620636.492,draft
point_alpha_corridor,200,road,1,11,554804.061,5620756.863,draft
point_alpha_corridor,200,road,1,12,554926.369,5620886.439,draft
point_alpha_corridor,200,road,1,13,555013.407,5620986.284,draft
point_alpha_corridor,200,road,1,14,555036.724,5621020.784,draft
point_alpha_corridor,200,road,1,15,555132.027,5621190.981,draft
point_alpha_corridor,200,road,1,16,555205.641,5621326.45,draft
point_alpha_corridor,200,road,1,17,555237.1,5621362.581,draft
point_alpha_corridor,200,road,1,18,555286.743,5621395.365,draft
point_alpha_corridor,200,road,1,19,555395.698,5621478.428,draft
point_alpha_corridor,200,road,1,20,555427.099,5621509.089,draft
point_alpha_corridor,200,road,1,21,555449.517,5621538.567,draft
point_alpha_corridor,200,road,1,22,555472.834,5621573.067,draft
point_alpha_corridor,200,road,1,23,555589.905,5621839.493,draft
point_alpha_corridor,200,road,1,24,555607.248,5621898.099,draft
point_alpha_corridor,200,road,1,25,555621.783,5621964.591,draft
point_alpha_corridor,200,road,1,26,555636.426,5622025.79,draft
point_alpha_corridor,200,road,1,27,555685.744,5622126.817,draft
point_alpha_corridor,201,road,1,0,555150.626,5623687.137,draft
point_alpha_corridor,201,road,1,1,555241.329,5623655.957,draft
point_alpha_corridor,201,road,1,2,555287.691,5623639.886,draft
point_alpha_corridor,201,road,1,3,555330.91,5623630.758,draft
point_alpha_corridor,201,road,1,4,555370.086,5623623.548,draft
point_alpha_corridor,201,road,1,5,555413.162,5623621.422,draft
point_alpha_corridor,201,road,1,6,555464.586,5623627.063,draft
point_alpha_corridor,201,road,1,7,555743.689,5623657.167,draft
point_alpha_corridor,201,road,1,8,555827.556,5623666.879,draft
point_alpha_corridor,201,road,1,9,555864.569,5623667.632,draft
point_alpha_corridor,201,road,1,10,555928.653,5623665.933,draft
point_alpha_corridor,202,road,1,0,558017.622,5622614.574,draft
point_alpha_corridor,202,road,1,1,558073.876,5622510.724,draft
point_alpha_corridor,202,road,1,2,558152.385,5622450.493,draft
point_alpha_corridor,202,road,1,3,558234.834,5622386.478,draft
point_alpha_corridor,202,road,1,4,558358.031,5622218.959,draft
point_alpha_corridor,202,road,1,5,558469.212,5622119.646,draft
point_alpha_corridor,202,road,1,6,558563.67,5622058.018,draft
point_alpha_corridor,202,road,1,7,558657.784,5622013.329,draft
point_alpha_corridor,202,road,1,8,558741.75,5621971.723,draft
point_alpha_corridor,202,road,1,9,558937.233,5621917.332,draft
point_alpha_corridor,202,road,1,10,559033.163,5621887.508,draft
point_alpha_corridor,202,road,1,11,559146.248,5621847.441,draft
point_alpha_corridor,202,road,1,12,559219.015,5621810.792,draft
point_alpha_corridor,202,road,1,13,559317.892,5621763.178,draft
point_alpha_corridor,202,road,1,14,559509.987,5621627.972,draft
point_alpha_corridor,202,road,1,15,559619.632,5621556.781,draft
point_alpha_corridor,202,road,1,16,559698.749,5621539.902,draft
point_alpha_corridor,202,road,1,17,559899.308,5621519.961,draft
point_alpha_corridor,202,road,1,18,559944.629,5621505.871,draft
point_alpha_corridor,202,road,1,19,560021.083,5621486.409,draft
point_alpha_corridor,202,road,1,20,560074.367,5621474.483,draft
point_alpha_corridor,202,road,1,21,560153.476,5621472.088,draft
point_alpha_corridor,202,road,1,22,560458.959,5621558.36,draft
point_alpha_corridor,202,road,1,23,560489.909,5621561.991,draft
point_alpha_corridor,202,road,1,24,560521.982,5621559.641,draft
point_alpha_corridor,202,road,1,25,560552.298,5621545.246,draft
point_alpha_corridor,203,road,1,0,559674.426,5629667.222,draft
point_alpha_corridor,203,road,1,1,559716.844,5629583.175,draft
point_alpha_corridor,203,road,1,2,559786.591,5629424.794,draft
point_alpha_corridor,204,road,1,0,558606.634,5629771.079,draft
point_alpha_corridor,204,road,1,1,558911.349,5629877.092,draft
point_alpha_corridor,204,road,1,2,558953.958,5629891.916,draft
point_alpha_corridor,205,road,1,0,556560.542,5624138.137,draft
point_alpha_corridor,205,road,1,1,556483.135,5623958.425,draft
point_alpha_corridor,205,road,1,2,556455.142,5623907.818,draft
point_alpha_corridor,205,road,1,3,556336.821,5623722.271,draft
point_alpha_corridor,206,road,1,0,555928.653,5623665.933,draft
point_alpha_corridor,206,road,1,1,555925.357,5623827.99,draft
point_alpha_corridor,207,road,1,0,556788.741,5623792.509,draft
point_alpha_corridor,207,road,1,1,556694.749,5623788.595,draft
point_alpha_corridor,207,road,1,2,556599.778,5623784.988,draft
point_alpha_corridor,207,road,1,3,556532.236,5623773.023,draft
point_alpha_corridor,207,road,1,4,556469.725,5623741.053,draft
point_alpha_corridor,207,road,1,5,556414.823,5623713.441,draft
point_alpha_corridor,207,road,1,6,556370.529,5623704.067,draft
point_alpha_corridor,207,road,1,7,556336.821,5623722.271,draft
point_alpha_corridor,208,road,1,0,556009.739,5623320.315,draft
point_alpha_corridor,208,road,1,1,556102.662,5623429.754,draft
point_alpha_corridor,209,road,1,0,557815.483,5623328.463,draft
point_alpha_corridor,209,road,1,1,557790.72,5623296.185,draft
point_alpha_corridor,209,road,1,2,557778.791,5623257.813,draft
point_alpha_corridor,209,road,1,3,557757.652,5623151.468,draft
point_alpha_corridor,209,road,1,4,557737.59,5622992.187,draft
point_alpha_corridor,209,road,1,5,557718.888,5622939.401,draft
point_alpha_corridor,210,road,1,0,557906.72,5623529.438,draft
point_alpha_corridor,210,road,1,1,557871.017,5623410.087,draft
point_alpha_corridor,210,road,1,2,557844.438,5623362.944,draft
point_alpha_corridor,210,road,1,3,557815.483,5623328.463,draft
point_alpha_corridor,211,road,1,0,567655.968,5620516.778,draft
point_alpha_corridor,211,road,1,1,567854.404,5620607.914,draft
point_alpha_corridor,211,road,1,2,567881.624,5620618.319,draft
point_alpha_corridor,211,road,1,3,567902.626,5620620.659,draft
point_alpha_corridor,211,road,1,4,567926.347,5620614.763,draft
point_alpha_corridor,211,road,1,5,567950.887,5620599.953,draft
point_alpha_corridor,211,road,1,6,568001.281,5620568.445,draft
point_alpha_corridor,211,road,1,7,568078.014,5620559.161,draft
point_alpha_corridor,212,road,1,0,568078.014,5620559.161,draft
point_alpha_corridor,212,road,1,1,568080.246,5620637.664,draft
point_alpha_corridor,213,road,1,0,568078.014,5620559.161,draft
point_alpha_corridor,213,road,1,1,568080.066,5620520.93,draft
point_alpha_corridor,213,road,1,2,568074.937,5620490.846,draft
point_alpha_corridor,213,road,1,3,567994.393,5620298.415,draft
point_alpha_corridor,213,road,1,4,567988.576,5620270.164,draft
point_alpha_corridor,213,road,1,5,567986.458,5620234.621,draft
point_alpha_corridor,213,road,1,6,567984.219,5620135.178,draft
point_alpha_corridor,213,road,1,7,567976.453,5620098.101,draft
point_alpha_corridor,213,road,1,8,567959.968,5620070.787,draft
point_alpha_corridor,213,road,1,9,567926.364,5620047.385,draft
point_alpha_corridor,214,road,1,0,566582.521,5617922.903,draft
point_alpha_corridor,214,road,1,1,566531.807,5617906.861,draft
point_alpha_corridor,214,road,1,2,566425.866,5617850.667,draft
point_alpha_corridor,214,road,1,3,566402.081,5617839.175,draft
point_alpha_corridor,214,road,1,4,566378.112,5617836.686,draft
point_alpha_corridor,214,road,1,5,566345.979,5617842.038,draft
point_alpha_corridor,214,road,1,6,566150.603,5617888.068,draft
point_alpha_corridor,214,road,1,7,566008.255,5617930.394,draft
point_alpha_corridor,214,road,1,8,565979.54,5617936.165,draft
point_alpha_corridor,214,road,1,9,565951.148,5617926.056,draft
point_alpha_corridor,214,road,1,10,565910.826,5617877.575,draft
point_alpha_corridor,214,road,1,11,565876.792,5617832.399,draft
point_alpha_corridor,214,road,1,12,565640.94,5617398.649,draft
point_alpha_corridor,214,road,1,13,565622.915,5617347.444,draft
point_alpha_corridor,214,road,1,14,565604.762,5617302.59,draft
point_alpha_corridor,214,road,1,15,565595.978,5617240.847,draft
point_alpha_corridor,215,road,2,0,563507.977,5618719.095,draft
point_alpha_corridor,215,road,2,1,563756.205,5618914.287,draft
point_alpha_corridor,216,road,1,0,563507.977,5618719.095,draft
point_alpha_corridor,216,road,1,1,563538.618,5618688.694,draft
point_alpha_corridor,216,road,1,2,563700.374,5618509.841,draft
point_alpha_corridor,216,road,1,3,563730.076,5618476.418,draft
point_alpha_corridor,216,road,1,4,563741.507,5618455.634,draft
point_alpha_corridor,216,road,1,5,563767.345,5618366.09,draft
point_alpha_corridor,216,road,1,6,563781.061,5618331.341,draft
point_alpha_corridor,216,road,1,7,563815.725,5618260.088,draft
point_alpha_corridor,216,road,1,8,563967.656,5618080.471,draft
point_alpha_corridor,216,road,1,9,563989.637,5618041.2,draft
point_alpha_corridor,216,road,1,10,564009.671,5617967.466,draft
point_alpha_corridor,216,road,1,11,564009.282,5617856.247,draft
point_alpha_corridor,216,road,1,12,564011.219,5617760.963,draft
point_alpha_corridor,216,road,1,13,564023.15,5617695.008,draft
point_alpha_corridor,216,road,1,14,564019.094,5617634.025,draft
point_alpha_corridor,216,road,1,15,564009.959,5617562.346,draft
point_alpha_corridor,216,road,1,16,564011.572,5617482.942,draft
point_alpha_corridor,216,road,1,17,564023.235,5617430.222,draft
point_alpha_corridor,216,road,1,18,564118.703,5617081.233,draft
point_alpha_corridor,216,road,1,19,564140.573,5616998.354,draft
point_alpha_corridor,216,road,1,20,564152.343,5616940.339,draft
point_alpha_corridor,216,road,1,21,564244.547,5616207.115,draft
point_alpha_corridor,217,road,2,0,560077.648,5617866.779,draft
point_alpha_corridor,217,road,2,1,560330.461,5617984.003,draft
point_alpha_corridor,217,road,2,2,560385.952,5618011.151,draft
point_alpha_corridor,217,road,2,3,560427.52,5618034.012,draft
point_alpha_corridor,217,road,2,4,560495.812,5618071.428,draft
point_alpha_corridor,217,road,2,5,560563.084,5618109.824,draft
point_alpha_corridor,217,road,2,6,560818.248,5618259.12,draft
point_alpha_corridor,217,road,2,7,561168.647,5618446.295,draft
point_alpha_corridor,217,road,2,8,561398.438,5618567.14,draft
point_alpha_corridor,217,road,2,9,561466.832,5618599.554,draft
point_alpha_corridor,217,road,2,10,561699.191,5618683.049,draft
point_alpha_corridor,217,road,2,11,561777.896,5618719.071,draft
point_alpha_corridor,217,road,2,12,561832.671,5618759.903,draft
point_alpha_corridor,217,road,2,13,561906.741,5618817.655,draft
point_alpha_corridor,217,road,2,14,561949.33,5618839.537,draft
point_alpha_corridor,217,road,2,15,561998.961,5618859.56,draft
point_alpha_corridor,217,road,2,16,562046.755,5618871.54,draft
point_alpha_corridor,217,road,2,17,562093.731,5618874.496,draft
point_alpha_corridor,217,road,2,18,562130.744,5618875.248,draft
point_alpha_corridor,217,road,2,19,562178.944,5618867.221,draft
point_alpha_corridor,217,road,2,20,562295.925,5618826.339,draft
point_alpha_corridor,217,road,2,21,562371.178,5618797.683,draft
point_alpha_corridor,217,road,2,22,562430.324,5618779.82,draft
point_alpha_corridor,217,road,2,23,562517.765,5618776.831,draft
point_alpha_corridor,217,road,2,24,562793.277,5618775.626,draft
point_alpha_corridor,217,road,2,25,562927.487,5618785.158,draft
point_alpha_corridor,217,road,2,26,563002.03,5618791.439,draft
point_alpha_corridor,217,road,2,27,563062.602,5618781.549,draft
point_alpha_corridor,217,road,2,28,563130.161,5618762.37,draft
point_alpha_corridor,217,road,2,29,563276.727,5618720.763,draft
point_alpha_corridor,217,road,2,30,563328.095,5618706.433,draft
point_alpha_corridor,217,road,2,31,563371.314,5618697.304,draft
point_alpha_corridor,217,road,2,32,563429.335,5618698.483,draft
point_alpha_corridor,217,road,2,33,563474.208,5618706.4,draft
point_alpha_corridor,217,road,2,34,563507.977,5618719.095,draft
point_alpha_corridor,218,road,1,0,565381.755,5618998.358,draft
point_alpha_corridor,218,road,1,1,565092.974,5619033.443,draft
point_alpha_corridor,218,road,1,2,565042.026,5619038.762,draft
point_alpha_corridor,218,road,1,3,564994.319,5619040.97,draft
point_alpha_corridor,218,road,1,4,564714.947,5619028.938,draft
point_alpha_corridor,218,road,1,5,564673.721,5619024.923,draft
point_alpha_corridor,218,road,1,6,564632.883,5619001.851,draft
point_alpha_corridor,218,road,1,7,564592.8,5618979.577,draft
point_alpha_corridor,218,road,1,8,564519.703,5618942.357,draft
point_alpha_corridor,218,road,1,9,564472.061,5618941.389,draft
point_alpha_corridor,218,road,1,10,564420.984,5618953.061,draft
point_alpha_corridor,218,road,1,11,564367.054,5618948.787,draft
point_alpha_corridor,218,road,1,12,564303.983,5618925.263,draft
point_alpha_corridor,218,road,1,13,564243.894,5618911.332,draft
point_alpha_corridor,218,road,1,14,564151.85,5618906.285,draft
point_alpha_corridor,218,road,1,15,563942.096,5618908.377,draft
point_alpha_corridor,218,road,1,16,563756.205,5618914.287,draft
point_alpha_corridor,219,road,2,0,567655.968,5620516.778,draft
point_alpha_corridor,219,road,2,1,567898.988,5620113.508,draft
point_alpha_corridor,219,road,2,2,567926.364,5620047.385,draft
point_alpha_corridor,220,road,2,0,567602.194,5619012.45,draft
point_alpha_corridor,220,road,2,1,567579.229,5618812.828,draft
point_alpha_corridor,221,road,2,0,567541.586,5620665.508,draft
point_alpha_corridor,221,road,2,1,567587.743,5620623.731,draft
point_alpha_corridor,221,road,2,2,567618.597,5620581.507,draft
point_alpha_corridor,221,road,2,3,567655.968,5620516.778,draft
point_alpha_corridor,222,road,1,0,569711.534,5620062.09,draft
point_alpha_corridor,222,road,1,1,569739.052,5620069.174,draft
point_alpha_corridor,222,road,1,2,569871.634,5620063.341,draft
point_alpha_corridor,223,road,2,0,567926.364,5620047.385,draft
point_alpha_corridor,223,road,2,1,567936.657,5620000.269,draft
point_alpha_corridor,223,road,2,2,567939.564,5619948.43,draft
point_alpha_corridor,223,road,2,3,567933.395,5619887.138,draft
point_alpha_corridor,223,road,2,4,567917.944,5619832.799,draft
point_alpha_corridor,223,road,2,5,567890.768,5619772.609,draft
point_alpha_corridor,223,road,2,6,567731.83,5619481.708,draft
point_alpha_corridor,223,road,2,7,567695.962,5619414.599,draft
point_alpha_corridor,223,road,2,8,567665.86,5619348.686,draft
point_alpha_corridor,223,road,2,9,567645.477,5619280.553,draft
point_alpha_corridor,223,road,2,10,567632.2,5619219.819,draft
point_alpha_corridor,223,road,2,11,567602.194,5619012.45,draft
point_alpha_corridor,224,road,1,0,567579.229,5618812.828,draft
point_alpha_corridor,224,road,1,1,567384.52,5618784.295,draft
point_alpha_corridor,224,road,1,2,567285.873,5618769.839,draft
point_alpha_corridor,224,road,1,3,567236.25,5618768.189,draft
point_alpha_corridor,224,road,1,4,567053.85,5618762.123,draft
point_alpha_corridor,225,road,2,0,567579.229,5618812.828,draft
point_alpha_corridor,225,road,2,1,567566.4,5618508.331,draft
point_alpha_corridor,225,road,2,2,567557.989,5618297.447,draft
point_alpha_corridor,225,road,2,3,567554.064,5618228.863,draft
point_alpha_corridor,225,road,2,4,567539.46,5618159.513,draft
point_alpha_corridor,225,road,2,5,567476.948,5617936.07,draft
point_alpha_corridor,225,road,2,6,567455.565,5617855.573,draft
point_alpha_corridor,225,road,2,7,567448.253,5617821.398,draft
point_alpha_corridor,225,road,2,8,567440.961,5617786.223,draft
point_alpha_corridor,225,road,2,9,567396.633,5617505.105,draft
point_alpha_corridor,226,road,1,0,567053.85,5618762.123,draft
point_alpha_corridor,226,road,1,1,567050.311,5618522.795,draft
point_alpha_corridor,226,road,1,2,567043.5,5618467.051,draft
point_alpha_corridor,226,road,1,3,567025.832,5618424.326,draft
point_alpha_corridor,226,road,1,4,566994.77,5618389.272,draft
point_alpha_corridor,226,road,1,5,566961.168,5618348.871,draft
point_alpha_corridor,226,road,1,6,566930.374,5618300.583,draft
point_alpha_corridor,226,road,1,7,566907.575,5618249.81,draft
point_alpha_corridor,226,road,1,8,566879.139,5618150.101,draft
point_alpha_corridor,226,road,1,9,566816.931,5617911.653,draft
point_alpha_corridor,227,road,1,0,568022.655,5619252.172,draft
point_alpha_corridor,227,road,1,1,568067.408,5619266.092,draft
point_alpha_corridor,227,road,1,2,568170.019,5619289.193,draft
point_alpha_corridor,227,road,1,3,568265.891,5619299.147,draft
point_alpha_corridor,227,road,1,4,568376.97,5619301.752,draft
point_alpha_corridor,227,road,1,5,568591.47,5619300.814,draft
point_alpha_corridor,227,road,1,6,568633.657,5619309.615,draft
point_alpha_corridor,227,road,1,7,568659.749,5619328.68,draft
point_alpha_corridor,227,road,1,8,568690.919,5619358.441,draft
point_alpha_corridor,227,road,1,9,568867.298,5619548.55,draft
point_alpha_corridor,227,road,1,10,568942.269,5619602.114,draft
point_alpha_corridor,227,road,1,11,568968.974,5619617.668,draft
point_alpha_corridor,227,road,1,12,569015.605,5619637.63,draft
point_alpha_corridor,227,road,1,13,569400.005,5619780.546,draft
point_alpha_corridor,227,road,1,14,569436.842,5619799.567,draft
point_alpha_corridor,227,road,1,15,569468.045,5619827.739,draft
point_alpha_corridor,227,road,1,16,569536.645,5619921.708,draft
point_alpha_corridor,227,road,1,17,569580.78,5619964.971,draft
point_alpha_corridor,227,road,1,18,569711.534,5620062.09,draft
point_alpha_corridor,228,road,1,0,566816.931,5617911.653,draft
point_alpha_corridor,228,road,1,1,566946.788,5617628.069,draft
point_alpha_corridor,229,road,1,0,567053.85,5618762.123,draft
point_alpha_corridor,229,road,1,1,567047.441,5618782.008,draft
point_alpha_corridor,229,road,1,2,567040.052,5618800.873,draft
point_alpha_corridor,229,road,1,3,567022.68,5618818.534,draft
point_alpha_corridor,229,road,1,4,566990.303,5618835.89,draft
point_alpha_corridor,229,road,1,5,566891.673,5618889.188,draft
point_alpha_corridor,230,road,1,0,566567.053,5619127.524,draft
point_alpha_corridor,230,road,1,1,566517.856,5619184.57,draft
point_alpha_corridor,230,road,1,2,566498.545,5619199.189,draft
point_alpha_corridor,230,road,1,3,566469.189,5619215.605,draft
point_alpha_corridor,230,road,1,4,566431.972,5619224.857,draft
point_alpha_corridor,230,road,1,5,566397.858,5619229.168,draft
point_alpha_corridor,230,road,1,6,566373.951,5619223.678,draft
point_alpha_corridor,230,road,1,7,566355.106,5619215.289,draft
point_alpha_corridor,230,road,1,8,566085.792,5619072.71,draft
point_alpha_corridor,230,road,1,9,566064.947,5619064.281,draft
point_alpha_corridor,230,road,1,10,566043.939,5619063.854,draft
point_alpha_corridor,230,road,1,11,565894.519,5619078.832,draft
point_alpha_corridor,230,road,1,12,565837.374,5619073.401,draft
point_alpha_corridor,230,road,1,13,565797.708,5619065.856,draft
point_alpha_corridor,230,road,1,14,565533.831,5619000.448,draft
point_alpha_corridor,230,road,1,15,565444.961,5618990.636,draft
point_alpha_corridor,230,road,1,16,565381.755,5618998.358,draft
point_alpha_corridor,231,road,1,0,567020.298,5619348.33,draft
point_alpha_corridor,231,road,1,1,567039.913,5619425.517,draft
point_alpha_corridor,231,road,1,2,567049.102,5619494.549,draft
point_alpha_corridor,231,road,1,3,567062.376,5619529.909,draft
point_alpha_corridor,231,road,1,4,567083.496,5619561.78,draft
point_alpha_corridor,231,road,1,5,567128.349,5619615.899,draft
point_alpha_corridor,231,road,1,6,567170.784,5619669.97,draft
point_alpha_corridor,231,road,1,7,567210.507,5619738.496,draft
point_alpha_corridor,231,road,1,8,567271.055,5619853.399,draft
point_alpha_corridor,231,road,1,9,567418.361,5620221.594,draft
point_alpha_corridor,231,road,1,10,567445.702,5620304.38,draft
point_alpha_corridor,231,road,1,11,567460.905,5620389.339,draft
point_alpha_corridor,231,road,1,12,567471.078,5620483.869,draft
point_alpha_corridor,231,road,1,13,567477.25,5620537.203,draft
point_alpha_corridor,231,road,1,14,567488.306,5620588.217,draft
point_alpha_corridor,231,road,1,15,567511.695,5620627.39,draft
point_alpha_corridor,231,road,1,16,567541.586,5620665.508,draft
point_alpha_corridor,232,road,1,0,567020.287,5617457.863,draft
point_alpha_corridor,232,road,1,1,567396.633,5617505.105,draft
point_alpha_corridor,233,road,2,0,563756.205,5618914.287,draft
point_alpha_corridor,233,road,2,1,564014.766,5619142.713,draft
point_alpha_corridor,233,road,2,2,564274.308,5619372.161,draft
point_alpha_corridor,233,road,2,3,564304.892,5619393.799,draft
point_alpha_corridor,233,road,2,4,564346.541,5619412.659,draft
point_alpha_corridor,233,road,2,5,564454.544,5619465.894,draft
point_alpha_corridor,233,road,2,6,564508.873,5619501.024,draft
point_alpha_corridor,233,road,2,7,564537.395,5619525.622,draft
point_alpha_corridor,233,road,2,8,564752.108,5619794.19,draft
point_alpha_corridor,233,road,2,9,564764.666,5619816.463,draft
point_alpha_corridor,233,road,2,10,564778.203,5619839.755,draft
point_alpha_corridor,233,road,2,11,564784.657,5619866.907,draft
point_alpha_corridor,233,road,2,12,564803.442,5619962.716,draft
point_alpha_corridor,233,road,2,13,564831.272,5620183.099,draft
point_alpha_corridor,233,road,2,14,564836.685,5620212.232,draft
point_alpha_corridor,233,road,2,15,564851.512,5620270.578,draft
point_alpha_corridor,233,road,2,16,564869.543,5620318.982,draft
point_alpha_corridor,233,road,2,17,564907.524,5620419.831,draft
point_alpha_corridor,233,road,2,18,564925.637,5620464.234,draft
point_alpha_corridor,233,road,2,19,564943.769,5620507.636,draft
point_alpha_corridor,233,road,2,20,564962.923,5620550.058,draft
point_alpha_corridor,233,road,2,21,564983.223,5620597.887,draft
point_alpha_corridor,233,road,2,22,565012.552,5620666.986,draft
point_alpha_corridor,233,road,2,23,565088.034,5620844.827,draft
point_alpha_corridor,233,road,2,24,565115.764,5620908.44,draft
point_alpha_corridor,233,road,2,25,565143.656,5620964.049,draft
point_alpha_corridor,233,road,2,26,565167.075,5620993.548,draft
point_alpha_corridor,233,road,2,27,565203.499,5621023.311,draft
point_alpha_corridor,233,road,2,28,565241.106,5621044.09,draft
point_alpha_corridor,234,road,1,0,560555.626,5621036.922,draft
point_alpha_corridor,234,road,1,1,560686.531,5621046.588,draft
point_alpha_corridor,234,road,1,2,560715.643,5621042.176,draft
point_alpha_corridor,234,road,1,3,560736.874,5621031.599,draft
point_alpha_corridor,234,road,1,4,560763.412,5621006.119,draft
point_alpha_corridor,234,road,1,5,560771.801,5620987.275,draft
point_alpha_corridor,234,road,1,6,560767.308,5620962.164,draft
point_alpha_corridor,234,road,1,7,560683.002,5620826.347,draft
point_alpha_corridor,234,road,1,8,560669.935,5620793.216,draft
point_alpha_corridor,234,road,1,9,560668.106,5620757.375,draft
point_alpha_corridor,234,road,1,10,560671.909,5620696.073,draft
point_alpha_corridor,234,road,1,11,560682.863,5620660.492,draft
point_alpha_corridor,234,road,1,12,560709.05,5620630.335,draft
point_alpha_corridor,234,road,1,13,560750.783,5620590.265,draft
point_alpha_corridor,234,road,1,14,561617.971,5619864.257,draft
point_alpha_corridor,234,road,1,15,561831.622,5619657.776,draft
point_alpha_corridor,234,road,1,16,561896.925,5619596.055,draft
point_alpha_corridor,234,road,1,17,562014.301,5619434.314,draft
point_alpha_corridor,234,road,1,18,562046.227,5619389.928,draft
point_alpha_corridor,234,road,1,19,562112.12,5619299.197,draft
point_alpha_corridor,234,road,1,20,562151.988,5619257.975,draft
point_alpha_corridor,234,road,1,21,562309.683,5619139.598,draft
point_alpha_corridor,234,road,1,22,562363.99,5619118.172,draft
point_alpha_corridor,234,road,1,23,562404.371,5619100.979,draft
point_alpha_corridor,234,road,1,24,562467.534,5619085.612,draft
point_alpha_corridor,234,road,1,25,562518.783,5619065.471,draft
point_alpha_corridor,234,road,1,26,562559.574,5619038.762,draft
point_alpha_corridor,234,road,1,27,562598.419,5619003.54,draft
point_alpha_corridor,234,road,1,28,562634.975,5618976.745,draft
point_alpha_corridor,234,road,1,29,562666.908,5618968.921,draft
point_alpha_corridor,234,road,1,30,562709.257,5618969.782,draft
point_alpha_corridor,234,road,1,31,562778.788,5618988.141,draft
point_alpha_corridor,234,road,1,32,562885.067,5619035.69,draft
point_alpha_corridor,234,road,1,33,563134.897,5619102.816,draft
point_alpha_corridor,234,road,1,34,563203.922,5619104.218,draft
point_alpha_corridor,234,road,1,35,563252.162,5619094.19,draft
point_alpha_corridor,234,road,1,36,563318.715,5619069.523,draft
point_alpha_corridor,234,road,1,37,563358.217,5619046.307,draft
point_alpha_corridor,234,road,1,38,563372.71,5619022.583,draft
point_alpha_corridor,234,road,1,39,563400.325,5618944.083,draft
point_alpha_corridor,234,road,1,40,563407.937,5618914.215,draft
point_alpha_corridor,234,road,1,41,563428.859,5618869.605,draft
point_alpha_corridor,234,road,1,42,563507.977,5618719.095,draft
point_alpha_corridor,235,road,1,0,570766.108,5619631.159,draft
point_alpha_corridor,235,road,1,1,570840.309,5619617.202,draft
point_alpha_corridor,235,road,1,2,570891.028,5619597.049,draft
point_alpha_corridor,235,road,1,3,570915.441,5619568.418,draft
point_alpha_corridor,235,road,1,4,570939.854,5619539.787,draft
point_alpha_corridor,235,road,1,5,570969.023,5619537.731,draft
point_alpha_corridor,235,road,1,6,571019.205,5619544.047,draft
point_alpha_corridor,235,road,1,7,571053.775,5619536.805,draft
point_alpha_corridor,235,road,1,8,571088.56,5619518.976,draft
point_alpha_corridor,235,road,1,9,571147.328,5619493.691,draft
point_alpha_corridor,235,road,1,10,571211.013,5619487.041,draft
point_alpha_corridor,235,road,1,11,571256.009,5619487.955,draft
point_alpha_corridor,235,road,1,12,571316.456,5619510.366,draft
point_alpha_corridor,235,road,1,13,571397.97,5619538.501,draft
point_alpha_corridor,235,road,1,14,571482.346,5619556.102,draft
point_alpha_corridor,235,road,1,15,571559.104,5619557.662,draft
point_alpha_corridor,235,road,1,16,571638.616,5619553.981,draft
point_alpha_corridor,235,road,1,17,571688.798,5619560.296,draft
point_alpha_corridor,235,road,1,18,571720.238,5619576.822,draft
point_alpha_corridor,235,road,1,19,571782.49,5619645.065,draft
point_alpha_corridor,235,road,1,20,571991.802,5619884.439,draft
point_alpha_corridor,235,road,1,21,572032.665,5619931.171,draft
point_alpha_corridor,235,road,1,22,572128.902,5620045.205,draft
point_alpha_corridor,235,road,1,23,572181.139,5620080.689,draft
point_alpha_corridor,235,road,1,24,572276.485,5620144.852,draft
point_alpha_corridor,235,road,1,25,572339.176,5620187.168,draft
point_alpha_corridor,235,road,1,26,572361.163,5620212.77,draft
point_alpha_corridor,235,road,1,27,572386.959,5620246.393,draft
point_alpha_corridor,235,road,1,28,572415.349,5620282.717,draft
point_alpha_corridor,235,road,1,29,572454.379,5620316.609,draft
point_alpha_corridor,235,road,1,30,572496.46,5620330.703,draft
point_alpha_corridor,235,road,1,31,572555.637,5620350.44,draft
point_alpha_corridor,235,road,1,32,572598.987,5620367.209,draft
point_alpha_corridor,235,road,1,33,572638.099,5620397.13,draft
point_alpha_corridor,235,road,1,34,572670.351,5620438.828,draft
point_alpha_corridor,235,road,1,35,572717.65,5620521.875,draft
point_alpha_corridor,235,road,1,36,572781.725,5620626.446,draft
point_alpha_corridor,235,road,1,37,572824.161,5620688.21,draft
point_alpha_corridor,235,road,1,38,572863.556,5620734.8,draft
point_alpha_corridor,236,road,1,0,570766.108,5619631.159,draft
point_alpha_corridor,236,road,1,1,570722.015,5619683.305,draft
point_alpha_corridor,236,road,1,2,570671.919,5619735.329,draft
point_alpha_corridor,236,road,1,3,570623.211,5619768.366,draft
point_alpha_corridor,236,road,1,4,570286.307,5619947.668,draft
point_alpha_corridor,236,road,1,5,570249.887,5619966.944,draft
point_alpha_corridor,236,road,1,6,570216.59,5619980.278,draft
point_alpha_corridor,236,road,1,7,569871.634,5620063.341,draft
point_alpha_corridor,237,road,1,0,570766.108,5619631.159,draft
point_alpha_corridor,237,road,1,1,570796.419,5619567.724,draft
point_alpha_corridor,237,road,1,2,570808.074,5619535.936,draft
point_alpha_corridor,237,road,1,3,570845.264,5619345.555,draft
point_alpha_corridor,238,road,1,0,573000.98,5620912.904,draft
point_alpha_corridor,238,road,1,1,573068.824,5620897.071,draft
point_alpha_corridor,238,road,1,2,573087.755,5620877.596,draft
point_alpha_corridor,238,road,1,3,573104.12,5620854.097,draft
point_alpha_corridor,238,road,1,4,573179.461,5620729.85,draft
point_alpha_corridor,238,road,1,5,573197.204,5620703.731,draft
point_alpha_corridor,238,road,1,6,573218.755,5620685.634,draft
point_alpha_corridor,238,road,1,7,573254.89,5620666.508,draft
point_alpha_corridor,238,road,1,8,573284.331,5620647.074,draft
point_alpha_corridor,238,road,1,9,573313.193,5620612.63,draft
point_alpha_corridor,238,road,1,10,573335.668,5620590.069,draft
point_alpha_corridor,238,road,1,11,573360.922,5620578.572,draft
point_alpha_corridor,238,road,1,12,573403.08,5620572.423,draft
point_alpha_corridor,238,road,1,13,573512.1,5620575.638,draft
point_alpha_corridor,239,road,1,0,564440.118,5626083.752,draft
point_alpha_corridor,239,road,1,1,564515.695,5625917.128,draft
point_alpha_corridor,239,road,1,2,564537.946,5625864.622,draft
point_alpha_corridor,239,road,1,3,564580.995,5625831.075,draft
point_alpha_corridor,239,road,1,4,564621.289,5625802.767,draft
point_alpha_corridor,239,road,1,5,564675.528,5625777.294,draft
point_alpha_corridor,239,road,1,6,564787.006,5625726.699,draft
point_alpha_corridor,239,road,1,7,564903.218,5625702.862,draft
point_alpha_corridor,239,road,1,8,564950.561,5625687.812,draft
point_alpha_corridor,239,road,1,9,565006.069,5625664.921,draft
point_alpha_corridor,239,road,1,10,565103.277,5625606.545,draft
point_alpha_corridor,239,road,1,11,565147.188,5625589.688,draft
point_alpha_corridor,239,road,1,12,565201.699,5625565.376,draft
point_alpha_corridor,239,road,1,13,565249.923,5625537.759,draft
point_alpha_corridor,239,road,1,14,565459.41,5625392.676,draft
point_alpha_corridor,240,road,1,0,563200.186,5624113.024,draft
point_alpha_corridor,240,road,1,1,563100.923,5624072.977,draft
point_alpha_corridor,241,road,1,0,563804.732,5625620.95,draft
point_alpha_corridor,241,road,1,1,563794.952,5625581.032,draft
point_alpha_corridor,241,road,1,2,563785.118,5625543.762,draft
point_alpha_corridor,241,road,1,3,563679.828,5625382.747,draft
point_alpha_corridor,241,road,1,4,563638.447,5625334.243,draft
point_alpha_corridor,241,road,1,5,563618.295,5625283.523,draft
point_alpha_corridor,241,road,1,6,563567.372,5625053.216,draft
point_alpha_corridor,241,road,1,7,563563.082,5625018.102,draft
point_alpha_corridor,241,road,1,8,563563.51,5624997.094,draft
point_alpha_corridor,241,road,1,9,563567.1,5624968.144,draft
point_alpha_corridor,241,road,1,10,563576.934,5624878.274,draft
point_alpha_corridor,241,road,1,11,563577.686,5624841.26,draft
point_alpha_corridor,241,road,1,12,563575.011,5624825.194,draft
point_alpha_corridor,241,road,1,13,563567.374,5624807.024,draft
point_alpha_corridor,241,road,1,14,563434.482,5624452.048,draft
point_alpha_corridor,241,road,1,15,563408.448,5624403.481,draft
point_alpha_corridor,241,road,1,16,563380.23,5624363.877,draft
point_alpha_corridor,241,road,1,17,563298.807,5624283.16,draft
point_alpha_corridor,241,road,1,18,563268.507,5624247.517,draft
point_alpha_corridor,241,road,1,19,563250.989,5624223.142,draft
point_alpha_corridor,241,road,1,20,563240.412,5624201.911,draft
point_alpha_corridor,241,road,1,21,563200.186,5624113.024,draft
point_alpha_corridor,242,road,1,0,563200.186,5624113.024,draft
point_alpha_corridor,242,road,1,1,563440.327,5624016.828,draft
point_alpha_corridor,242,road,1,2,563529.031,5623985.605,draft
point_alpha_corridor,242,road,1,3,563581.477,5623965.655,draft
point_alpha_corridor,242,road,1,4,563693.819,5623903.889,draft
point_alpha_corridor,242,road,1,5,563734.042,5623878.396,draft
point_alpha_corridor,242,road,1,6,563763.964,5623839.286,draft
point_alpha_corridor,242,road,1,7,563850.438,5623753.663,draft
point_alpha_corridor,242,road,1,8,563931.402,5623678.52,draft
point_alpha_corridor,243,road,1,0,563100.923,5624072.977,draft
point_alpha_corridor,243,road,1,1,563124.656,5623939.355,draft
point_alpha_corridor,243,road,1,2,563127.348,5623905.383,draft
point_alpha_corridor,243,road,1,3,563119.935,5623876.21,draft
point_alpha_corridor,243,road,1,4,563076.074,5623769.236,draft
point_alpha_corridor,243,road,1,5,563042.521,5623647.459,draft
point_alpha_corridor,243,road,1,6,563037.109,5623618.327,draft
point_alpha_corridor,243,road,1,7,563012.95,5623526.765,draft
point_alpha_corridor,243,road,1,8,562838.775,5623134.923,draft
point_alpha_corridor,243,road,1,9,562826.38,5623104.647,draft
point_alpha_corridor,243,road,1,10,562820.907,5623078.516,draft
point_alpha_corridor,243,road,1,11,562812.591,5622995.282,draft
point_alpha_corridor,244,road,1,0,563804.732,5625620.95,draft
point_alpha_corridor,244,road,1,1,563686.711,5625695.339,draft
point_alpha_corridor,244,road,1,2,563625.243,5625723.216,draft
point_alpha_corridor,244,road,1,3,563579.87,5625740.829,draft
point_alpha_corridor,244,road,1,4,563521.425,5625750.232,draft
point_alpha_corridor,244,road,1,5,563460.495,5625751.642,draft
point_alpha_corridor,244,road,1,6,563375.212,5625742.85,draft
point_alpha_corridor,245,road,1,0,564534.951,5626133.832,draft
point_alpha_corridor,245,road,1,1,564440.118,5626083.752,draft
point_alpha_corridor,246,road,1,0,569044.416,5626296.449,draft
point_alpha_corridor,246,road,1,1,569143.887,5626316.742,draft
point_alpha_corridor,246,road,1,2,569199.471,5626317.872,draft
point_alpha_corridor,246,road,1,3,569226.208,5626305.175,draft
point_alpha_corridor,246,road,1,4,569245.22,5626281.73,draft
point_alpha_corridor,246,road,1,5,569285.407,5626258.716,draft
point_alpha_corridor,246,road,1,6,569333.265,5626249.097,draft
point_alpha_corridor,246,road,1,7,569378.369,5626244.718,draft
point_alpha_corridor,246,road,1,8,569433.953,5626245.848,draft
point_alpha_corridor,246,road,1,9,569465.876,5626238.553,draft
point_alpha_corridor,246,road,1,10,569492.668,5626223.21,draft
point_alpha_corridor,246,road,1,11,569524.86,5626202.681,draft
point_alpha_corridor,246,road,1,12,569628.732,5626173.017,draft
point_alpha_corridor,247,road,1,0,572113.809,5626150.67,draft
point_alpha_corridor,247,road,1,1,572144.039,5626281.448,draft
point_alpha_corridor,247,road,1,2,572172.657,5626368.87,draft
point_alpha_corridor,247,road,1,3,572218.458,5626465.325,draft
point_alpha_corridor,247,road,1,4,572260.802,5626518.289,draft
point_alpha_corridor,247,road,1,5,572325.023,5626563.015,draft
point_alpha_corridor,247,road,1,6,572393.673,5626603.488,draft
point_alpha_corridor,247,road,1,7,572527.072,5626662.645,draft
point_alpha_corridor,247,road,1,8,572543.992,5626684.699,draft
point_alpha_corridor,247,road,1,9,572547.715,5626715.169,draft
point_alpha_corridor,247,road,1,10,572550.467,5626793.381,draft
point_alpha_corridor,247,road,1,11,572553.484,5626858.572,draft
point_alpha_corridor,247,road,1,12,572574.303,5626902.416,draft
point_alpha_corridor,247,road,1,13,572616.559,5626959.721,draft
point_alpha_corridor,247,road,1,14,572689.284,5627013.303,draft
point_alpha_corridor,247,road,1,15,572724.71,5627047.767,draft
point_alpha_corridor,247,road,1,16,572744.119,5627092.573,draft
point_alpha_corridor,247,road,1,17,572751.418,5627147.8,draft
point_alpha_corridor,247,road,1,18,572739.201,5627205.035,draft
point_alpha_corridor,247,road,1,19,572729.373,5627253.475,draft
point_alpha_corridor,247,road,1,20,572719.455,5627306.335,draft
point_alpha_corridor,247,road,1,21,572727.306,5627355.134,draft
point_alpha_corridor,247,road,1,22,572757.393,5627397.753,draft
point_alpha_corridor,247,road,1,23,572794.333,5627429.456,draft
point_alpha_corridor,247,road,1,24,572827.079,5627450.02,draft
point_alpha_corridor,247,road,1,25,572853.194,5627470.449,draft
point_alpha_corridor,247,road,1,26,572872.5,5627499.583,draft
point_alpha_corridor,247,road,1,27,572891.357,5627550.816,draft
point_alpha_corridor,247,road,1,28,572914.005,5627633.08,draft
point_alpha_corridor,247,road,1,29,572937.551,5627671.144,draft
point_alpha_corridor,247,road,1,30,573041.641,5627814.626,draft
point_alpha_corridor,247,road,1,31,573061.867,5627863.808,draft
point_alpha_corridor,247,road,1,32,573074.752,5627915.592,draft
point_alpha_corridor,247,road,1,33,573075.264,5627976.829,draft
point_alpha_corridor,247,road,1,34,573076.597,5628136.46,draft
point_alpha_corridor,247,road,1,35,573090.984,5628185.128,draft
point_alpha_corridor,247,road,1,36,573129.34,5628220.643,draft
point_alpha_corridor,247,road,1,37,573185.498,5628234.811,draft
point_alpha_corridor,247,road,1,38,573423.505,5628274.385,draft
point_alpha_corridor,247,road,1,39,573480.016,5628271.191,draft
point_alpha_corridor,247,road,1,40,573532.54,5628250.549,draft
point_alpha_corridor,247,road,1,41,573563.804,5628207.764,draft
point_alpha_corridor,247,road,1,42,573586.603,5628153.046,draft
point_alpha_corridor,247,road,1,43,573672.99,5627818.745,draft
point_alpha_corridor,247,road,1,44,573783.095,5627841.398,draft
point_alpha_corridor,248,road,1,0,574387.984,5624753.735,draft
point_alpha_corridor,248,road,1,1,574444.564,5624823.303,draft
point_alpha_corridor,248,road,1,2,574480.007,5624903.462,draft
point_alpha_corridor,248,road,1,3,574510.102,5624986.16,draft
point_alpha_corridor,248,road,1,4,574527.07,5625063.295,draft
point_alpha_corridor,248,road,1,5,574562.405,5625148.748,draft
point_alpha_corridor,248,road,1,6,574591.586,5625276.442,draft
point_alpha_corridor,248,road,1,7,574594.729,5625382.424,draft
point_alpha_corridor,248,road,1,8,574569.024,5625474.581,draft
point_alpha_corridor,248,road,1,9,574527.708,5625553.179,draft
point_alpha_corridor,248,road,1,10,574465.324,5625626.054,draft
point_alpha_corridor,248,road,1,11,574403.371,5625677.755,draft
point_alpha_corridor,248,road,1,12,574349.466,5625724.322,draft
point_alpha_corridor,248,road,1,13,574319.274,5625776.668,draft
point_alpha_corridor,248,road,1,14,574307.127,5625853.212,draft
point_alpha_corridor,248,road,1,15,574326.688,5625933.048,draft
point_alpha_corridor,248,road,1,16,574341.117,5626004.836,draft
point_alpha_corridor,248,road,1,17,574326.592,5626068.092,draft
point_alpha_corridor,248,road,1,18,574298.349,5626154.9,draft
point_alpha_corridor,248,road,1,19,574285.932,5626244.678,draft
point_alpha_corridor,248,road,1,20,574286.535,5626345.313,draft
point_alpha_corridor,248,road,1,21,574298.156,5626424.987,draft
point_alpha_corridor,248,road,1,22,574291.733,5626480.464,draft
point_alpha_corridor,248,road,1,23,574256.301,5626530.055,draft
point_alpha_corridor,248,road,1,24,574119.776,5626634.269,draft
point_alpha_corridor,248,road,1,25,574095.951,5626659.832,draft
point_alpha_corridor,248,road,1,26,574077.357,5626697.839,draft
point_alpha_corridor,248,road,1,27,574064.133,5626741.438,draft
point_alpha_corridor,248,road,1,28,574053.086,5626787.478,draft
point_alpha_corridor,248,road,1,29,574033.267,5626843.628,draft
point_alpha_corridor,248,road,1,30,574009.276,5626877.412,draft
point_alpha_corridor,248,road,1,31,573717.4,5627228.346,draft
point_alpha_corridor,248,road,1,32,573691.611,5627262.035,draft
point_alpha_corridor,248,road,1,33,573671.613,5627305.587,draft
point_alpha_corridor,248,road,1,34,573670.759,5627347.617,draft
point_alpha_corridor,248,road,1,35,573683.2,5627393.74,draft
point_alpha_corridor,248,road,1,36,573705.272,5627436.236,draft
point_alpha_corridor,248,road,1,37,573745.402,5627505.007,draft
point_alpha_corridor,248,road,1,38,573760.145,5627549.364,draft
point_alpha_corridor,248,road,1,39,573766.925,5627602.418,draft
point_alpha_corridor,248,road,1,40,573783.095,5627841.398,draft
point_alpha_corridor,249,road,1,0,563182.301,5626316.33,draft
point_alpha_corridor,249,road,1,1,563097.603,5626314.608,draft
point_alpha_corridor,249,road,1,2,563060.763,5626303.267,draft
point_alpha_corridor,249,road,1,3,563015.958,5626282.972,draft
point_alpha_corridor,249,road,1,4,562995.153,5626272.542,draft
point_alpha_corridor,249,road,1,5,562972.206,5626269.073,draft
point_alpha_corridor,249,road,1,6,562902.814,5626285.676,draft
point_alpha_corridor,250,road,1,0,562812.591,5622995.282,draft
point_alpha_corridor,250,road,1,1,562883.661,5622986.641,draft
point_alpha_corridor,250,road,1,2,562962.93,5622994.872,draft
point_alpha_corridor,250,road,1,3,563018.569,5623025.792,draft
point_alpha_corridor,250,road,1,4,563087.241,5623066.906,draft
point_alpha_corridor,250,road,1,5,563159.355,5623101.471,draft
point_alpha_corridor,250,road,1,6,563676.803,5623264.046,draft
point_alpha_corridor,251,road,1,0,564440.118,5626083.752,draft
point_alpha_corridor,251,road,1,1,564386.307,5626059.087,draft
point_alpha_corridor,251,road,1,2,564355.191,5626026.68,draft
point_alpha_corridor,251,road,1,3,564326.991,5625981.092,draft
point_alpha_corridor,251,road,1,4,564296.09,5625938.097,draft
point_alpha_corridor,251,road,1,5,564241.562,5625906.579,draft
point_alpha_corridor,251,road,1,6,564144.351,5625847.631,draft
point_alpha_corridor,251,road,1,7,564091.953,5625820.087,draft
point_alpha_corridor,251,road,1,8,564033.777,5625816.256,draft
point_alpha_corridor,251,road,1,9,563975.547,5625815.072,draft
point_alpha_corridor,251,road,1,10,563911.808,5625824.368,draft
point_alpha_corridor,251,road,1,11,563855.794,5625844.412,draft
point_alpha_corridor,251,road,1,12,563815.877,5625854.192,draft
point_alpha_corridor,251,road,1,13,563784.169,5625850.899,draft
point_alpha_corridor,251,road,1,14,563760.832,5625826.594,draft
point_alpha_corridor,251,road,1,15,563764.232,5625789.592,draft
point_alpha_corridor,251,road,1,16,563791.454,5625753.075,draft
point_alpha_corridor,251,road,1,17,563805.28,5625724.229,draft
point_alpha_corridor,251,road,1,18,563814.135,5625679.395,draft
point_alpha_corridor,251,road,1,19,563804.732,5625620.95,draft
point_alpha_corridor,252,road,1,0,572863.556,5620734.8,draft
point_alpha_corridor,252,road,1,1,572717.192,5621032.865,draft
point_alpha_corridor,252,road,1,2,572692.269,5621077.395,draft
point_alpha_corridor,252,road,1,3,572672.611,5621109.02,draft
point_alpha_corridor,252,road,1,4,572497.137,5621322.627,draft
point_alpha_corridor,253,road,1,0,574009.839,5623613.15,draft
point_alpha_corridor,253,road,1,1,573998.081,5623751.726,draft
point_alpha_corridor,253,road,1,2,573996.102,5623849.13,draft
point_alpha_corridor,253,road,1,3,574011.522,5624036.535,draft
point_alpha_corridor,253,road,1,4,574019.845,5624083.043,draft
point_alpha_corridor,253,road,1,5,574033.877,5624122.253,draft
point_alpha_corridor,253,road,1,6,574146.161,5624341.497,draft
point_alpha_corridor,253,road,1,7,574160.002,5624365.092,draft
point_alpha_corridor,254,road,1,0,563676.803,5623264.046,draft
point_alpha_corridor,254,road,1,1,563711.473,5623277.438,draft
point_alpha_corridor,254,road,1,2,563740.857,5623264.795,draft
point_alpha_corridor,254,road,1,3,563770.564,5623236.272,draft
point_alpha_corridor,254,road,1,4,563856.983,5623153.296,draft
point_alpha_corridor,254,road,1,5,563897.385,5623119.695,draft
point_alpha_corridor,254,road,1,6,563942.596,5623110.022,draft
point_alpha_corridor,254,road,1,7,563998.017,5623119.093,draft
point_alpha_corridor,254,road,1,8,564040.151,5623130.541,draft
point_alpha_corridor,254,road,1,9,564063.972,5623131.025,draft
point_alpha_corridor,254,road,1,10,564113.052,5623120.796,draft
point_alpha_corridor,254,road,1,11,564160.618,5623094.741,draft
point_alpha_corridor,254,road,1,12,564458.386,5622920.654,draft
point_alpha_corridor,254,road,1,13,564507.156,5622884.616,draft
point_alpha_corridor,254,road,1,14,564541.758,5622856.297,draft
point_alpha_corridor,254,road,1,15,564706.833,5622710.02,draft
point_alpha_corridor,254,road,1,16,564816.316,5622613.005,draft
point_alpha_corridor,254,road,1,17,564872.977,5622562.796,draft
point_alpha_corridor,254,road,1,18,564902.659,5622530.373,draft
point_alpha_corridor,254,road,1,19,565020.584,5622341.622,draft
point_alpha_corridor,254,road,1,20,565042.507,5622297.032,draft
point_alpha_corridor,254,road,1,21,565051.038,5622271.185,draft
point_alpha_corridor,254,road,1,22,565051.4,5622204.14,draft
point_alpha_corridor,254,road,1,23,565048.7,5622140.036,draft
point_alpha_corridor,254,road,1,24,565029.294,5621765.35,draft
point_alpha_corridor,254,road,1,25,565028.046,5621728.296,draft
point_alpha_corridor,254,road,1,26,565020.49,5621706.125,draft
point_alpha_corridor,254,road,1,27,564997.071,5621676.627,draft
point_alpha_corridor,254,road,1,28,564964.279,5621615.913,draft
point_alpha_corridor,254,road,1,29,564920.889,5621534.969,draft
point_alpha_corridor,254,road,1,30,564913.415,5621508.797,draft
point_alpha_corridor,254,road,1,31,564914.126,5621473.784,draft
point_alpha_corridor,254,road,1,32,564932.108,5621426.112,draft
point_alpha_corridor,254,road,1,33,564949.643,5621400.448,draft
point_alpha_corridor,254,road,1,34,564965.913,5621387.769,draft
point_alpha_corridor,254,road,1,35,564982.021,5621383.093,draft
point_alpha_corridor,254,road,1,36,565001.028,5621383.479,draft
point_alpha_corridor,254,road,1,37,565021.873,5621391.909,draft
point_alpha_corridor,254,road,1,38,565079.101,5621432.102,draft
point_alpha_corridor,254,road,1,39,565107.888,5621443.696,draft
point_alpha_corridor,254,road,1,40,565147.902,5621444.509,draft
point_alpha_corridor,254,road,1,41,565174.014,5621440.036,draft
point_alpha_corridor,254,road,1,42,565195.347,5621424.457,draft
point_alpha_corridor,254,road,1,43,565206.778,5621403.673,draft
point_alpha_corridor,254,road,1,44,565210.267,5621379.725,draft
point_alpha_corridor,254,road,1,45,565210.755,5621355.716,draft
point_alpha_corridor,254,road,1,46,565193.814,5621293.668,draft
point_alpha_corridor,254,road,1,47,565184.034,5621253.751,draft
point_alpha_corridor,254,road,1,48,565185.002,5621206.108,draft
point_alpha_corridor,254,road,1,49,565191.156,5621163.867,draft
point_alpha_corridor,254,road,1,50,565241.106,5621044.09,draft
point_alpha_corridor,255,road,1,0,563375.212,5625742.85,draft
point_alpha_corridor,255,road,1,1,563350.743,5625863.447,draft
point_alpha_corridor,255,road,1,2,563337.47,5625887.974,draft
point_alpha_corridor,255,road,1,3,563316.188,5625892.837,draft
point_alpha_corridor,255,road,1,4,563287.073,5625892.245,draft
point_alpha_corridor,255,road,1,5,563207.722,5625887.984,draft
point_alpha_corridor,255,road,1,6,563178.284,5625903.273,draft
point_alpha_corridor,255,road,1,7,563169.698,5625934.873,draft
point_alpha_corridor,255,road,1,8,563179.478,5625974.791,draft
point_alpha_corridor,255,road,1,9,563186.719,5626009.361,draft
point_alpha_corridor,255,road,1,10,563173.0,5626032.913,draft
point_alpha_corridor,255,road,1,11,563177.648,5626064.782,draft
point_alpha_corridor,255,road,1,12,563193.045,5626088.926,draft
point_alpha_corridor,255,road,1,13,563192.291,5626125.982,draft
point_alpha_corridor,255,road,1,14,563170.686,5626146.726,draft
point_alpha_corridor,255,road,1,15,563141.195,5626164.661,draft
point_alpha_corridor,255,road,1,16,563125.045,5626177.572,draft
point_alpha_corridor,255,road,1,17,563127.1,5626206.741,draft
point_alpha_corridor,255,road,1,18,563182.301,5626316.33,draft
point_alpha_corridor,256,road,1,0,561187.21,5625166.947,draft
point_alpha_corridor,256,road,1,1,561275.297,5625057.476,draft
point_alpha_corridor,256,road,1,2,561323.8,5625016.096,draft
point_alpha_corridor,256,road,1,3,561361.447,5624987.734,draft
point_alpha_corridor,256,road,1,4,561406.873,5624967.475,draft
point_alpha_corridor,256,road,1,5,561454.893,5624949.916,draft
point_alpha_corridor,256,road,1,6,561500.48,5624921.716,draft
point_alpha_corridor,256,road,1,7,561543.475,5624890.816,draft
point_alpha_corridor,256,road,1,8,561592.086,5624844.142,draft
point_alpha_corridor,256,road,1,9,561637.943,5624802.708,draft
point_alpha_corridor,256,road,1,10,561678.183,5624777.047,draft
point_alpha_corridor,256,road,1,11,561718.154,5624764.621,draft
point_alpha_corridor,256,road,1,12,561776.653,5624752.571,draft
point_alpha_corridor,256,road,1,13,561819.54,5624726.964,draft
point_alpha_corridor,256,road,1,14,561910.087,5624659.24,draft
point_alpha_corridor,256,road,1,15,562005.789,5624579.122,draft
point_alpha_corridor,256,road,1,16,562043.392,5624550.864,draft
point_alpha_corridor,256,road,1,17,562081.935,5624525.627,draft
point_alpha_corridor,256,road,1,18,562109.25,5624511.171,draft
point_alpha_corridor,256,road,1,19,562138.525,5624498.756,draft
point_alpha_corridor,256,road,1,20,562168.759,5624488.362,draft
point_alpha_corridor,256,road,1,21,562213.08,5624474.252,draft
point_alpha_corridor,256,road,1,22,562288.514,5624455.77,draft
point_alpha_corridor,256,road,1,23,562361.887,5624440.249,draft
point_alpha_corridor,256,road,1,24,562946.715,5624224.962,draft
point_alpha_corridor,256,road,1,25,562984.054,5624209.709,draft
point_alpha_corridor,256,road,1,26,563025.699,5624179.531,draft
point_alpha_corridor,256,road,1,27,563047.155,5624157.951,draft
point_alpha_corridor,256,road,1,28,563067.67,5624133.348,draft
point_alpha_corridor,256,road,1,29,563100.923,5624072.977,draft
point_alpha_corridor,257,road,1,0,563375.212,5625742.85,draft
point_alpha_corridor,257,road,1,1,563273.398,5625729.771,draft
point_alpha_corridor,257,road,1,2,563188.631,5625715.038,draft
point_alpha_corridor,257,road,1,3,563075.078,5625688.71,draft
point_alpha_corridor,257,road,1,4,562999.518,5625664.156,draft
point_alpha_corridor,257,road,1,5,562920.2,5625627.516,draft
point_alpha_corridor,257,road,1,6,562794.517,5625557.908,draft
point_alpha_corridor,257,road,1,7,562639.867,5625426.294,draft
point_alpha_corridor,257,road,1,8,562548.897,5625342.36,draft
point_alpha_corridor,257,road,1,9,562491.367,5625306.767,draft
point_alpha_corridor,257,road,1,10,562404.776,5625267.936,draft
point_alpha_corridor,257,road,1,11,562318.077,5625234.399,draft
point_alpha_corridor,257,road,1,12,562231.217,5625208.801,draft
point_alpha_corridor,257,road,1,13,562157.376,5625194.06,draft
point_alpha_corridor,257,road,1,14,562075.325,5625192.392,draft
point_alpha_corridor,257,road,1,15,561985.226,5625195.856,draft
point_alpha_corridor,257,road,1,16,561876.545,5625201.59,draft
point_alpha_corridor,257,road,1,17,561395.167,5625226.218,draft
point_alpha_corridor,257,road,1,18,561364.156,5625225.588,draft
point_alpha_corridor,257,road,1,19,561324.202,5625221.773,draft
point_alpha_corridor,257,road,1,20,561295.293,5625216.181,draft
point_alpha_corridor,257,road,1,21,561254.624,5625198.341,draft
point_alpha_corridor,257,road,1,22,561187.21,5625166.947,draft
point_alpha_corridor,258,road,2,0,566756.537,5622659.327,draft
point_alpha_corridor,258,road,2,1,566811.162,5622657.637,draft
point_alpha_corridor,258,road,2,2,566854.707,5622650.124,draft
point_alpha_corridor,258,road,2,3,566888.827,5622624.222,draft
point_alpha_corridor,258,road,2,4,566912.072,5622587.227,draft
point_alpha_corridor,258,road,2,5,566924.427,5622525.563,draft
point_alpha_corridor,258,road,2,6,566934.607,5622368.997,draft
point_alpha_corridor,258,road,2,7,566941.313,5622314.543,draft
point_alpha_corridor,258,road,2,8,566960.697,5622256.148,draft
point_alpha_corridor,258,road,2,9,566975.883,5622197.667,draft
point_alpha_corridor,258,road,2,10,566982.64,5622132.337,draft
point_alpha_corridor,258,road,2,11,566981.445,5622060.819,draft
point_alpha_corridor,258,road,2,12,566982.413,5622013.177,draft
point_alpha_corridor,258,road,2,13,566994.076,5621960.456,draft
point_alpha_corridor,258,road,2,14,567099.324,5621602.479,draft
point_alpha_corridor,258,road,2,15,567124.597,5621531.499,draft
point_alpha_corridor,258,road,2,16,567138.692,5621489.419,draft
point_alpha_corridor,258,road,2,17,567158.08,5621447.447,draft
point_alpha_corridor,258,road,2,18,567182.655,5621410.875,draft
point_alpha_corridor,258,road,2,19,567222.569,5621343.56,draft
point_alpha_corridor,258,road,2,20,567241.651,5621297.908,draft
point_alpha_corridor,258,road,2,21,567362.501,5620953.397,draft
point_alpha_corridor,258,road,2,22,567387.321,5620899.513,draft
point_alpha_corridor,258,road,2,23,567412.112,5620854.537,draft
point_alpha_corridor,258,road,2,24,567480.08,5620737.315,draft
point_alpha_corridor,258,road,2,25,567509.652,5620698.479,draft
point_alpha_corridor,258,road,2,26,567541.586,5620665.508,draft
point_alpha_corridor,259,road,1,0,569871.634,5620063.341,draft
point_alpha_corridor,259,road,1,1,569971.147,5620148.337,draft
point_alpha_corridor,259,road,1,2,570193.309,5620338.087,draft
point_alpha_corridor,259,road,1,3,570221.588,5620374.689,draft
point_alpha_corridor,259,road,1,4,570249.806,5620414.293,draft
point_alpha_corridor,259,road,1,5,570364.725,5620619.787,draft
point_alpha_corridor,259,road,1,6,570375.485,5620632.015,draft
point_alpha_corridor,259,road,1,7,570401.149,5620649.55,draft
point_alpha_corridor,259,road,1,8,570443.758,5620670.431,draft
point_alpha_corridor,259,road,1,9,570497.128,5620703.541,draft
point_alpha_corridor,259,road,1,10,570524.773,5620722.117,draft
point_alpha_corridor,259,road,1,11,570556.318,5620745.776,draft
point_alpha_corridor,259,road,1,12,570582.677,5620778.336,draft
point_alpha_corridor,259,road,1,13,570602.831,5620820.779,draft
point_alpha_corridor,259,road,1,14,570633.4,5620892.456,draft
point_alpha_corridor,259,road,1,15,570827.346,5621740.06,draft
point_alpha_corridor,259,road,1,16,570837.354,5621789.302,draft
point_alpha_corridor,260,road,1,0,573719.981,5624954.841,draft
point_alpha_corridor,260,road,1,1,573789.528,5624949.741,draft
point_alpha_corridor,260,road,1,2,574387.984,5624753.735,draft
point_alpha_corridor,261,road,1,0,568080.246,5620637.664,draft
point_alpha_corridor,261,road,1,1,568151.735,5620635.289,draft
point_alpha_corridor,261,road,1,2,568182.926,5620638.474,draft
point_alpha_corridor,261,road,1,3,568302.151,5620666.951,draft
point_alpha_corridor,261,road,1,4,568342.24,5620811.878,draft
point_alpha_corridor,261,road,1,5,568352.471,5620850.116,draft
point_alpha_corridor,261,road,1,6,568371.56,5620846.501,draft
point_alpha_corridor,261,road,1,7,568576.672,5620799.628,draft
point_alpha_corridor,262,road,2,0,568982.024,5625729.672,draft
point_alpha_corridor,262,road,2,1,569412.56,5625951.474,draft
point_alpha_corridor,262,road,2,2,569453.088,5625980.768,draft
point_alpha_corridor,262,road,2,3,569487.228,5626013.095,draft
point_alpha_corridor,262,road,2,4,569628.732,5626173.017,draft
point_alpha_corridor,263,road,2,0,569628.732,5626173.017,draft
point_alpha_corridor,263,road,2,1,569664.389,5626242.588,draft
point_alpha_corridor,263,road,2,2,569693.527,5626290.92,draft
point_alpha_corridor,263,road,2,3,569733.798,5626332.862,draft
point_alpha_corridor,263,road,2,4,569788.855,5626372.219,draft
point_alpha_corridor,263,road,2,5,569857.029,5626417.615,draft
point_alpha_corridor,263,road,2,6,569911.481,5626462.093,draft
point_alpha_corridor,264,road,1,0,571754.998,5624636.432,draft
point_alpha_corridor,264,road,1,1,571704.112,5624593.115,draft
point_alpha_corridor,264,road,1,2,571678.326,5624581.582,draft
point_alpha_corridor,264,road,1,3,571657.318,5624581.155,draft
point_alpha_corridor,264,road,1,4,571641.251,5624583.831,draft
point_alpha_corridor,264,road,1,5,571616.937,5624598.349,draft
point_alpha_corridor,264,road,1,6,571376.757,5624745.588,draft
point_alpha_corridor,264,road,1,7,571329.21,5624770.643,draft
point_alpha_corridor,264,road,1,8,571271.701,5624793.493,draft
point_alpha_corridor,264,road,1,9,571212.022,5624810.864,draft
point_alpha_corridor,264,road,1,10,571154.267,5624820.916,draft
point_alpha_corridor,264,road,1,11,571101.44,5624840.497,draft
point_alpha_corridor,264,road,1,12,570920.531,5624908.314,draft
point_alpha_corridor,264,road,1,13,570851.823,5624927.572,draft
point_alpha_corridor,264,road,1,14,570811.895,5624937.882,draft
point_alpha_corridor,264,road,1,15,570776.86,5624941.936,draft
point_alpha_corridor,264,road,1,16,570738.713,5624942.75,draft
point_alpha_corridor,264,road,1,17,570703.968,5624932.511,draft
point_alpha_corridor,264,road,1,18,570660.082,5624903.021,draft
point_alpha_corridor,264,road,1,19,570635.224,5624890.645,draft
point_alpha_corridor,264,road,1,20,570611.174,5624886.14,draft
point_alpha_corridor,264,road,1,21,570580.935,5624888.703,draft
point_alpha_corridor,264,road,1,22,570458.723,5624960.891,draft
point_alpha_corridor,264,road,1,23,570440.995,5624973.24,draft
point_alpha_corridor,264,road,1,24,570423.173,5624983.412,draft
point_alpha_corridor,264,road,1,25,570399.317,5624991.459,draft
point_alpha_corridor,264,road,1,26,570367.555,5624990.813,draft
point_alpha_corridor,264,road,1,27,570321.236,5624976.337,draft
point_alpha_corridor,264,road,1,28,570300.228,5624975.91,draft
point_alpha_corridor,264,road,1,29,570281.16,5624978.525,draft
point_alpha_corridor,264,road,1,30,570227.168,5625016.483,draft
point_alpha_corridor,264,road,1,31,570209.494,5625028.908,draft
point_alpha_corridor,264,road,1,32,570186.067,5625028.633,draft
point_alpha_corridor,264,road,1,33,570160.779,5625002.498,draft
point_alpha_corridor,264,road,1,34,570132.516,5624986.036,draft
point_alpha_corridor,264,road,1,35,570094.401,5624985.262,draft
point_alpha_corridor,264,road,1,36,569969.823,5625032.245,draft
point_alpha_corridor,264,road,1,37,569953.613,5625041.923,draft
point_alpha_corridor,264,road,1,38,569940.394,5625058.392,draft
point_alpha_corridor,264,road,1,39,569941.53,5625080.658,draft
point_alpha_corridor,264,road,1,40,569950.543,5625106.261,draft
point_alpha_corridor,264,road,1,41,569969.363,5625153.331,draft
point_alpha_corridor,264,road,1,42,569979.135,5625184.691,draft
point_alpha_corridor,264,road,1,43,569986.171,5625212.719,draft
point_alpha_corridor,264,road,1,44,569994.609,5625289.952,draft
point_alpha_corridor,264,road,1,45,570000.835,5625525.264,draft
point_alpha_corridor,264,road,1,46,570002.083,5625562.319,draft
point_alpha_corridor,264,road,1,47,570009.334,5625599.495,draft
point_alpha_corridor,264,road,1,48,570019.789,5625626.729,draft
point_alpha_corridor,264,road,1,49,570056.445,5625743.566,draft
point_alpha_corridor,264,road,1,50,570071.817,5625810.593,draft
point_alpha_corridor,264,road,1,51,570073.549,5625855.643,draft
point_alpha_corridor,264,road,1,52,570064.694,5625900.478,draft
point_alpha_corridor,264,road,1,53,570047.468,5625966.326,draft
point_alpha_corridor,264,road,1,54,570046.5,5626013.969,draft
point_alpha_corridor,264,road,1,55,570048.34,5626053.726,draft
point_alpha_corridor,264,road,1,56,570092.593,5626221.445,draft
point_alpha_corridor,264,road,1,57,570102.589,5626250.776,draft
point_alpha_corridor,264,road,1,58,570099.297,5626282.484,draft
point_alpha_corridor,264,road,1,59,570081.473,5626305.572,draft
point_alpha_corridor,264,road,1,60,570039.859,5626320.614,draft
point_alpha_corridor,264,road,1,61,570001.486,5626332.544,draft
point_alpha_corridor,264,road,1,62,569962.726,5626363.532,draft
point_alpha_corridor,264,road,1,63,569943.088,5626391.73,draft
point_alpha_corridor,264,road,1,64,569911.481,5626462.093,draft
point_alpha_corridor,265,road,1,0,572863.556,5620734.8,draft
point_alpha_corridor,265,road,1,1,573000.98,5620912.904,draft
point_alpha_corridor,266,road,2,0,567135.481,5623068.14,draft
point_alpha_corridor,266,road,2,1,567181.685,5623109.11,draft
point_alpha_corridor,266,road,2,2,567194.324,5623127.381,draft
point_alpha_corridor,266,road,2,3,567209.679,5623159.719,draft
point_alpha_corridor,266,road,2,4,567227.873,5623200.12,draft
point_alpha_corridor,266,road,2,5,567290.075,5623389.531,draft
point_alpha_corridor,266,road,2,6,567294.548,5623415.643,draft
point_alpha_corridor,266,road,2,7,567298.899,5623447.756,draft
point_alpha_corridor,266,road,2,8,567311.307,5623625.147,draft
point_alpha_corridor,266,road,2,9,567313.86,5623647.216,draft
point_alpha_corridor,266,road,2,10,567324.275,5623676.451,draft
point_alpha_corridor,266,road,2,11,567344.49,5623715.892,draft
point_alpha_corridor,266,road,2,12,567372.525,5623764.5,draft
point_alpha_corridor,266,road,2,13,567480.805,5623951.846,draft
point_alpha_corridor,266,road,2,14,567643.777,5624244.49,draft
point_alpha_corridor,266,road,2,15,567673.835,5624287.942,draft
point_alpha_corridor,266,road,2,16,567708.748,5624326.733,draft
point_alpha_corridor,266,road,2,17,568277.888,5624897.624,draft
point_alpha_corridor,266,road,2,18,568319.696,5624948.456,draft
point_alpha_corridor,266,road,2,19,568484.358,5625161.252,draft
point_alpha_corridor,266,road,2,20,568523.933,5625204.898,draft
point_alpha_corridor,266,road,2,21,568568.459,5625239.124,draft
point_alpha_corridor,266,road,2,22,568659.794,5625312.384,draft
point_alpha_corridor,266,road,2,23,568697.086,5625351.223,draft
point_alpha_corridor,266,road,2,24,568734.185,5625399.579,draft
point_alpha_corridor,266,road,2,25,568811.948,5625507.88,draft
point_alpha_corridor,266,road,2,26,568926.633,5625671.527,draft
point_alpha_corridor,266,road,2,27,568982.024,5625729.672,draft
point_alpha_corridor,267,road,2,0,566756.537,5622659.327,draft
point_alpha_corridor,267,road,2,1,566766.792,5622705.727,draft
point_alpha_corridor,267,road,2,2,566780.187,5622735.394,draft
point_alpha_corridor,267,road,2,3,566806.202,5622763.918,draft
point_alpha_corridor,267,road,2,4,566839.356,5622785.588,draft
point_alpha_corridor,267,road,2,5,566933.419,5622840.69,draft
point_alpha_corridor,268,road,1,0,564534.951,5626133.832,draft
point_alpha_corridor,268,road,1,1,564608.037,5626094.171,draft
point_alpha_corridor,268,road,1,2,564690.841,5626057.825,draft
point_alpha_corridor,268,road,1,3,564714.992,5626051.31,draft
point_alpha_corridor,268,road,1,4,564749.005,5626052.002,draft
point_alpha_corridor,268,road,1,5,564770.931,5626056.451,draft
point_alpha_corridor,268,road,1,6,564914.417,5626103.814,draft
point_alpha_corridor,268,road,1,7,564964.783,5626120.439,draft
point_alpha_corridor,268,road,1,8,565004.656,5626128.255,draft
point_alpha_corridor,269,road,1,0,569983.419,5623104.84,draft
point_alpha_corridor,269,road,1,1,570250.866,5623120.443,draft
point_alpha_corridor,269,road,1,2,570305.927,5623119.56,draft
point_alpha_corridor,269,road,1,3,570394.184,5623110.345,draft
point_alpha_corridor,269,road,1,4,570563.898,5623081.768,draft
point_alpha_corridor,270,road,1,0,567487.982,5627143.502,draft
point_alpha_corridor,270,road,1,1,567521.872,5627193.343,draft
point_alpha_corridor,270,road,1,2,567553.052,5627222.574,draft
point_alpha_corridor,270,road,1,3,567580.863,5627261.27,draft
point_alpha_corridor,270,road,1,4,567589.552,5627302.754,draft
point_alpha_corridor,270,road,1,5,567594.743,5627360.055,draft
point_alpha_corridor,270,road,1,6,567605.044,5627403.614,draft
point_alpha_corridor,270,road,1,7,567618.15,5627459.033,draft
point_alpha_corridor,270,road,1,8,567632.869,5627516.528,draft
point_alpha_corridor,270,road,1,9,567703.979,5627644.284,draft
point_alpha_corridor,270,road,1,10,567719.558,5627665.618,draft
point_alpha_corridor,270,road,1,11,567747.101,5627689.196,draft
point_alpha_corridor,270,road,1,12,567791.813,5627705.117,draft
point_alpha_corridor,270,road,1,13,567852.218,5627740.133,draft
point_alpha_corridor,270,road,1,14,567884.509,5627758.852,draft
point_alpha_corridor,270,road,1,15,567913.476,5627775.644,draft
point_alpha_corridor,270,road,1,16,568009.683,5627867.671,draft
point_alpha_corridor,271,road,1,0,570371.851,5627754.566,draft
point_alpha_corridor,271,road,1,1,570263.333,5627923.495,draft
point_alpha_corridor,271,road,1,2,570236.632,5627956.98,draft
point_alpha_corridor,271,road,1,3,570204.969,5627988.361,draft
point_alpha_corridor,271,road,1,4,570167.203,5628024.623,draft
point_alpha_corridor,271,road,1,5,570118.452,5628059.661,draft
point_alpha_corridor,271,road,1,6,570054.452,5628106.398,draft
point_alpha_corridor,271,road,1,7,569987.593,5628146.071,draft
point_alpha_corridor,271,road,1,8,569384.167,5628488.084,draft
point_alpha_corridor,271,road,1,9,569342.844,5628513.276,draft
point_alpha_corridor,271,road,1,10,569305.466,5628528.404,draft
point_alpha_corridor,271,road,1,11,569265.601,5628535.537,draft
point_alpha_corridor,271,road,1,12,569212.611,5628537.107,draft
point_alpha_corridor,271,road,1,13,569133.206,5628535.493,draft
point_alpha_corridor,271,road,1,14,569093.341,5628542.627,draft
point_alpha_corridor,271,road,1,15,569061.235,5628570.589,draft
point_alpha_corridor,272,road,1,0,566816.931,5617911.653,draft
point_alpha_corridor,272,road,1,1,566622.495,5617925.717,draft
point_alpha_corridor,272,road,1,2,566582.521,5617922.903,draft
point_alpha_corridor,273,road,1,0,564860.561,5628588.257,draft
point_alpha_corridor,273,road,1,1,564835.834,5628524.904,draft
point_alpha_corridor,273,road,1,2,564836.803,5628477.261,draft
point_alpha_corridor,273,road,1,3,564854.029,5628411.413,draft
point_alpha_corridor,273,road,1,4,564870.879,5628364.094,draft
point_alpha_corridor,273,road,1,5,564882.381,5628319.313,draft
point_alpha_corridor,273,road,1,6,564891.721,5628250.657,draft
point_alpha_corridor,273,road,1,7,564898.145,5628195.181,draft
point_alpha_corridor,273,road,1,8,564951.826,5628029.454,draft
point_alpha_corridor,273,road,1,9,564983.093,5627924.173,draft
point_alpha_corridor,273,road,1,10,565005.667,5627855.786,draft
point_alpha_corridor,273,road,1,11,565019.763,5627813.706,draft
point_alpha_corridor,273,road,1,12,565026.24,5627755.584,draft
point_alpha_corridor,273,road,1,13,565024.939,5627689.359,draft
point_alpha_corridor,273,road,1,14,565021.152,5627615.141,draft
point_alpha_corridor,273,road,1,15,565009.049,5627559.288,draft
point_alpha_corridor,273,road,1,16,564991.758,5627498.035,draft
point_alpha_corridor,273,road,1,17,564859.882,5627212.026,draft
point_alpha_corridor,273,road,1,18,564842.324,5627164.007,draft
point_alpha_corridor,273,road,1,19,564801.158,5627104.916,draft
point_alpha_corridor,273,road,1,20,564770.473,5627051.333,draft
point_alpha_corridor,273,road,1,21,564753.075,5626995.373,draft
point_alpha_corridor,273,road,1,22,564746.104,5626947.569,draft
point_alpha_corridor,273,road,1,23,564728.868,5626883.669,draft
point_alpha_corridor,273,road,1,24,564625.951,5626607.011,draft
point_alpha_corridor,273,road,1,25,564593.641,5626503.085,draft
point_alpha_corridor,273,road,1,26,564577.051,5626407.423,draft
point_alpha_corridor,273,road,1,27,564573.587,5626317.324,draft
point_alpha_corridor,273,road,1,28,564567.315,5626235.111,draft
point_alpha_corridor,273,road,1,29,564558.073,5626168.725,draft
point_alpha_corridor,273,road,1,30,564534.951,5626133.832,draft
point_alpha_corridor,274,road,1,0,565038.853,5628876.106,draft
point_alpha_corridor,274,road,1,1,565114.579,5628941.697,draft
point_alpha_corridor,274,road,1,2,565147.9,5628976.401,draft
point_alpha_corridor,274,road,1,3,565179.2,5629012.065,draft
point_alpha_corridor,274,road,1,4,565282.555,5629146.271,draft
point_alpha_corridor,274,road,1,5,565303.196,5629164.705,draft
point_alpha_corridor,274,road,1,6,565339.722,5629189.467,draft
point_alpha_corridor,274,road,1,7,565766.733,5629402.311,draft
point_alpha_corridor,274,road,1,8,565796.378,5629420.928,draft
point_alpha_corridor,274,road,1,9,565826.902,5629445.568,draft
point_alpha_corridor,274,road,1,10,565882.109,5629486.722,draft
point_alpha_corridor,274,road,1,11,565931.7,5629508.747,draft
point_alpha_corridor,274,road,1,12,565979.332,5629528.731,draft
point_alpha_corridor,274,road,1,13,566041.989,5629548.019,draft
point_alpha_corridor,274,road,1,14,566207.38,5629584.408,draft
point_alpha_corridor,274,road,1,15,566240.25,5629592.082,draft
point_alpha_corridor,274,road,1,16,566256.256,5629592.408,draft
point_alpha_corridor,274,road,1,17,566277.488,5629581.831,draft
point_alpha_corridor,274,road,1,18,566296.821,5629566.212,draft
point_alpha_corridor,274,road,1,19,566309.354,5629540.446,draft
point_alpha_corridor,274,road,1,20,566342.526,5629484.075,draft
point_alpha_corridor,274,road,1,21,566372.595,5629432.646,draft
point_alpha_corridor,274,road,1,22,566385.966,5629414.904,draft
point_alpha_corridor,274,road,1,23,566408.299,5629399.345,draft
point_alpha_corridor,274,road,1,24,566444.74,5629379.069,draft
point_alpha_corridor,274,road,1,25,566554.595,5629341.272,draft
point_alpha_corridor,274,road,1,26,566583.606,5629341.862,draft
point_alpha_corridor,274,road,1,27,566615.455,5629350.516,draft
point_alpha_corridor,274,road,1,28,566655.083,5629370.337,draft
point_alpha_corridor,274,road,1,29,566801.797,5629439.372,draft
point_alpha_corridor,274,road,1,30,566823.479,5629455.826,draft
point_alpha_corridor,274,road,1,31,566849.021,5629479.363,draft
point_alpha_corridor,274,road,1,32,566922.521,5629540.471,draft
point_alpha_corridor,274,road,1,33,566982.352,5629567.108,draft
point_alpha_corridor,274,road,1,34,567052.1,5629574.881,draft
point_alpha_corridor,274,road,1,35,567121.976,5629576.302,draft
point_alpha_corridor,274,road,1,36,567198.205,5629577.852,draft
point_alpha_corridor,274,road,1,37,567280.463,5629595.413,draft
point_alpha_corridor,274,road,1,38,567368.751,5629628.983,draft
point_alpha_corridor,275,road,1,0,568009.683,5627867.671,draft
point_alpha_corridor,275,road,1,1,568166.672,5627755.886,draft
point_alpha_corridor,275,road,1,2,568204.158,5627735.464,draft
point_alpha_corridor,275,road,1,3,568225.925,5627706.78,draft
point_alpha_corridor,275,road,1,4,568239.751,5627677.934,draft
point_alpha_corridor,275,road,1,5,568254.157,5627637.206,draft
point_alpha_corridor,276,road,1,0,562664.455,5629831.181,draft
point_alpha_corridor,276,road,1,1,562704.508,5629761.927,draft
point_alpha_corridor,276,road,1,2,562736.287,5629684.359,draft
point_alpha_corridor,277,road,1,0,562621.786,5629917.805,draft
point_alpha_corridor,277,road,1,1,562664.455,5629831.181,draft
point_alpha_corridor,278,road,1,0,562736.287,5629684.359,draft
point_alpha_corridor,278,road,1,1,562748.49,5629605.169,draft
point_alpha_corridor,278,road,1,2,562746.597,5629568.06,draft
point_alpha_corridor,278,road,1,3,562731.631,5629522.741,draft
point_alpha_corridor,278,road,1,4,562651.302,5629392.632,draft
point_alpha_corridor,278,road,1,5,562587.529,5629275.82,draft
point_alpha_corridor,278,road,1,6,562566.458,5629218.197,draft
point_alpha_corridor,278,road,1,7,562561.01,5629173.601,draft
point_alpha_corridor,278,road,1,8,562557.199,5629029.851,draft
point_alpha_corridor,278,road,1,9,562505.316,5628755.528,draft
point_alpha_corridor,278,road,1,10,562498.066,5628718.351,draft
point_alpha_corridor,278,road,1,11,562484.691,5628687.055,draft
point_alpha_corridor,278,road,1,12,562469.275,5628657.719,draft
point_alpha_corridor,278,road,1,13,562425.459,5628597.782,draft
point_alpha_corridor,279,road,1,0,562828.069,5629961.031,draft
point_alpha_corridor,279,road,1,1,562899.892,5629972.5,draft
point_alpha_corridor,279,road,1,2,562980.699,5629985.152,draft
point_alpha_corridor,280,road,1,0,562980.699,5629985.152,draft
point_alpha_corridor,280,road,1,1,563029.452,5629999.154,draft
point_alpha_corridor,280,road,1,2,563059.301,5630007.767,draft
point_alpha_corridor,280,road,1,3,563152.562,5630047.694,draft
point_alpha_corridor,280,road,1,4,563658.32,5630325.191,draft
point_alpha_corridor,280,road,1,5,563704.91,5630347.155,draft
point_alpha_corridor,280,road,1,6,563757.543,5630367.24,draft
point_alpha_corridor,280,road,1,7,564025.935,5630456.765,draft
point_alpha_corridor,281,road,1,0,560780.073,5629980.421,draft
point_alpha_corridor,281,road,1,1,560741.113,5629878.55,draft
point_alpha_corridor,281,road,1,2,560721.163,5629826.103,draft
point_alpha_corridor,281,road,1,3,560719.63,5629803.054,draft
point_alpha_corridor,281,road,1,4,560723.978,5629786.129,draft
point_alpha_corridor,281,road,1,5,560738.207,5629775.41,draft
point_alpha_corridor,281,road,1,6,560850.408,5629720.648,draft
point_alpha_corridor,281,road,1,7,560920.003,5629694.042,draft
point_alpha_corridor,281,road,1,8,561118.484,5629631.094,draft
point_alpha_corridor,281,road,1,9,561161.102,5629618.722,draft
point_alpha_corridor,281,road,1,10,561201.45,5629587.767,draft
point_alpha_corridor,281,road,1,11,561233.804,5629559.298,draft
point_alpha_corridor,281,road,1,12,561265.997,5629538.77,draft
point_alpha_corridor,281,road,1,13,561316.448,5629531.853,draft
point_alpha_corridor,281,road,1,14,561364.144,5629530.175,draft
point_alpha_corridor,281,road,1,15,561414.541,5629525.904,draft
point_alpha_corridor,281,road,1,16,561454.566,5629510.831,draft
point_alpha_corridor,281,road,1,17,561484.327,5629479.661,draft
point_alpha_corridor,281,road,1,18,561503.716,5629437.689,draft
point_alpha_corridor,281,road,1,19,561577.495,5629325.33,draft
point_alpha_corridor,281,road,1,20,561618.274,5629273.201,draft
point_alpha_corridor,281,road,1,21,561656.245,5629228.959,draft
point_alpha_corridor,281,road,1,22,561709.935,5629192.98,draft
point_alpha_corridor,281,road,1,23,561736.941,5629167.05,draft
point_alpha_corridor,281,road,1,24,561748.498,5629119.623,draft
point_alpha_corridor,281,road,1,25,561773.019,5629085.699,draft
point_alpha_corridor,281,road,1,26,561805.211,5629065.171,draft
point_alpha_corridor,281,road,1,27,561850.638,5629044.911,draft
point_alpha_corridor,281,road,1,28,562035.313,5628948.047,draft
point_alpha_corridor,281,road,1,29,562086.249,5628917.308,draft
point_alpha_corridor,281,road,1,30,562142.209,5628899.911,draft
point_alpha_corridor,281,road,1,31,562192.821,5628885.053,draft
point_alpha_corridor,281,road,1,32,562227.876,5628853.991,draft
point_alpha_corridor,281,road,1,33,562284.589,5628799.538,draft
point_alpha_corridor,281,road,1,34,562328.069,5628744.816,draft
point_alpha_corridor,281,road,1,35,562425.459,5628597.782,draft
point_alpha_corridor,282,road,1,0,562621.786,5629917.805,draft
point_alpha_corridor,282,road,1,1,562828.069,5629961.031,draft
point_alpha_corridor,283,road,1,0,565019.137,5628959.772,draft
point_alpha_corridor,283,road,1,1,565038.853,5628876.106,draft
point_alpha_corridor,284,road,1,0,565038.853,5628876.106,draft
point_alpha_corridor,284,road,1,1,564977.436,5628795.795,draft
point_alpha_corridor,284,road,1,2,564952.22,5628756.252,draft
point_alpha_corridor,284,road,1,3,564928.004,5628716.729,draft
point_alpha_corridor,284,road,1,4,564874.977,5628617.573,draft
point_alpha_corridor,284,road,1,5,564860.561,5628588.257,draft
point_alpha_corridor,285,road,1,0,562621.786,5629917.805,draft
point_alpha_corridor,285,road,1,1,562544.981,5629905.234,draft
point_alpha_corridor,285,road,1,2,562496.024,5629901.236,draft
point_alpha_corridor,285,road,1,3,562462.012,5629900.544,draft
point_alpha_corridor,285,road,1,4,562421.936,5629902.731,draft
point_alpha_corridor,285,road,1,5,562352.524,5629920.334,draft
point_alpha_corridor,285,road,1,6,561994.256,5630018.129,draft
point_alpha_corridor,285,road,1,7,561964.061,5630026.522,draft
point_alpha_corridor,285,road,1,8,561926.946,5630030.771,draft
point_alpha_corridor,285,road,1,9,561878.928,5630029.794,draft
point_alpha_corridor,285,road,1,10,561839.914,5630029.001,draft
point_alpha_corridor,285,road,1,11,561566.057,5630011.421,draft
point_alpha_corridor,285,road,1,12,561322.537,5629978.446,draft
point_alpha_corridor,285,road,1,13,561293.587,5629974.855,draft
point_alpha_corridor,285,road,1,14,561256.736,5629966.099,draft
point_alpha_corridor,285,road,1,15,561197.979,5629951.893,draft
point_alpha_corridor,285,road,1,16,561158.188,5629940.075,draft
point_alpha_corridor,285,road,1,17,561129.381,5629929.481,draft
point_alpha_corridor,285,road,1,18,561090.692,5629912.682,draft
point_alpha_corridor,285,road,1,19,561056.107,5629890.962,draft
point_alpha_corridor,286,road,1,0,563424.449,5628735.19,draft
point_alpha_corridor,286,road,1,1,563282.03,5628750.308,draft
point_alpha_corridor,286,road,1,2,563231.686,5628765.297,draft
point_alpha_corridor,286,road,1,3,563205.371,5628779.773,draft
point_alpha_corridor,286,road,1,4,563185.815,5628806.397,draft
point_alpha_corridor,286,road,1,5,563185.327,5628830.406,draft
point_alpha_corridor,286,road,1,6,563184.981,5628847.412,draft
point_alpha_corridor,286,road,1,7,563195.578,5628867.643,draft
point_alpha_corridor,286,road,1,8,563222.201,5628887.2,draft
point_alpha_corridor,286,road,1,9,563266.526,5628922.128,draft
point_alpha_corridor,286,road,1,10,563300.766,5628960.854,draft
point_alpha_corridor,286,road,1,11,563352.708,5629014.952,draft
point_alpha_corridor,286,road,1,12,563386.171,5629042.654,draft
point_alpha_corridor,286,road,1,13,563417.101,5629047.286,draft
point_alpha_corridor,286,road,1,14,563459.116,5629048.14,draft
point_alpha_corridor,286,road,1,15,563550.455,5629034.986,draft
point_alpha_corridor,286,road,1,16,563592.939,5629012.832,draft
point_alpha_corridor,286,road,1,17,563635.341,5628994.679,draft
point_alpha_corridor,286,road,1,18,563673.518,5628987.45,draft
point_alpha_corridor,286,road,1,19,563749.322,5629000.0,draft
point_alpha_corridor,286,road,1,20,563862.815,5629029.329,draft
point_alpha_corridor,286,road,1,21,563895.926,5629040.669,draft
point_alpha_corridor,286,road,1,22,563921.964,5629062.382,draft
point_alpha_corridor,286,road,1,23,563924.126,5629086.257,draft
point_alpha_corridor,286,road,1,24,563923.642,5629110.078,draft
point_alpha_corridor,286,road,1,25,563941.631,5629136.923,draft
point_alpha_corridor,286,road,1,26,563982.46,5629149.855,draft
point_alpha_corridor,287,road,1,0,563424.449,5628735.19,draft
point_alpha_corridor,287,road,1,1,563470.527,5628733.125,draft
point_alpha_corridor,287,road,1,2,564167.847,5628744.304,draft
point_alpha_corridor,287,road,1,3,564201.859,5628744.996,draft
point_alpha_corridor,287,road,1,4,564238.995,5628739.746,draft
point_alpha_corridor,287,road,1,5,564282.215,5628730.617,draft
point_alpha_corridor,287,road,1,6,564621.513,5628581.395,draft
point_alpha_corridor,287,road,1,7,564642.745,5628570.818,draft
point_alpha_corridor,287,road,1,8,564666.855,5628566.304,draft
point_alpha_corridor,287,road,1,9,564692.865,5628566.833,draft
point_alpha_corridor,287,road,1,10,564860.561,5628588.257,draft
point_alpha_corridor,288,road,1,0,564025.935,5630456.765,draft
point_alpha_corridor,288,road,1,1,564176.676,5630327.727,draft
point_alpha_corridor,288,road,1,2,564204.276,5630299.266,draft
point_alpha_corridor,288,road,1,3,564225.874,5630270.682,draft
point_alpha_corridor,288,road,1,4,564631.102,5629635.418,draft
point_alpha_corridor,288,road,1,5,564661.232,5629580.987,draft
point_alpha_corridor,288,road,1,6,564722.326,5629431.111,draft
point_alpha_corridor,288,road,1,7,564732.716,5629412.307,draft
point_alpha_corridor,288,road,1,8,564749.048,5629396.627,draft
point_alpha_corridor,288,road,1,9,564770.157,5629392.052,draft
point_alpha_corridor,288,road,1,10,564880.402,5629384.286,draft
point_alpha_corridor,288,road,1,11,564901.471,5629381.713,draft
point_alpha_corridor,288,road,1,12,564916.741,5629369.013,draft
point_alpha_corridor,288,road,1,13,564927.192,5629347.208,draft
point_alpha_corridor,288,road,1,14,565019.137,5628959.772,draft
point_alpha_corridor,289,road,2,0,569911.481,5626462.093,draft
point_alpha_corridor,289,road,2,1,570063.199,5626691.453,draft
point_alpha_corridor,289,road,2,2,570102.218,5626741.286,draft
point_alpha_corridor,289,road,2,3,570129.476,5626778.869,draft
point_alpha_corridor,289,road,2,4,570227.115,5626898.947,draft
point_alpha_corridor,289,road,2,5,570249.371,5626936.429,draft
point_alpha_corridor,289,road,2,6,570286.779,5627016.252,draft
point_alpha_corridor,289,road,2,7,570341.74,5627121.512,draft
point_alpha_corridor,289,road,2,8,570354.167,5627161.484,draft
point_alpha_corridor,289,road,2,9,570361.354,5627198.701,draft
point_alpha_corridor,289,road,2,10,570360.278,5627251.638,draft
point_alpha_corridor,289,road,2,11,570351.046,5627315.001,draft
point_alpha_corridor,289,road,2,12,570370.167,5627640.441,draft
point_alpha_corridor,289,road,2,13,570371.851,5627754.566,draft
point_alpha_corridor,290,road,1,0,573783.095,5627841.398,draft
point_alpha_corridor,290,road,1,1,574006.105,5627745.923,draft
point_alpha_corridor,290,road,1,2,574075.286,5627716.475,draft
point_alpha_corridor,290,road,1,3,574130.763,5627704.239,draft
point_alpha_corridor,290,road,1,4,574172.811,5627708.726,draft
point_alpha_corridor,290,road,1,5,574235.286,5627737.018,draft
point_alpha_corridor,291,road,1,0,573783.095,5627841.398,draft
point_alpha_corridor,291,road,1,1,573795.905,5627971.585,draft
point_alpha_corridor,291,road,1,2,573810.567,5628011.679,draft
point_alpha_corridor,291,road,1,3,573838.847,5628034.363,draft
point_alpha_corridor,291,road,1,4,573878.402,5628046.221,draft
point_alpha_corridor,291,road,1,5,573999.926,5628078.673,draft
point_alpha_corridor,291,road,1,6,574028.156,5628100.27,draft
point_alpha_corridor,291,road,1,7,574040.831,5628134.931,draft
point_alpha_corridor,291,road,1,8,574069.451,5628311.471,draft
point_alpha_corridor,291,road,1,9,574079.828,5628344.347,draft
point_alpha_corridor,291,road,1,10,574098.164,5628377.746,draft
point_alpha_corridor,291,road,1,11,574121.747,5628399.242,draft
point_alpha_corridor,291,road,1,12,574185.223,5628427.554,draft
point_alpha_corridor,292,road,1,0,569007.156,5629950.585,draft
point_alpha_corridor,292,road,1,1,569031.372,5630030.61,draft
point_alpha_corridor,292,road,1,2,569037.537,5630118.117,draft
point_alpha_corridor,292,road,1,3,569033.329,5630194.822,draft
point_alpha_corridor,292,road,1,4,569040.109,5630249.492,draft
point_alpha_corridor,292,road,1,5,569070.941,5630308.165,draft
point_alpha_corridor,292,road,1,6,569204.495,5630483.018,draft
point_alpha_corridor,292,road,1,7,569228.016,5630507.515,draft
point_alpha_corridor,292,road,1,8,569248.658,5630525.949,draft
point_alpha_corridor,292,road,1,9,569280.182,5630550.609,draft
point_alpha_corridor,292,road,1,10,569373.221,5630601.54,draft
point_alpha_corridor,293,road,1,0,568165.199,5621268.404,draft
point_alpha_corridor,293,road,1,1,568128.82,5620973.747,draft
point_alpha_corridor,293,road,1,2,568115.24,5620799.897,draft
point_alpha_corridor,293,road,1,3,568107.448,5620772.861,draft
point_alpha_corridor,293,road,1,4,568094.098,5620745.712,draft
point_alpha_corridor,293,road,1,5,568084.528,5620714.933,draft
point_alpha_corridor,293,road,1,6,568080.246,5620637.664,draft
point_alpha_corridor,294,road,1,0,568923.179,5622566.975,draft
point_alpha_corridor,294,road,1,1,568962.265,5622615.548,draft
point_alpha_corridor,294,road,1,2,568990.973,5622643.874,draft
point_alpha_corridor,294,road,1,3,569024.428,5622666.132,draft
point_alpha_corridor,294,road,1,4,569068.636,5622690.149,draft
point_alpha_corridor,294,road,1,5,569160.322,5622729.002,draft
point_alpha_corridor,294,road,1,6,569195.286,5622752.831,draft
point_alpha_corridor,294,road,1,7,569230.032,5622787.445,draft
point_alpha_corridor,294,road,1,8,569297.606,5622875.128,draft
point_alpha_corridor,294,road,1,9,569329.27,5622909.679,draft
point_alpha_corridor,294,road,1,10,569361.216,5622930.365,draft
point_alpha_corridor,294,road,1,11,569399.481,5622943.472,draft
point_alpha_corridor,294,road,1,12,569638.471,5623014.603,draft
point_alpha_corridor,294,road,1,13,569678.183,5623032.363,draft
point_alpha_corridor,294,road,1,14,569719.216,5623060.94,draft
point_alpha_corridor,294,road,1,15,569757.293,5623083.291,draft
point_alpha_corridor,294,road,1,16,569797.13,5623094.889,draft
point_alpha_corridor,294,road,1,17,569841.651,5623103.5,draft
point_alpha_corridor,294,road,1,18,569983.419,5623104.84,draft
point_alpha_corridor,295,road,1,0,573000.98,5620912.904,draft
point_alpha_corridor,295,road,1,1,573084.227,5620986.089,draft
point_alpha_corridor,295,road,1,2,573166.031,5621046.341,draft
point_alpha_corridor,295,road,1,3,573204.981,5621084.203,draft
point_alpha_corridor,295,road,1,4,573419.556,5621379.442,draft
point_alpha_corridor,295,road,1,5,573460.355,5621425.027,draft
point_alpha_corridor,295,road,1,6,573497.292,5621455.828,draft
point_alpha_corridor,295,road,1,7,573541.113,5621482.925,draft
point_alpha_corridor,295,road,1,8,573637.095,5621516.92,draft
point_alpha_corridor,295,road,1,9,574040.495,5621670.48,draft
point_alpha_corridor,295,road,1,10,574092.71,5621684.85,draft
point_alpha_corridor,295,road,1,11,574142.366,5621690.554,draft
point_alpha_corridor,295,road,1,12,574187.461,5621689.592,draft
point_alpha_corridor,295,road,1,13,574234.548,5621683.036,draft
point_alpha_corridor,295,road,1,14,574330.746,5621661.32,draft
point_alpha_corridor,296,road,1,0,562812.591,5622995.282,draft
point_alpha_corridor,296,road,1,1,562646.75,5622931.864,draft
point_alpha_corridor,296,road,1,2,562614.226,5622907.185,draft
point_alpha_corridor,296,road,1,3,562578.803,5622877.442,draft
point_alpha_corridor,296,road,1,4,562496.44,5622793.704,draft
point_alpha_corridor,296,road,1,5,562461.956,5622766.983,draft
point_alpha_corridor,296,road,1,6,562323.634,5622679.105,draft
point_alpha_corridor,296,road,1,7,562290.049,5622657.406,draft
point_alpha_corridor,296,road,1,8,562261.425,5622637.809,draft
point_alpha_corridor,296,road,1,9,562242.743,5622621.417,draft
point_alpha_corridor,296,road,1,10,562076.733,5622467.926,draft
point_alpha_corridor,296,road,1,11,562024.954,5622405.826,draft
point_alpha_corridor,296,road,1,12,561828.294,5622184.66,draft
point_alpha_corridor,296,road,1,13,561801.874,5622155.1,draft
point_alpha_corridor,296,road,1,14,561781.253,5622135.666,draft
point_alpha_corridor,296,road,1,15,561623.453,5622021.372,draft
point_alpha_corridor,296,road,1,16,561468.596,5621905.356,draft
point_alpha_corridor,296,road,1,17,561327.983,5621788.638,draft
point_alpha_corridor,296,road,1,18,561134.972,5621644.377,draft
point_alpha_corridor,296,road,1,19,560975.294,5621553.751,draft
point_alpha_corridor,296,road,1,20,560806.564,5621443.332,draft
point_alpha_corridor,296,road,1,21,560771.141,5621413.59,draft
point_alpha_corridor,296,road,1,22,560739.882,5621375.926,draft
point_alpha_corridor,296,road,1,23,560675.319,5621253.52,draft
point_alpha_corridor,297,road,1,0,567135.481,5623068.14,draft
point_alpha_corridor,297,road,1,1,567184.755,5622958.054,draft
point_alpha_corridor,297,road,1,2,567204.352,5622929.43,draft
point_alpha_corridor,297,road,1,3,567225.929,5622901.847,draft
point_alpha_corridor,297,road,1,4,567369.559,5622728.628,draft
point_alpha_corridor,297,road,1,5,567408.656,5622664.367,draft
point_alpha_corridor,297,road,1,6,567451.812,5622625.525,draft
point_alpha_corridor,297,road,1,7,567497.668,5622584.09,draft
point_alpha_corridor,297,road,1,8,567524.997,5622542.279,draft
point_alpha_corridor,297,road,1,9,567569.39,5622442.561,draft
point_alpha_corridor,297,road,1,10,567612.761,5622393.132,draft
point_alpha_corridor,297,road,1,11,567658.295,5622367.578,draft
point_alpha_corridor,297,road,1,12,567711.447,5622358.067,draft
point_alpha_corridor,297,road,1,13,567777.563,5622362.058,draft
point_alpha_corridor,297,road,1,14,568132.018,5622439.928,draft
point_alpha_corridor,297,road,1,15,568168.93,5622443.76,draft
point_alpha_corridor,297,road,1,16,568198.295,5622439.734,draft
point_alpha_corridor,297,road,1,17,568233.949,5622429.669,draft
point_alpha_corridor,297,road,1,18,568297.364,5622418.628,draft
point_alpha_corridor,297,road,1,19,568349.776,5622418.152,draft
point_alpha_corridor,297,road,1,20,568401.969,5622428.46,draft
point_alpha_corridor,297,road,1,21,568464.665,5622452.853,draft
point_alpha_corridor,297,road,1,22,568536.385,5622488.218,draft
point_alpha_corridor,297,road,1,23,568576.159,5622502.897,draft
point_alpha_corridor,297,road,1,24,568617.63,5622509.905,draft
point_alpha_corridor,297,road,1,25,568665.358,5622512.416,draft
point_alpha_corridor,297,road,1,26,568777.854,5622513.161,draft
point_alpha_corridor,297,road,1,27,568820.036,5622514.914,draft
point_alpha_corridor,297,road,1,28,568859.319,5622524.064,draft
point_alpha_corridor,297,road,1,29,568894.377,5622543.271,draft
point_alpha_corridor,297,road,1,30,568923.179,5622566.975,draft
point_alpha_corridor,298,road,1,0,573272.115,5629615.238,draft
point_alpha_corridor,298,road,1,1,573310.075,5629571.524,draft
point_alpha_corridor,298,road,1,2,573395.749,5629460.197,draft
point_alpha_corridor,298,road,1,3,573435.562,5629416.521,draft
point_alpha_corridor,298,road,1,4,573480.745,5629382.221,draft
point_alpha_corridor,298,road,1,5,573534.237,5629351.995,draft
point_alpha_corridor,298,road,1,6,573600.643,5629319.784,draft
point_alpha_corridor,298,road,1,7,573646.805,5629285.436,draft
point_alpha_corridor,298,road,1,8,573682.021,5629246.432,draft
point_alpha_corridor,298,road,1,9,573712.213,5629194.087,draft
point_alpha_corridor,298,road,1,10,573754.532,5629056.071,draft
point_alpha_corridor,298,road,1,11,573774.607,5629008.697,draft
point_alpha_corridor,298,road,1,12,573802.286,5628963.39,draft
point_alpha_corridor,298,road,1,13,573861.27,5628882.405,draft
point_alpha_corridor,298,road,1,14,573890.897,5628835.225,draft
point_alpha_corridor,298,road,1,15,573944.383,5628742.661,draft
point_alpha_corridor,298,road,1,16,573981.769,5628689.906,draft
point_alpha_corridor,298,road,1,17,574028.591,5628643.076,draft
point_alpha_corridor,298,road,1,18,574075.529,5628590.515,draft
point_alpha_corridor,298,road,1,19,574108.939,5628545.324,draft
point_alpha_corridor,298,road,1,20,574185.223,5628427.554,draft
point_alpha_corridor,299,road,1,0,570563.898,5623081.768,draft
point_alpha_corridor,299,road,1,1,570627.227,5623068.043,draft
point_alpha_corridor,299,road,1,2,570682.735,5623045.152,draft
point_alpha_corridor,299,road,1,3,570712.01,5623032.737,draft
point_alpha_corridor,299,road,1,4,570755.352,5623017.605,draft
point_alpha_corridor,299,road,1,5,570785.566,5623008.211,draft
point_alpha_corridor,299,road,1,6,570816.741,5623000.838,draft
point_alpha_corridor,299,road,1,7,570865.678,5623005.836,draft
point_alpha_corridor,299,road,1,8,570897.548,5623013.489,draft
point_alpha_corridor,299,road,1,9,570928.234,5623030.125,draft
point_alpha_corridor,299,road,1,10,571415.341,5623266.786,draft
point_alpha_corridor,299,road,1,11,571474.279,5623295.421,draft
point_alpha_corridor,299,road,1,12,571526.306,5623309.402,draft
point_alpha_corridor,299,road,1,13,571584.536,5623310.585,draft
point_alpha_corridor,299,road,1,14,571619.16,5623300.697,draft
point_alpha_corridor,299,road,1,15,571683.222,5623275.519,draft
point_alpha_corridor,299,road,1,16,571733.727,5623265.953,draft
point_alpha_corridor,299,road,1,17,571789.365,5623264.436,draft
point_alpha_corridor,299,road,1,18,572032.551,5623285.265,draft
point_alpha_corridor,299,road,1,19,572084.385,5623286.412,draft
point_alpha_corridor,299,road,1,20,572135.333,5623281.092,draft
point_alpha_corridor,299,road,1,21,572183.798,5623269.803,draft
point_alpha_corridor,299,road,1,22,572275.99,5623239.464,draft
point_alpha_corridor,299,road,1,23,572306.252,5623237.867,draft
point_alpha_corridor,299,road,1,24,572364.321,5623246.991,draft
point_alpha_corridor,299,road,1,25,572411.207,5623257.04,draft
point_alpha_corridor,299,road,1,26,572454.098,5623259.407,draft
point_alpha_corridor,299,road,1,27,572493.875,5623254.483,draft
point_alpha_corridor,299,road,1,28,572649.096,5623225.862,draft
point_alpha_corridor,299,road,1,29,572689.414,5623222.444,draft
point_alpha_corridor,299,road,1,30,572730.177,5623225.297,draft
point_alpha_corridor,299,road,1,31,572761.616,5623241.824,draft
point_alpha_corridor,299,road,1,32,572792.841,5623268.938,draft
point_alpha_corridor,299,road,1,33,572857.916,5623343.557,draft
point_alpha_corridor,299,road,1,34,572893.872,5623377.001,draft
point_alpha_corridor,299,road,1,35,572927.407,5623394.629,draft
point_alpha_corridor,299,road,1,36,572967.467,5623403.917,draft
point_alpha_corridor,299,road,1,37,573006.784,5623401.785,draft
point_alpha_corridor,299,road,1,38,573150.043,5623384.325,draft
point_alpha_corridor,299,road,1,39,573200.863,5623385.357,draft
point_alpha_corridor,299,road,1,40,573255.831,5623390.711,draft
point_alpha_corridor,299,road,1,41,573469.828,5623427.712,draft
point_alpha_corridor,299,road,1,42,573601.472,5623464.81,draft
point_alpha_corridor,299,road,1,43,573696.448,5623494.988,draft
point_alpha_corridor,299,road,1,44,573740.485,5623517.067,draft
point_alpha_corridor,299,road,1,45,573772.065,5623539.77,draft
point_alpha_corridor,299,road,1,46,573802.934,5623571.294,draft
point_alpha_corridor,299,road,1,47,573850.071,5623631.919,draft
point_alpha_corridor,299,road,1,48,574009.839,5623613.15,draft
point_alpha_corridor,300,road,2,0,566933.419,5622840.69,draft
point_alpha_corridor,300,road,2,1,566988.536,5622912.034,draft
point_alpha_corridor,300,road,2,2,567026.282,5622975.8,draft
point_alpha_corridor,300,road,2,3,567064.43,5623018.658,draft
point_alpha_corridor,300,road,2,4,567135.481,5623068.14,draft
point_alpha_corridor,301,road,2,0,570371.851,5627754.566,draft
point_alpha_corridor,301,road,2,1,570394.307,5627916.499,draft
point_alpha_corridor,301,road,2,2,570389.831,5628006.438,draft
point_alpha_corridor,301,road,2,3,570382.977,5628083.089,draft
point_alpha_corridor,301,road,2,4,570381.416,5628159.848,draft
point_alpha_corridor,301,road,2,5,570422.269,5628364.57,draft
point_alpha_corridor,301,road,2,6,570441.346,5628468.227,draft
point_alpha_corridor,301,road,2,7,570461.014,5628542.77,draft
point_alpha_corridor,301,road,2,8,570499.371,5628609.748,draft
point_alpha_corridor,301,road,2,9,570543.13,5628671.54,draft
point_alpha_corridor,301,road,2,10,570607.079,5628737.124,draft
point_alpha_corridor,301,road,2,11,570651.445,5628770.052,draft
point_alpha_corridor,301,road,2,12,570792.035,5628844.967,draft
point_alpha_corridor,301,road,2,13,570831.461,5628874.792,draft
point_alpha_corridor,301,road,2,14,570853.921,5628902.27,draft
point_alpha_corridor,301,road,2,15,570886.038,5628946.958,draft
point_alpha_corridor,301,road,2,16,571203.727,5629417.786,draft
point_alpha_corridor,301,road,2,17,571220.981,5629455.167,draft
point_alpha_corridor,301,road,2,18,571236.072,5629500.509,draft
point_alpha_corridor,301,road,2,19,571249.061,5629550.813,draft
point_alpha_corridor,301,road,2,20,571281.3,5629740.028,draft
point_alpha_corridor,301,road,2,21,571287.142,5629843.417,draft
point_alpha_corridor,301,road,2,22,571304.072,5629946.246,draft
point_alpha_corridor,301,road,2,23,571330.024,5629998.815,draft
point_alpha_corridor,301,road,2,24,571342.44,5630028.091,draft
point_alpha_corridor,301,road,2,25,571348.157,5630042.218,draft
point_alpha_corridor,301,road,2,26,571365.131,5630142.643,draft
point_alpha_corridor,301,road,2,27,571384.279,5630297.896,draft
point_alpha_corridor,301,road,2,28,571394.416,5630346.295,draft
point_alpha_corridor,301,road,2,29,571413.968,5630387.471,draft
point_alpha_corridor,301,road,2,30,571444.674,5630427.02,draft
point_alpha_corridor,301,road,2,31,571685.296,5630717.362,draft
point_alpha_corridor,301,road,2,32,571705.413,5630730.746,draft
point_alpha_corridor,301,road,2,33,571733.205,5630731.311,draft
point_alpha_corridor,301,road,2,34,572120.585,5630640.948,draft
point_alpha_corridor,302,road,1,0,565459.41,5625392.676,draft
point_alpha_corridor,302,road,1,1,565582.107,5625296.668,draft
point_alpha_corridor,302,road,1,2,565638.401,5625238.338,draft
point_alpha_corridor,302,road,1,3,565679.233,5625176.154,draft
point_alpha_corridor,302,road,1,4,565726.817,5625070.143,draft
point_alpha_corridor,302,road,1,5,565749.474,5625036.899,draft
point_alpha_corridor,302,road,1,6,565780.593,5625019.946,draft
point_alpha_corridor,302,road,1,7,565827.826,5625003.321,draft
point_alpha_corridor,302,road,1,8,565867.882,5624979.222,draft
point_alpha_corridor,302,road,1,9,565900.794,5624946.186,draft
point_alpha_corridor,302,road,1,10,565965.45,5624865.435,draft
point_alpha_corridor,302,road,1,11,566015.487,5624782.922,draft
point_alpha_corridor,302,road,1,12,566062.713,5624694.49,draft
point_alpha_corridor,302,road,1,13,566094.1,5624664.353,draft
point_alpha_corridor,302,road,1,14,566126.684,5624647.43,draft
point_alpha_corridor,302,road,1,15,566173.797,5624636.664,draft
point_alpha_corridor,302,road,1,16,566238.459,5624627.721,draft
point_alpha_corridor,302,road,1,17,566276.783,5624616.776,draft
point_alpha_corridor,302,road,1,18,566307.991,5624595.429,draft
point_alpha_corridor,302,road,1,19,566329.125,5624565.084,draft
point_alpha_corridor,302,road,1,20,566337.223,5624527.147,draft
point_alpha_corridor,302,road,1,21,566332.227,5624484.547,draft
point_alpha_corridor,302,road,1,22,566314.464,5624421.172,draft
point_alpha_corridor,302,road,1,23,566305.709,5624371.824,draft
point_alpha_corridor,302,road,1,24,566293.417,5624273.072,draft
point_alpha_corridor,302,road,1,25,566294.644,5624212.725,draft
point_alpha_corridor,302,road,1,26,566303.876,5624149.362,draft
point_alpha_corridor,302,road,1,27,566359.349,5623999.559,draft
point_alpha_corridor,302,road,1,28,566378.142,5623934.802,draft
point_alpha_corridor,302,road,1,29,566384.327,5623865.023,draft
point_alpha_corridor,302,road,1,30,566398.451,5623722.548,draft
point_alpha_corridor,302,road,1,31,566427.125,5623649.209,draft
point_alpha_corridor,302,road,1,32,566442.883,5623612.5,draft
point_alpha_corridor,302,road,1,33,566462.582,5623578.874,draft
point_alpha_corridor,302,road,1,34,566580.446,5623393.122,draft
point_alpha_corridor,302,road,1,35,566607.31,5623351.635,draft
point_alpha_corridor,302,road,1,36,566634.91,5623323.174,draft
point_alpha_corridor,302,road,1,37,566711.259,5623259.675,draft
point_alpha_corridor,302,road,1,38,566756.068,5623221.555,draft
point_alpha_corridor,302,road,1,39,566780.768,5623188.03,draft
point_alpha_corridor,302,road,1,40,566865.326,5622954.086,draft
point_alpha_corridor,302,road,1,41,566933.419,5622840.69,draft
point_alpha_corridor,303,road,1,0,569061.235,5628570.589,draft
point_alpha_corridor,303,road,1,1,569046.946,5628610.53,draft
point_alpha_corridor,303,road,1,2,569048.786,5628650.286,draft
point_alpha_corridor,303,road,1,3,569098.145,5628799.679,draft
point_alpha_corridor,303,road,1,4,569102.416,5628850.076,draft
point_alpha_corridor,303,road,1,5,569098.854,5628895.019,draft
point_alpha_corridor,303,road,1,6,569084.059,5628971.508,draft
point_alpha_corridor,303,road,1,7,569074.989,5629026.931,draft
point_alpha_corridor,303,road,1,8,569084.823,5629064.202,draft
point_alpha_corridor,303,road,1,9,569113.032,5629124.081,draft
point_alpha_corridor,303,road,1,10,569130.082,5629171.464,draft
point_alpha_corridor,303,road,1,11,569137.54,5629247.677,draft
point_alpha_corridor,303,road,1,12,569127.52,5629297.512,draft
point_alpha_corridor,303,road,1,13,569102.884,5629377.075,draft
point_alpha_corridor,303,road,1,14,569085.474,5629445.776,draft
point_alpha_corridor,304,road,1,0,570837.354,5621789.302,draft
point_alpha_corridor,304,road,1,1,570885.44,5622009.487,draft
point_alpha_corridor,304,road,1,2,570884.633,5622049.19,draft
point_alpha_corridor,304,road,1,3,570878.587,5622086.138,draft
point_alpha_corridor,304,road,1,4,570846.072,5622122.548,draft
point_alpha_corridor,304,road,1,5,570787.358,5622145.186,draft
point_alpha_corridor,304,road,1,6,570755.004,5622173.656,draft
point_alpha_corridor,304,road,1,7,570727.675,5622215.468,draft
point_alpha_corridor,304,road,1,8,570689.329,5622278.239,draft
point_alpha_corridor,304,road,1,9,570648.927,5622311.841,draft
point_alpha_corridor,304,road,1,10,570594.251,5622321.965,draft
point_alpha_corridor,304,road,1,11,570564.311,5622328.119,draft
point_alpha_corridor,304,road,1,12,570541.4,5622344.01,draft
point_alpha_corridor,304,road,1,13,570524.015,5622365.234,draft
point_alpha_corridor,304,road,1,14,570498.301,5622417.114,draft
point_alpha_corridor,304,road,1,15,570475.95,5622455.191,draft
point_alpha_corridor,304,road,1,16,570447.499,5622490.062,draft
point_alpha_corridor,304,road,1,17,570356.359,5622576.062,draft
point_alpha_corridor,304,road,1,18,570320.204,5622610.776,draft
point_alpha_corridor,304,road,1,19,570282.729,5622634.674,draft
point_alpha_corridor,304,road,1,20,570183.002,5622688.133,draft
point_alpha_corridor,304,road,1,21,570151.783,5622707.535,draft
point_alpha_corridor,304,road,1,22,570134.461,5622725.678,draft
point_alpha_corridor,304,road,1,23,570126.319,5622747.09,draft
point_alpha_corridor,304,road,1,24,570117.051,5622823.965,draft
point_alpha_corridor,304,road,1,25,570110.262,5622854.652,draft
point_alpha_corridor,304,road,1,26,570091.274,5622878.926,draft
point_alpha_corridor,304,road,1,27,570022.266,5622937.633,draft
point_alpha_corridor,304,road,1,28,570004.85,5622960.397,draft
point_alpha_corridor,304,road,1,29,569996.583,5622987.972,draft
point_alpha_corridor,304,road,1,30,569983.419,5623104.84,draft
point_alpha_corridor,305,road,1,0,569007.156,5629950.585,draft
point_alpha_corridor,305,road,1,1,568900.052,5629977.629,draft
point_alpha_corridor,305,road,1,2,568841.714,5629981.738,draft
point_alpha_corridor,305,road,1,3,568807.413,5629975.745,draft
point_alpha_corridor,305,road,1,4,568773.434,5629953.871,draft
point_alpha_corridor,305,road,1,5,568736.432,5629950.47,draft
point_alpha_corridor,305,road,1,6,568694.083,5629949.609,draft
point_alpha_corridor,305,road,1,7,568614.839,5629940.054,draft
point_alpha_corridor,305,road,1,8,568512.312,5629903.546,draft
point_alpha_corridor,305,road,1,9,568176.358,5629760.555,draft
point_alpha_corridor,306,road,1,0,562425.459,5628597.782,draft
point_alpha_corridor,306,road,1,1,562453.222,5628561.317,draft
point_alpha_corridor,306,road,1,2,562464.979,5628524.527,draft
point_alpha_corridor,306,road,1,3,562469.53,5628497.599,draft
point_alpha_corridor,306,road,1,4,562473.178,5628416.61,draft
point_alpha_corridor,306,road,1,5,562474.769,5628387.619,draft
point_alpha_corridor,306,road,1,6,562475.196,5628366.612,draft
point_alpha_corridor,306,road,1,7,562481.707,5628341.724,draft
point_alpha_corridor,306,road,1,8,562492.178,5628318.919,draft
point_alpha_corridor,306,road,1,9,562559.539,5628156.161,draft
point_alpha_corridor,306,road,1,10,562566.836,5628121.293,draft
point_alpha_corridor,306,road,1,11,562572.776,5628089.639,draft
point_alpha_corridor,306,road,1,12,562565.481,5628057.715,draft
point_alpha_corridor,306,road,1,13,562539.551,5628030.709,draft
point_alpha_corridor,306,road,1,14,562515.784,5628027.578,draft
point_alpha_corridor,306,road,1,15,562494.34,5628040.381,draft
point_alpha_corridor,306,road,1,16,562480.783,5628055.993,draft
point_alpha_corridor,306,road,1,17,562454.046,5628068.689,draft
point_alpha_corridor,306,road,1,18,562425.039,5628062.803,draft
point_alpha_corridor,306,road,1,19,562409.481,5628046.599,draft
point_alpha_corridor,306,road,1,20,562409.911,5628025.424,draft
point_alpha_corridor,306,road,1,21,562447.711,5627859.375,draft
point_alpha_corridor,306,road,1,22,562467.154,5627814.756,draft
point_alpha_corridor,306,road,1,23,562502.208,5627783.694,draft
point_alpha_corridor,306,road,1,24,562534.401,5627763.166,draft
point_alpha_corridor,306,road,1,25,562587.032,5627737.904,draft
point_alpha_corridor,306,road,1,26,562637.85,5627738.938,draft
point_alpha_corridor,306,road,1,27,562654.361,5627742.59,draft
point_alpha_corridor,306,road,1,28,562685.299,5627749.435,draft
point_alpha_corridor,306,road,1,29,562710.644,5627753.128,draft
point_alpha_corridor,306,road,1,30,562730.283,5627724.93,draft
point_alpha_corridor,306,road,1,31,562731.122,5627683.64,draft
point_alpha_corridor,306,road,1,32,562728.549,5627670.051,draft
point_alpha_corridor,306,road,1,33,562726.439,5627658.912,draft
point_alpha_corridor,306,road,1,34,562719.645,5627623.034,draft
point_alpha_corridor,306,road,1,35,562698.057,5627590.82,draft
point_alpha_corridor,306,road,1,36,562660.525,5627561.459,draft
point_alpha_corridor,306,road,1,37,562637.545,5627539.916,draft
point_alpha_corridor,306,road,1,38,562626.038,5627522.206,draft
point_alpha_corridor,306,road,1,39,562626.75,5627503.578,draft
point_alpha_corridor,306,road,1,40,562643.147,5627478.491,draft
point_alpha_corridor,306,road,1,41,562705.497,5627381.257,draft
point_alpha_corridor,306,road,1,42,562809.266,5627278.51,draft
point_alpha_corridor,306,road,1,43,562851.525,5627231.707,draft
point_alpha_corridor,306,road,1,44,562887.69,5627172.071,draft
point_alpha_corridor,306,road,1,45,562916.986,5627137.714,draft
point_alpha_corridor,306,road,1,46,562952.57,5627106.662,draft
point_alpha_corridor,306,road,1,47,563027.461,5627045.371,draft
point_alpha_corridor,306,road,1,48,563064.375,5627002.518,draft
point_alpha_corridor,306,road,1,49,563089.198,5626962.991,draft
point_alpha_corridor,306,road,1,50,563109.059,5626921.362,draft
point_alpha_corridor,306,road,1,51,563124.713,5626854.482,draft
point_alpha_corridor,306,road,1,52,563136.058,5626774.797,draft
point_alpha_corridor,306,road,1,53,563140.459,5626656.794,draft
point_alpha_corridor,306,road,1,54,563144.05,5626627.844,draft
point_alpha_corridor,306,road,1,55,563149.459,5626607.939,draft
point_alpha_corridor,306,road,1,56,563210.186,5626476.07,draft
point_alpha_corridor,306,road,1,57,563216.859,5626443.179,draft
point_alpha_corridor,306,road,1,58,563217.225,5626425.173,draft
point_alpha_corridor,306,road,1,59,563182.301,5626316.33,draft
point_alpha_corridor,307,road,2,0,565241.106,5621044.09,draft
point_alpha_corridor,307,road,2,1,565298.66,5621068.278,draft
point_alpha_corridor,307,road,2,2,565372.138,5621096.792,draft
point_alpha_corridor,307,road,2,3,565568.97,5621161.84,draft
point_alpha_corridor,307,road,2,4,565595.716,5621175.394,draft
point_alpha_corridor,307,road,2,5,565626.3,5621197.032,draft
point_alpha_corridor,307,road,2,6,565787.717,5621330.413,draft
point_alpha_corridor,307,road,2,7,565816.078,5621363.015,draft
point_alpha_corridor,307,road,2,8,565845.336,5621400.638,draft
point_alpha_corridor,307,road,2,9,565859.752,5621429.954,draft
point_alpha_corridor,307,road,2,10,565882.805,5621477.459,draft
point_alpha_corridor,307,road,2,11,565966.787,5621712.935,draft
point_alpha_corridor,307,road,2,12,566027.505,5621883.18,draft
point_alpha_corridor,307,road,2,13,566063.649,5621984.526,draft
point_alpha_corridor,307,road,2,14,566079.065,5622013.862,draft
point_alpha_corridor,307,road,2,15,566101.647,5622035.338,draft
point_alpha_corridor,307,road,2,16,566344.265,5622191.864,draft
point_alpha_corridor,307,road,2,17,566539.579,5622314.777,draft
point_alpha_corridor,307,road,2,18,566583.926,5622336.675,draft
point_alpha_corridor,307,road,2,19,566629.843,5622350.206,draft
point_alpha_corridor,307,road,2,20,566671.619,5622360.853,draft
point_alpha_corridor,307,road,2,21,566704.801,5622381.124,draft
point_alpha_corridor,307,road,2,22,566725.22,5622409.534,draft
point_alpha_corridor,307,road,2,23,566734.247,5622447.511,draft
point_alpha_corridor,307,road,2,24,566756.537,5622659.327,draft
point_alpha_corridor,308,road,1,0,568254.157,5627637.206,draft
point_alpha_corridor,308,road,1,1,568357.29,5627591.127,draft
point_alpha_corridor,308,road,1,2,568383.313,5627561.47,draft
point_alpha_corridor,308,road,1,3,568382.532,5627521.735,draft
point_alpha_corridor,308,road,1,4,568385.089,5627474.124,draft
point_alpha_corridor,308,road,1,5,568345.839,5627320.806,draft
point_alpha_corridor,309,road,1,0,568176.358,5629760.555,draft
point_alpha_corridor,309,road,1,1,568113.221,5629736.555,draft
point_alpha_corridor,309,road,1,2,568052.397,5629732.67,draft
point_alpha_corridor,309,road,1,3,567999.299,5629739.534,draft
point_alpha_corridor,309,road,1,4,567932.966,5629746.129,draft
point_alpha_corridor,309,road,1,5,567872.944,5629743.979,draft
point_alpha_corridor,309,road,1,6,567798.994,5629734.532,draft
point_alpha_corridor,309,road,1,7,567677.239,5629732.056,draft
point_alpha_corridor,309,road,1,8,567605.775,5629730.603,draft
point_alpha_corridor,309,road,1,9,567555.646,5629721.64,draft
point_alpha_corridor,309,road,1,10,567495.199,5629699.227,draft
point_alpha_corridor,309,road,1,11,567368.751,5629628.983,draft
point_alpha_corridor,310,road,1,0,569085.474,5629445.776,draft
point_alpha_corridor,310,road,1,1,569064.962,5629519.418,draft
point_alpha_corridor,310,road,1,2,569047.081,5629562.088,draft
point_alpha_corridor,310,road,1,3,569001.888,5629668.254,draft
point_alpha_corridor,310,road,1,4,568967.882,5629767.173,draft
point_alpha_corridor,310,road,1,5,568961.674,5629812.061,draft
point_alpha_corridor,310,road,1,6,568966.321,5629843.931,draft
point_alpha_corridor,310,road,1,7,568995.06,5629863.051,draft
point_alpha_corridor,310,road,1,8,569012.942,5629895.19,draft
point_alpha_corridor,310,road,1,9,569007.156,5629950.585,draft
point_alpha_corridor,311,road,1,0,567602.194,5619012.45,draft
point_alpha_corridor,311,road,1,1,567759.642,5619045.672,draft
point_alpha_corridor,311,road,1,2,567788.45,5619056.265,draft
point_alpha_corridor,311,road,1,3,567814.012,5619078.801,draft
point_alpha_corridor,311,road,1,4,567850.355,5619112.565,draft
point_alpha_corridor,311,road,1,5,567873.958,5619133.061,draft
point_alpha_corridor,311,road,1,6,567897.56,5619153.556,draft
point_alpha_corridor,311,road,1,7,567952.463,5619209.714,draft
point_alpha_corridor,311,road,1,8,567976.085,5619229.209,draft
point_alpha_corridor,311,road,1,9,568022.655,5619252.172,draft
point_alpha_corridor,312,road,1,0,566891.673,5618889.188,draft
point_alpha_corridor,312,road,1,1,566735.02,5618987.826,draft
point_alpha_corridor,312,road,1,2,566595.653,5619099.082,draft
point_alpha_corridor,312,road,1,3,566567.053,5619127.524,draft
point_alpha_corridor,313,road,1,0,566891.673,5618889.188,draft
point_alpha_corridor,313,road,1,1,566973.331,5619053.459,draft
point_alpha_corridor,313,road,1,2,566988.245,5619101.424,draft
point_alpha_corridor,313,road,1,3,566992.462,5619154.468,draft
point_alpha_corridor,313,road,1,4,566983.5,5619204.595,draft
point_alpha_corridor,313,road,1,5,566987.611,5619262.933,draft
point_alpha_corridor,313,road,1,6,567002.631,5619305.604,draft
point_alpha_corridor,313,road,1,7,567020.298,5619348.33,draft
point_alpha_corridor,314,road,1,0,566946.788,5617628.069,draft
point_alpha_corridor,314,road,1,1,566966.121,5617583.73,draft
point_alpha_corridor,314,road,1,2,566995.819,5617514.526,draft
point_alpha_corridor,314,road,1,3,567020.287,5617457.863,draft
point_alpha_corridor,315,road,1,0,572218.016,5630231.04,draft
point_alpha_corridor,315,road,1,1,572224.457,5630181.521,draft
point_alpha_corridor,315,road,1,2,572225.512,5630129.642,draft
point_alpha_corridor,315,road,1,3,572233.865,5630083.473,draft
point_alpha_corridor,315,road,1,4,572251.331,5630044.903,draft
point_alpha_corridor,315,road,1,5,572289.028,5630014.159,draft
point_alpha_corridor,315,road,1,6,572356.407,5629982.164,draft
point_alpha_corridor,315,road,1,7,572392.062,5629960.646,draft
point_alpha_corridor,315,road,1,8,572425.939,5629935.385,draft
point_alpha_corridor,315,road,1,9,572491.918,5629881.12,draft
point_alpha_corridor,315,road,1,10,572533.131,5629859.714,draft
point_alpha_corridor,315,road,1,11,572577.825,5629849.502,draft
point_alpha_corridor,315,road,1,12,572625.998,5629850.481,draft
point_alpha_corridor,315,road,1,13,572673.982,5629860.724,draft
point_alpha_corridor,315,road,1,14,572745.065,5629885.509,draft
point_alpha_corridor,315,road,1,15,572800.182,5629901.087,draft
point_alpha_corridor,315,road,1,16,572855.767,5629902.217,draft
point_alpha_corridor,315,road,1,17,572909.027,5629887.412,draft
point_alpha_corridor,315,road,1,18,572957.262,5629859.265,draft
point_alpha_corridor,315,road,1,19,573024.725,5629797.086,draft
point_alpha_corridor,315,road,1,20,573089.326,5629745.44,draft
point_alpha_corridor,315,road,1,21,573151.172,5629699.034,draft
point_alpha_corridor,315,road,1,22,573226.895,5629651.39,draft
point_alpha_corridor,315,road,1,23,573272.115,5629615.238,draft
point_alpha_corridor,316,road,1,0,573272.115,5629615.238,draft
point_alpha_corridor,316,road,1,1,573605.755,5629888.934,draft
point_alpha_corridor,317,road,2,0,555672.619,5615991.626,draft
point_alpha_corridor,317,road,2,1,555614.723,5615958.87,draft
point_alpha_corridor,317,road,2,2,555553.62,5615942.8,draft
point_alpha_corridor,317,road,2,3,555459.011,5615945.95,draft
point_alpha_corridor,318,road,1,0,555544.413,5615730.162,draft
point_alpha_corridor,318,road,1,1,555532.419,5615653.074,draft
point_alpha_corridor,318,road,1,2,555520.333,5615580.504,draft
point_alpha_corridor,318,road,1,3,555479.32,5615484.959,draft
point_alpha_corridor,318,road,1,4,555355.212,5615298.91,draft
point_alpha_corridor,318,road,1,5,555293.898,5615213.6,draft
point_alpha_corridor,318,road,1,6,555127.561,5615027.081,draft
point_alpha_corridor,318,road,1,7,555064.922,5614957.756,draft
point_alpha_corridor,318,road,1,8,555000.262,5614889.391,draft
point_alpha_corridor,318,road,1,9,554932.54,5614823.966,draft
point_alpha_corridor,318,road,1,10,554886.377,5614780.996,draft
point_alpha_corridor,318,road,1,11,554850.955,5614751.254,draft
point_alpha_corridor,319,road,1,0,553974.401,5614352.148,draft
point_alpha_corridor,319,road,1,1,553980.828,5614391.641,draft
point_alpha_corridor,319,road,1,2,554010.593,5614425.344,draft
point_alpha_corridor,319,road,1,3,554051.24,5614444.705,draft
point_alpha_corridor,319,road,1,4,554130.562,5614450.289,draft
point_alpha_corridor,319,road,1,5,554239.078,5614452.495,draft
point_alpha_corridor,319,road,1,6,554301.115,5614461.699,draft
point_alpha_corridor,319,road,1,7,554365.53,5614484.191,draft
point_alpha_corridor,319,road,1,8,554433.645,5614519.998,draft
point_alpha_corridor,319,road,1,9,554557.377,5614570.21,draft
point_alpha_corridor,320,road,1,0,554850.955,5614751.254,draft
point_alpha_corridor,320,road,1,1,554765.288,5614682.462,draft
point_alpha_corridor,320,road,1,2,554701.079,5614641.127,draft
point_alpha_corridor,320,road,1,3,554557.377,5614570.21,draft
point_alpha_corridor,321,road,1,0,569061.235,5628570.589,draft
point_alpha_corridor,321,road,1,1,568916.81,5628499.318,draft
point_alpha_corridor,321,road,1,2,568846.153,5628458.163,draft
point_alpha_corridor,321,road,1,3,568775.226,5628430.241,draft
point_alpha_corridor,321,road,1,4,568669.837,5628404.267,draft
point_alpha_corridor,321,road,1,5,568572.226,5628386.395,draft
point_alpha_corridor,321,road,1,6,568530.039,5628377.594,draft
point_alpha_corridor,321,road,1,7,568495.845,5628366.307,draft
point_alpha_corridor,321,road,1,8,568456.573,5628344.325,draft
point_alpha_corridor,321,road,1,9,568267.335,5628190.16,draft
point_alpha_corridor,321,road,1,10,568232.973,5628157.436,draft
point_alpha_corridor,322,road,1,0,568254.157,5627637.206,draft
point_alpha_corridor,322,road,1,1,568239.999,5627473.293,draft
point_alpha_corridor,322,road,1,2,568201.266,5627235.316,draft
point_alpha_corridor,322,road,1,3,568189.917,5627168.357,draft
point_alpha_corridor,322,road,1,4,568187.774,5627117.474,draft
point_alpha_corridor,322,road,1,5,568198.465,5627060.496,draft
point_alpha_corridor,322,road,1,6,568199.4,5627014.488,draft
point_alpha_corridor,322,road,1,7,568196.579,5626944.739,draft
point_alpha_corridor,322,road,1,8,568183.181,5626619.21,draft
point_alpha_corridor,322,road,1,9,568185.162,5626585.877,draft
point_alpha_corridor,322,road,1,10,568204.336,5626554.492,draft
point_alpha_corridor,322,road,1,11,568231.449,5626523.268,draft
point_alpha_corridor,322,road,1,12,568282.869,5626468.707,draft
point_alpha_corridor,322,road,1,13,568307.336,5626437.429,draft
point_alpha_corridor,322,road,1,14,568318.731,5626397.942,draft
point_alpha_corridor,322,road,1,15,568329.792,5626244.587,draft
point_alpha_corridor,322,road,1,16,568344.049,5626194.566,draft
point_alpha_corridor,322,road,1,17,568363.33,5626157.887,draft
point_alpha_corridor,322,road,1,18,568390.282,5626134.603,draft
point_alpha_corridor,322,road,1,19,568425.229,5626108.834,draft
point_alpha_corridor,322,road,1,20,568905.361,5625806.139,draft
point_alpha_corridor,322,road,1,21,568951.11,5625769.998,draft
point_alpha_corridor,322,road,1,22,568982.024,5625729.672,draft
point_alpha_corridor,323,road,1,0,568232.973,5628157.436,draft
point_alpha_corridor,323,road,1,1,568083.413,5627982.259,draft
point_alpha_corridor,323,road,1,2,568060.157,5627944.757,draft
point_alpha_corridor,323,road,1,3,568009.683,5627867.671,draft
point_alpha_corridor,324,road,1,0,557234.296,5630669.879,draft
point_alpha_corridor,324,road,1,1,557112.961,5630583.345,draft
point_alpha_corridor,324,road,1,2,557033.848,5630536.7,draft
point_alpha_corridor,324,road,1,3,556961.001,5630477.173,draft
point_alpha_corridor,324,road,1,4,556925.66,5630443.428,draft
point_alpha_corridor,324,road,1,5,556812.26,5630332.048,draft
point_alpha_corridor,324,road,1,6,556794.47,5630308.524,draft
point_alpha_corridor,324,road,1,7,556778.047,5630282.77,draft
point_alpha_corridor,324,road,1,8,556771.926,5630250.447,draft
point_alpha_corridor,324,road,1,9,556776.107,5630211.555,draft
point_alpha_corridor,324,road,1,10,556782.085,5630167.616,draft
point_alpha_corridor,324,road,1,11,556774.58,5630120.013,draft
point_alpha_corridor,324,road,1,12,556748.442,5630072.031,draft
point_alpha_corridor,324,road,1,13,556708.924,5630015.304,draft
point_alpha_corridor,324,road,1,14,556665.95,5629961.895,draft
point_alpha_corridor,324,road,1,15,556547.713,5629859.505,draft
point_alpha_corridor,324,road,1,16,556490.981,5629815.985,draft
point_alpha_corridor,324,road,1,17,556403.895,5629765.068,draft
point_alpha_corridor,324,road,1,18,556360.507,5629731.987,draft
point_alpha_corridor,324,road,1,19,556280.404,5629671.044,draft
point_alpha_corridor,324,road,1,20,556237.016,5629637.963,draft
point_alpha_corridor,324,road,1,21,556166.559,5629602.637,draft
point_alpha_corridor,324,road,1,22,556098.073,5629553.793,draft
point_alpha_corridor,324,road,1,23,556041.478,5629503.497,draft
point_alpha_corridor,324,road,1,24,555979.084,5629440.059,draft
point_alpha_corridor,324,road,1,25,555717.008,5629248.931,draft
point_alpha_corridor,325,road,1,0,555717.008,5629248.931,draft
point_alpha_corridor,325,road,1,1,555798.139,5629245.578,draft
point_alpha_corridor,325,road,1,2,555835.249,5629228.157,draft
point_alpha_corridor,325,road,1,3,555862.731,5629210.075,draft
point_alpha_corridor,325,road,1,4,555893.98,5629173.429,draft
point_alpha_corridor,325,road,1,5,555911.609,5629139.895,draft
point_alpha_corridor,325,road,1,6,555939.091,5629121.813,draft
point_alpha_corridor,325,road,1,7,555971.449,5629113.998,draft
point_alpha_corridor,325,road,1,8,556018.879,5629114.963,draft
point_alpha_corridor,325,road,1,9,556086.568,5629119.729,draft
point_alpha_corridor,325,road,1,10,556132.512,5629110.496,draft
point_alpha_corridor,325,road,1,11,556170.123,5629094.315,draft
point_alpha_corridor,325,road,1,12,556837.65,5628685.928,draft
point_alpha_corridor,325,road,1,13,556928.704,5628625.078,draft
point_alpha_corridor,325,road,1,14,556980.246,5628590.539,draft
point_alpha_corridor,325,road,1,15,557023.456,5628549.052,draft
point_alpha_corridor,325,road,1,16,557156.819,5628407.72,draft
point_alpha_corridor,325,road,1,17,557217.486,5628341.168,draft
point_alpha_corridor,325,road,1,18,557284.549,5628293.388,draft
point_alpha_corridor,325,road,1,19,557385.378,5628212.044,draft
point_alpha_corridor,326,road,1,0,555717.008,5629248.931,draft
point_alpha_corridor,326,road,1,1,555568.481,5629170.851,draft
point_alpha_corridor,326,road,1,2,555528.873,5629150.03,draft
point_alpha_corridor,326,road,1,3,555471.184,5629130.934,draft
point_alpha_corridor,326,road,1,4,555448.089,5629099.96,draft
point_alpha_corridor,326,road,1,5,555424.959,5629070.681,draft
point_alpha_corridor,326,road,1,6,555366.318,5629023.627,draft
point_alpha_corridor,327,road,1,0,558606.634,5629771.079,draft
point_alpha_corridor,327,road,1,1,558522.377,5629630.262,draft
point_alpha_corridor,327,road,1,2,558479.54,5629588.348,draft
point_alpha_corridor,327,road,1,3,558435.11,5629559.641,draft
point_alpha_corridor,327,road,1,4,558360.403,5629522.375,draft
point_alpha_corridor,327,road,1,5,558313.433,5629488.321,draft
point_alpha_corridor,327,road,1,6,558270.401,5629448.275,draft
point_alpha_corridor,327,road,1,7,558194.305,5629389.693,draft
point_alpha_corridor,327,road,1,8,558144.348,5629346.31,draft
point_alpha_corridor,327,road,1,9,557948.912,5629206.762,draft
point_alpha_corridor,327,road,1,10,557885.61,5629152.94,draft
point_alpha_corridor,327,road,1,11,557837.279,5629112.98,draft
point_alpha_corridor,327,road,1,12,557793.684,5629090.063,draft
point_alpha_corridor,327,road,1,13,557718.524,5629036.0,draft
point_alpha_corridor,327,road,1,14,557651.904,5628978.721,draft
point_alpha_corridor,327,road,1,15,557620.511,5628939.105,draft
point_alpha_corridor,327,road,1,16,557599.593,5628884.451,draft
point_alpha_corridor,327,road,1,17,557593.644,5628843.658,draft
point_alpha_corridor,327,road,1,18,557608.195,5628794.809,draft
point_alpha_corridor,327,road,1,19,557624.302,5628752.771,draft
point_alpha_corridor,327,road,1,20,557621.775,5628710.353,draft
point_alpha_corridor,327,road,1,21,557614.133,5628669.526,draft
point_alpha_corridor,327,road,1,22,557593.042,5628623.341,draft
point_alpha_corridor,327,road,1,23,557563.274,5628587.148,draft
point_alpha_corridor,327,road,1,24,557498.692,5628512.964,draft
point_alpha_corridor,327,road,1,25,557472.527,5628454.003,draft
point_alpha_corridor,327,road,1,26,557423.008,5628280.862,draft
point_alpha_corridor,327,road,1,27,557408.654,5628248.546,draft
point_alpha_corridor,327,road,1,28,557385.378,5628212.044,draft
point_alpha_corridor,328,river,1,0,560190.649,5620546.887,draft
point_alpha_corridor,328,river,1,1,560237.662,5620666.509,draft
point_alpha_corridor,328,river,1,2,560288.974,5620736.774,draft
point_alpha_corridor,328,river,1,3,560343.112,5620830.171,draft
point_alpha_corridor,328,river,1,4,560417.645,5620971.9,draft
point_alpha_corridor,328,river,1,5,560500.973,5621145.176,draft
point_alpha_corridor,328,river,1,6,560537.838,5621207.357,draft
point_alpha_corridor,328,river,1,7,560660.622,5621419.565,draft
point_alpha_corridor,328,river,1,8,560671.949,5621487.581,draft
point_alpha_corridor,329,river,2,0,558128.891,5609458.834,draft
point_alpha_corridor,329,river,2,1,558087.409,5609481.008,draft
point_alpha_corridor,329,river,2,2,558030.781,5609509.88,draft
point_alpha_corridor,329,river,2,3,558002.487,5609523.316,draft
point_alpha_corridor,329,river,2,4,557923.2,5609583.752,draft
point_alpha_corridor,329,river,2,5,557845.321,5609624.201,draft
point_alpha_corridor,329,river,2,6,557784.853,5609644.989,draft
point_alpha_corridor,329,river,2,7,557739.472,5609662.081,draft
point_alpha_corridor,329,river,2,8,557706.974,5609685.439,draft
point_alpha_corridor,329,river,2,9,557581.697,5609792.976,draft
point_alpha_corridor,329,river,2,10,557544.912,5609830.257,draft
point_alpha_corridor,329,river,2,11,557513.007,5609873.642,draft
point_alpha_corridor,329,river,2,12,557498.21,5609912.371,draft
point_alpha_corridor,329,river,2,13,557465.989,5609961.308,draft
point_alpha_corridor,329,river,2,14,557424.891,5609990.799,draft
point_alpha_corridor,329,river,2,15,557392.745,5610011.999,draft
point_alpha_corridor,329,river,2,16,557347.893,5610030.154,draft
point_alpha_corridor,329,river,2,17,557290.468,5610041.695,draft
point_alpha_corridor,329,river,2,18,557219.967,5610061.834,draft
point_alpha_corridor,329,river,2,19,557166.15,5610061.413,draft
point_alpha_corridor,329,river,2,20,557115.138,5610069.907,draft
point_alpha_corridor,329,river,2,21,557063.675,5610100.635,draft
point_alpha_corridor,329,river,2,22,557008.842,5610140.826,draft
point_alpha_corridor,329,river,2,23,556960.297,5610184.326,draft
point_alpha_corridor,329,river,2,24,556886.022,5610243.186,draft
point_alpha_corridor,329,river,2,25,556846.876,5610293.23,draft
point_alpha_corridor,329,river,2,26,556804.684,5610336.855,draft
point_alpha_corridor,329,river,2,27,556762.619,5610374.131,draft
point_alpha_corridor,329,river,2,28,556727.165,5610398.828,draft
point_alpha_corridor,329,river,2,29,556694.888,5610423.59,draft
point_alpha_corridor,329,river,2,30,556652.891,5610457.688,draft
point_alpha_corridor,329,river,2,31,556629.818,5610498.528,draft
point_alpha_corridor,329,river,2,32,556594.432,5610520.048,draft
point_alpha_corridor,329,river,2,33,556552.883,5610531.913,draft
point_alpha_corridor,329,river,2,34,556508.161,5610543.717,draft
point_alpha_corridor,329,river,2,35,556444.059,5610571.01,draft
point_alpha_corridor,329,river,2,36,556405.363,5610598.819,draft
point_alpha_corridor,329,river,2,37,556360.318,5610626.499,draft
point_alpha_corridor,329,river,2,38,556321.622,5610654.309,draft
point_alpha_corridor,329,river,2,39,556254.412,5610678.365,draft
point_alpha_corridor,329,river,2,40,556187.52,5610686.535,draft
point_alpha_corridor,329,river,2,41,556126.852,5610701.19,draft
point_alpha_corridor,329,river,2,42,556072.148,5610735.03,draft
point_alpha_corridor,329,river,2,43,556023.926,5610762.646,draft
point_alpha_corridor,329,river,2,44,555968.899,5610812.367,draft
point_alpha_corridor,329,river,2,45,555939.282,5610862.604,draft
point_alpha_corridor,329,river,2,46,555903.764,5610890.478,draft
point_alpha_corridor,329,river,2,47,555855.542,5610918.093,draft
point_alpha_corridor,329,river,2,48,555810.949,5610923.544,draft
point_alpha_corridor,329,river,2,49,555731.482,5610925.107,draft
point_alpha_corridor,329,river,2,50,555651.887,5610933.02,draft
point_alpha_corridor,329,river,2,51,555575.533,5610937.825,draft
point_alpha_corridor,329,river,2,52,555486.601,5610936.018,draft
point_alpha_corridor,329,river,2,53,555461.624,5610936.823,draft
point_alpha_corridor,329,river,2,54,555426.191,5610937.968,draft
point_alpha_corridor,329,river,2,55,555371.81,5610955.924,draft
point_alpha_corridor,329,river,2,56,555326.765,5610983.608,draft
point_alpha_corridor,329,river,2,57,555291.246,5611011.482,draft
point_alpha_corridor,329,river,2,58,555265.129,5611045.903,draft
point_alpha_corridor,329,river,2,59,555245.04,5611096.33,draft
point_alpha_corridor,329,river,2,60,555231.238,5611150.067,draft
point_alpha_corridor,329,river,2,61,555217.179,5611216.507,draft
point_alpha_corridor,329,river,2,62,555209.794,5611267.195,draft
point_alpha_corridor,329,river,2,63,555212.066,5611311.725,draft
point_alpha_corridor,329,river,2,64,555224.189,5611340.566,draft
point_alpha_corridor,329,river,2,65,555255.24,5611376.15,draft
point_alpha_corridor,329,river,2,66,555309.61,5611437.077,draft
point_alpha_corridor,329,river,2,67,555371.35,5611501.378,draft
point_alpha_corridor,329,river,2,68,555394.708,5611533.877,draft
point_alpha_corridor,329,river,2,69,555415.105,5611564.314,draft
point_alpha_corridor,329,river,2,70,555428.341,5611651.649,draft
point_alpha_corridor,329,river,2,71,555429.716,5611731.737,draft
point_alpha_corridor,329,river,2,72,555418.143,5611759.522,draft
point_alpha_corridor,329,river,2,73,555389.564,5611786.963,draft
point_alpha_corridor,329,river,2,74,555345.547,5611812.084,draft
point_alpha_corridor,329,river,2,75,555305.684,5611819.217,draft
point_alpha_corridor,329,river,2,76,555264.498,5611826.324,draft
point_alpha_corridor,329,river,2,77,555233.657,5611845.556,draft
point_alpha_corridor,329,river,2,78,555208.003,5611870.189,draft
point_alpha_corridor,329,river,2,79,555184.047,5611876.321,draft
point_alpha_corridor,329,river,2,80,555154.987,5611873.083,draft
point_alpha_corridor,329,river,2,81,555130.005,5611864.632,draft
point_alpha_corridor,329,river,2,82,555098.19,5611866.633,draft
point_alpha_corridor,329,river,2,83,555080.771,5611876.871,draft
point_alpha_corridor,329,river,2,84,555076.317,5611900.61,draft
point_alpha_corridor,329,river,2,85,555095.737,5611922.188,draft
point_alpha_corridor,329,river,2,86,555099.25,5611944.765,draft
point_alpha_corridor,329,river,2,87,555083.047,5611960.323,draft
point_alpha_corridor,329,river,2,88,555044.642,5611960.867,draft
point_alpha_corridor,329,river,2,89,555007.723,5611953.497,draft
point_alpha_corridor,329,river,2,90,554966.698,5611952.663,draft
point_alpha_corridor,329,river,2,91,554935.911,5611969.248,draft
point_alpha_corridor,329,river,2,92,554931.296,5612000.928,draft
point_alpha_corridor,329,river,2,93,554912.392,5612019.079,draft
point_alpha_corridor,329,river,2,94,554876.634,5612019.676,draft
point_alpha_corridor,329,river,2,95,554851.759,5612005.931,draft
point_alpha_corridor,329,river,2,96,554817.513,5611997.292,draft
point_alpha_corridor,329,river,2,97,554779.055,5612000.482,draft
point_alpha_corridor,329,river,2,98,554754.938,5612014.555,draft
point_alpha_corridor,329,river,2,99,554765.041,5612038.59,draft
point_alpha_corridor,329,river,2,100,554763.18,5612065.031,draft
point_alpha_corridor,329,river,2,101,554744.196,5612087.152,draft
point_alpha_corridor,329,river,2,102,554700.444,5612090.234,draft
point_alpha_corridor,329,river,2,103,554644.782,5612093.075,draft
point_alpha_corridor,329,river,2,104,554571.862,5612098.212,draft
point_alpha_corridor,329,river,2,105,554481.739,5612103.0,draft
point_alpha_corridor,329,river,2,106,554428.804,5612101.924,draft
point_alpha_corridor,329,river,2,107,554389.318,5612090.53,draft
point_alpha_corridor,329,river,2,108,554359.311,5612068.738,draft
point_alpha_corridor,329,river,2,109,554298.41,5612068.824,draft
point_alpha_corridor,329,river,2,110,554258.386,5612083.897,draft
point_alpha_corridor,329,river,2,111,554240.671,5612108.692,draft
point_alpha_corridor,329,river,2,112,554216.447,5612128.058,draft
point_alpha_corridor,329,river,2,113,554176.773,5612125.928,draft
point_alpha_corridor,329,river,2,114,554145.469,5612102.785,draft
point_alpha_corridor,329,river,2,115,554123.376,5612082.477,draft
point_alpha_corridor,329,river,2,116,554069.991,5612085.555,draft
point_alpha_corridor,329,river,2,117,554026.305,5612066.038,draft
point_alpha_corridor,329,river,2,118,553990.852,5612057.998,draft
point_alpha_corridor,329,river,2,119,553957.315,5612066.584,draft
point_alpha_corridor,329,river,2,120,553934.367,5612101.333,draft
point_alpha_corridor,329,river,2,121,553894.97,5612124.628,draft
point_alpha_corridor,329,river,2,122,553868.242,5612163.008,draft
point_alpha_corridor,329,river,2,123,553834.752,5612212.706,draft
point_alpha_corridor,329,river,2,124,553777.203,5612264.952,draft
point_alpha_corridor,329,river,2,125,553734.402,5612273.349,draft
point_alpha_corridor,329,river,2,126,553624.301,5612310.034,draft
point_alpha_corridor,329,river,2,127,553487.636,5612355.557,draft
point_alpha_corridor,329,river,2,128,553423.687,5612348.458,draft
point_alpha_corridor,330,river,2,0,559897.112,5615424.247,draft
point_alpha_corridor,330,river,2,1,559893.888,5615435.19,draft
point_alpha_corridor,330,river,2,2,559734.792,5615680.146,draft
point_alpha_corridor,330,river,2,3,559702.948,5615720.53,draft
point_alpha_corridor,330,river,2,4,559692.928,5615770.364,draft
point_alpha_corridor,330,river,2,5,559732.227,5616003.34,draft
point_alpha_corridor,330,river,2,6,559731.048,5616061.36,draft
point_alpha_corridor,330,river,2,7,559716.844,5616120.117,draft
point_alpha_corridor,330,river,2,8,559694.023,5616159.683,draft
point_alpha_corridor,330,river,2,9,559643.03,5616206.684,draft
point_alpha_corridor,330,river,2,10,559502.379,5616331.923,draft
point_alpha_corridor,330,river,2,11,559349.101,5616398.503,draft
point_alpha_corridor,330,river,2,12,559314.719,5616448.643,draft
point_alpha_corridor,330,river,2,13,559266.35,5616472.237,draft
point_alpha_corridor,330,river,2,14,559179.218,5616471.308,draft
point_alpha_corridor,330,river,2,15,559119.065,5616460.553,draft
point_alpha_corridor,330,river,2,16,559059.786,5616443.019,draft
point_alpha_corridor,330,river,2,17,558997.236,5616435.835,draft
point_alpha_corridor,330,river,2,18,558880.154,5616467.39,draft
point_alpha_corridor,330,river,2,19,558788.37,5616502.553,draft
point_alpha_corridor,330,river,2,20,558693.442,5616544.657,draft
point_alpha_corridor,330,river,2,21,558646.101,5616559.707,draft
point_alpha_corridor,330,river,2,22,558605.005,5616562.875,draft
point_alpha_corridor,330,river,2,23,558580.078,5616558.365,draft
point_alpha_corridor,330,river,2,24,558505.621,5616528.83,draft
point_alpha_corridor,330,river,2,25,558443.046,5616505.542,draft
point_alpha_corridor,330,river,2,26,558399.295,5616491.643,draft
point_alpha_corridor,330,river,2,27,558352.279,5616490.687,draft
point_alpha_corridor,330,river,2,28,558305.12,5616496.734,draft
point_alpha_corridor,330,river,2,29,558244.733,5616513.52,draft
point_alpha_corridor,330,river,2,30,558191.003,5616547.455,draft
point_alpha_corridor,330,river,2,31,558142.99,5616595.516,draft
point_alpha_corridor,330,river,2,32,558103.902,5616635.542,draft
point_alpha_corridor,330,river,2,33,558071.56,5616663.48,draft
point_alpha_corridor,330,river,2,34,558039.218,5616691.422,draft
point_alpha_corridor,330,river,2,35,557994.495,5616703.223,draft
point_alpha_corridor,330,river,2,36,557950.284,5616689.615,draft
point_alpha_corridor,330,river,2,37,557919.298,5616650.855,draft
point_alpha_corridor,330,river,2,38,557903.175,5616623.421,draft
point_alpha_corridor,330,river,2,39,557894.73,5616609.05,draft
point_alpha_corridor,330,river,2,40,557870.223,5616564.065,draft
point_alpha_corridor,330,river,2,41,557839.301,5616522.132,draft
point_alpha_corridor,330,river,2,42,557792.176,5616495.756,draft
point_alpha_corridor,330,river,2,43,557738.248,5616491.482,draft
point_alpha_corridor,330,river,2,44,557687.301,5616496.799,draft
point_alpha_corridor,330,river,2,45,557672.878,5616496.506,draft
point_alpha_corridor,330,river,2,46,557636.483,5616495.766,draft
point_alpha_corridor,330,river,2,47,557560.515,5616481.513,draft
point_alpha_corridor,330,river,2,48,557455.003,5616421.41,draft
point_alpha_corridor,330,river,2,49,557417.478,5616396.629,draft
point_alpha_corridor,330,river,2,50,557408.983,5616371.438,draft
point_alpha_corridor,330,river,2,51,557392.23,5616319.222,draft
point_alpha_corridor,330,river,2,52,557380.366,5616277.676,draft
point_alpha_corridor,330,river,2,53,557359.103,5616229.583,draft
point_alpha_corridor,330,river,2,54,557318.587,5616190.628,draft
point_alpha_corridor,330,river,2,55,557268.349,5616161.012,draft
point_alpha_corridor,330,river,2,56,557195.753,5616137.292,draft
point_alpha_corridor,330,river,2,57,557119.786,5616123.039,draft
point_alpha_corridor,330,river,2,58,557040.577,5616111.899,draft
point_alpha_corridor,330,river,2,59,556954.885,5616106.979,draft
point_alpha_corridor,330,river,2,60,556879.047,5616086.372,draft
point_alpha_corridor,330,river,2,61,556822.52,5616053.449,draft
point_alpha_corridor,330,river,2,62,556778.701,5616020.784,draft
point_alpha_corridor,330,river,2,63,556736.233,5615954.957,draft
point_alpha_corridor,331,river,1,0,558061.235,5622143.098,draft
point_alpha_corridor,331,river,1,1,558116.559,5622129.211,draft
point_alpha_corridor,331,river,1,2,558219.389,5622092.272,draft
point_alpha_corridor,331,river,1,3,558311.397,5622046.106,draft
point_alpha_corridor,331,river,1,4,558381.317,5622003.494,draft
point_alpha_corridor,331,river,1,5,558476.815,5621933.38,draft
point_alpha_corridor,331,river,1,6,558521.339,5621909.266,draft
point_alpha_corridor,331,river,1,7,558583.829,5621887.519,draft
point_alpha_corridor,331,river,1,8,558780.712,5621851.491,draft
point_alpha_corridor,331,river,1,9,558843.263,5621826.743,draft
point_alpha_corridor,331,river,1,10,558887.625,5621810.632,draft
point_alpha_corridor,331,river,1,11,558923.942,5621796.359,draft
point_alpha_corridor,331,river,1,12,558987.063,5621743.601,draft
point_alpha_corridor,331,river,1,13,559076.168,5621643.334,draft
point_alpha_corridor,331,river,1,14,559112.995,5621604.052,draft
point_alpha_corridor,331,river,1,15,559168.543,5621579.161,draft
point_alpha_corridor,331,river,1,16,559235.156,5621551.493,draft
point_alpha_corridor,331,river,1,17,559319.552,5621535.195,draft
point_alpha_corridor,331,river,1,18,559370.018,5621514.204,draft
point_alpha_corridor,331,river,1,19,559532.149,5621415.422,draft
point_alpha_corridor,331,river,1,20,559572.53,5621398.229,draft
point_alpha_corridor,331,river,1,21,559605.602,5621395.899,draft
point_alpha_corridor,331,river,1,22,559649.435,5621405.797,draft
point_alpha_corridor,331,river,1,23,559684.485,5621414.865,draft
point_alpha_corridor,331,river,1,24,559805.308,5621417.973,draft
point_alpha_corridor,331,river,1,25,559852.507,5621409.926,draft
point_alpha_corridor,331,river,1,26,559933.024,5621387.544,draft
point_alpha_corridor,331,river,1,27,559984.551,5621363.573,draft
point_alpha_corridor,331,river,1,28,560013.785,5621353.158,draft
point_alpha_corridor,331,river,1,29,560105.567,5621353.366,draft
point_alpha_corridor,331,river,1,30,560182.216,5621360.22,draft
point_alpha_corridor,331,river,1,31,560269.345,5621372.583,draft
point_alpha_corridor,331,river,1,32,560358.433,5621383.765,draft
point_alpha_corridor,331,river,1,33,560438.318,5621427.385,draft
point_alpha_corridor,331,river,1,34,560671.949,5621487.581,draft
point_alpha_corridor,332,river,2,0,559609.05,5629936.584,draft
point_alpha_corridor,332,river,2,1,559587.167,5629979.173,draft
point_alpha_corridor,332,river,2,2,559539.133,5630028.235,draft
point_alpha_corridor,332,river,2,3,559439.021,5630128.277,draft
point_alpha_corridor,332,river,2,4,559300.567,5630194.515,draft
point_alpha_corridor,332,river,2,5,559254.96,5630222.609,draft
point_alpha_corridor,332,river,2,6,559235.139,5630262.237,draft
point_alpha_corridor,332,river,2,7,559171.152,5630509.448,draft
point_alpha_corridor,332,river,2,8,559134.127,5630652.488,draft
point_alpha_corridor,332,river,2,9,559133.232,5630696.504,draft
point_alpha_corridor,332,river,2,10,559152.926,5630767.654,draft
point_alpha_corridor,332,river,2,11,559217.632,5630952.942,draft
point_alpha_corridor,332,river,2,12,559217.774,5631073.399,draft
point_alpha_corridor,332,river,2,13,559212.427,5631178.759,draft
point_alpha_corridor,332,river,2,14,559201.117,5631279.149,draft
point_alpha_corridor,332,river,2,15,559202.229,5631354.637,draft
point_alpha_corridor,332,river,2,16,559207.554,5631419.537,draft
point_alpha_corridor,332,river,2,17,559205.68,5631511.645,draft
point_alpha_corridor,332,river,2,18,559185.331,5631574.781,draft
point_alpha_corridor,332,river,2,19,559158.952,5631621.907,draft
point_alpha_corridor,332,river,2,20,559094.912,5631646.024,draft
point_alpha_corridor,332,river,2,21,559005.85,5631650.567,draft
point_alpha_corridor,332,river,2,22,558935.457,5631674.554,draft
point_alpha_corridor,332,river,2,23,558890.15,5631714.94,draft
point_alpha_corridor,332,river,2,24,558872.783,5631787.668,draft
point_alpha_corridor,332,river,2,25,558874.473,5631860.785,draft
point_alpha_corridor,332,river,2,26,558895.414,5631924.761,draft
point_alpha_corridor,332,river,2,27,558942.216,5631967.02,draft
point_alpha_corridor,332,river,2,28,558960.433,5632008.698,draft
point_alpha_corridor,332,river,2,29,558952.853,5632068.916,draft
point_alpha_corridor,332,river,2,30,558926.41,5632119.218,draft
point_alpha_corridor,332,river,2,31,558893.485,5632175.743,draft
point_alpha_corridor,332,river,2,32,558882.728,5632235.896,draft
point_alpha_corridor,332,river,2,33,558878.001,5632312.06,draft
point_alpha_corridor,332,river,2,34,558860.763,5632378.436,draft
point_alpha_corridor,332,river,2,35,558808.199,5632463.159,draft
point_alpha_corridor,332,river,2,36,558740.078,5632531.678,draft
point_alpha_corridor,332,river,2,37,558669.233,5632577.898,draft
point_alpha_corridor,332,river,2,38,558595.664,5632601.821,draft
point_alpha_corridor,332,river,2,39,558482.836,5632629.244,draft
point_alpha_corridor,332,river,2,40,558303.785,5632654.168,draft
point_alpha_corridor,332,river,2,41,558260.507,5632675.316,draft
point_alpha_corridor,332,river,2,42,558229.53,5632701.164,draft
point_alpha_corridor,332,river,2,43,558217.027,5632730.037,draft
point_alpha_corridor,332,river,2,44,558222.943,5632764.58,draft
point_alpha_corridor,332,river,2,45,558282.07,5632851.84,draft
point_alpha_corridor,332,river,2,46,558291.795,5632894.404,draft
point_alpha_corridor,332,river,2,47,558272.702,5632921.819,draft
point_alpha_corridor,332,river,2,48,558239.213,5632940.997,draft
point_alpha_corridor,332,river,2,49,558197.784,5632960.013,draft
point_alpha_corridor,332,river,2,50,558169.157,5633000.473,draft
point_alpha_corridor,332,river,2,51,558157.358,5633059.811,draft
point_alpha_corridor,332,river,2,52,558154.742,5633123.307,draft
point_alpha_corridor,332,river,2,53,558152.153,5633185.48,draft
point_alpha_corridor,332,river,2,54,558157.666,5633239.874,draft
point_alpha_corridor,332,river,2,55,558173.847,5633290.514,draft
point_alpha_corridor,332,river,2,56,558181.926,5633348.932,draft
point_alpha_corridor,332,river,2,57,558182.01,5633409.836,draft
point_alpha_corridor,332,river,2,58,558169.157,5633455.913,draft
point_alpha_corridor,332,river,2,59,558127.35,5633493.457,draft
point_alpha_corridor,332,river,2,60,558068.286,5633533.297,draft
point_alpha_corridor,332,river,2,61,557994.637,5633574.165,draft
point_alpha_corridor,332,river,2,62,557946.321,5633606.281,draft
point_alpha_corridor,332,river,2,63,557897.709,5633652.954,draft
point_alpha_corridor,332,river,2,64,557866.005,5633714.534,draft
point_alpha_corridor,332,river,2,65,557858.284,5633768.659,draft
point_alpha_corridor,332,river,2,66,557856.628,5633850.007,draft
point_alpha_corridor,332,river,2,67,557825.051,5633901.407,draft
point_alpha_corridor,332,river,2,68,557768.626,5633969.312,draft
point_alpha_corridor,332,river,2,69,557698.461,5634023.928,draft
point_alpha_corridor,332,river,2,70,557636.644,5634061.701,draft
point_alpha_corridor,332,river,2,71,557575.133,5634084.468,draft
point_alpha_corridor,332,river,2,72,557496.043,5634085.861,draft
point_alpha_corridor,332,river,2,73,557460.086,5634086.962,draft
point_alpha_corridor,333,river,1,0,554174.866,5620875.881,draft
point_alpha_corridor,333,river,1,1,554534.614,5621135.397,draft
point_alpha_corridor,333,river,1,2,554599.604,5621203.088,draft
point_alpha_corridor,333,river,1,3,554634.677,5621273.487,draft
point_alpha_corridor,333,river,1,4,554666.162,5621357.086,draft
point_alpha_corridor,333,river,1,5,554714.699,5621417.807,draft
point_alpha_corridor,333,river,1,6,554773.329,5621472.092,draft
point_alpha_corridor,333,river,1,7,555046.583,5621669.957,draft
point_alpha_corridor,333,river,1,8,555178.843,5621765.724,draft
point_alpha_corridor,333,river,1,9,555234.421,5621806.676,draft
point_alpha_corridor,333,river,1,10,555260.283,5621840.387,draft
point_alpha_corridor,333,river,1,11,555269.156,5621893.662,draft
point_alpha_corridor,333,river,1,12,555267.739,5621963.319,draft
point_alpha_corridor,333,river,1,13,555265.783,5622059.513,draft
point_alpha_corridor,333,river,1,14,555284.605,5622112.991,draft
point_alpha_corridor,333,river,1,15,555346.62,5622164.028,draft
point_alpha_corridor,333,river,1,16,555415.197,5622218.519,draft
point_alpha_corridor,333,river,1,17,555467.866,5622239.499,draft
point_alpha_corridor,333,river,1,18,555533.801,5622260.752,draft
point_alpha_corridor,333,river,1,19,555593.105,5622281.867,draft
point_alpha_corridor,333,river,1,20,555642.118,5622319.367,draft
point_alpha_corridor,333,river,1,21,555712.733,5622436.949,draft
point_alpha_corridor,333,river,1,22,555730.34,5622550.133,draft
point_alpha_corridor,333,river,1,23,555724.288,5622692.033,draft
point_alpha_corridor,333,river,1,24,555728.052,5622825.849,draft
point_alpha_corridor,333,river,1,25,555706.397,5622911.688,draft
point_alpha_corridor,333,river,1,26,555678.511,5622977.489,draft
point_alpha_corridor,333,river,1,27,555623.953,5623049.385,draft
point_alpha_corridor,333,river,1,28,555564.257,5623210.774,draft
point_alpha_corridor,333,river,1,29,555495.218,5623342.106,draft
point_alpha_corridor,333,river,1,30,555407.989,5623484.476,draft
point_alpha_corridor,334,river,1,0,559182.403,5620526.39,draft
point_alpha_corridor,334,river,1,1,559252.363,5620526.306,draft
point_alpha_corridor,334,river,1,2,559303.009,5620535.809,draft
point_alpha_corridor,334,river,1,3,559353.526,5620551.664,draft
point_alpha_corridor,334,river,1,4,559402.27,5620550.536,draft
point_alpha_corridor,334,river,1,5,559442.544,5620549.237,draft
point_alpha_corridor,334,river,1,6,559484.591,5620564.919,draft
point_alpha_corridor,334,river,1,7,559571.62,5620556.097,draft
point_alpha_corridor,334,river,1,8,559937.141,5620531.845,draft
point_alpha_corridor,334,river,1,9,560190.649,5620546.887,draft
point_alpha_corridor,335,river,1,0,555407.989,5623484.476,draft
point_alpha_corridor,335,river,1,1,555275.39,5623514.087,draft
point_alpha_corridor,335,river,1,2,555149.408,5623560.518,draft
point_alpha_corridor,335,river,1,3,555101.6,5623596.608,draft
point_alpha_corridor,335,river,1,4,555038.701,5623629.751,draft
point_alpha_corridor,335,river,1,5,554997.229,5623750.068,draft
point_alpha_corridor,335,river,1,6,554965.601,5623849.104,draft
point_alpha_corridor,335,river,1,7,554924.423,5623894.869,draft
point_alpha_corridor,335,river,1,8,554838.822,5623937.612,draft
point_alpha_corridor,335,river,1,9,554797.544,5623965.096,draft
point_alpha_corridor,335,river,1,10,554772.835,5624008.284,draft
point_alpha_corridor,335,river,1,11,554745.291,5624060.681,draft
point_alpha_corridor,335,river,1,12,554720.151,5624125.042,draft
point_alpha_corridor,335,river,1,13,554708.792,5624203.553,draft
point_alpha_corridor,335,river,1,14,554682.114,5624285.073,draft
point_alpha_corridor,335,river,1,15,554650.744,5624400.524,draft
point_alpha_corridor,335,river,1,16,554635.294,5624471.264,draft
point_alpha_corridor,335,river,1,17,554604.802,5624592.737,draft
point_alpha_corridor,335,river,1,18,554586.88,5624637.407,draft
point_alpha_corridor,335,river,1,19,554578.246,5624668.256,draft
point_alpha_corridor,335,river,1,20,554545.261,5624739.197,draft
point_alpha_corridor,335,river,1,21,554435.877,5624779.447,draft
point_alpha_corridor,335,river,1,22,554375.534,5624843.27,draft
point_alpha_corridor,335,river,1,23,554347.178,5624859.706,draft
point_alpha_corridor,335,river,1,24,554323.722,5624881.246,draft
point_alpha_corridor,335,river,1,25,554305.902,5624920.914,draft
point_alpha_corridor,335,river,1,26,554302.61,5624952.711,draft
point_alpha_corridor,335,river,1,27,554313.908,5624987.133,draft
point_alpha_corridor,335,river,1,28,554340.227,5625021.031,draft
point_alpha_corridor,335,river,1,29,554435.263,5625055.646,draft
point_alpha_corridor,335,river,1,30,554571.548,5625074.026,draft
point_alpha_corridor,335,river,1,31,554639.411,5625154.842,draft
point_alpha_corridor,335,river,1,32,554667.841,5625221.617,draft
point_alpha_corridor,335,river,1,33,554656.839,5625274.351,draft
point_alpha_corridor,335,river,1,34,554642.663,5625320.4,draft
point_alpha_corridor,335,river,1,35,554600.32,5625354.23,draft
point_alpha_corridor,335,river,1,36,554453.661,5625430.308,draft
point_alpha_corridor,335,river,1,37,554419.385,5625442.621,draft
point_alpha_corridor,335,river,1,38,554375.276,5625453.798,draft
point_alpha_corridor,335,river,1,39,554341.788,5625472.976,draft
point_alpha_corridor,335,river,1,40,554313.632,5625492.481,draft
point_alpha_corridor,335,river,1,41,554304.884,5625532.021,draft
point_alpha_corridor,335,river,1,42,554318.244,5625589.004,draft
point_alpha_corridor,335,river,1,43,554344.093,5625619.98,draft
point_alpha_corridor,335,river,1,44,554364.201,5625661.914,draft
point_alpha_corridor,335,river,1,45,554369.455,5625716.038,draft
point_alpha_corridor,335,river,1,46,554357.693,5625747.573,draft
point_alpha_corridor,335,river,1,47,554329.823,5625789.902,draft
point_alpha_corridor,335,river,1,48,554276.416,5625838.066,draft
point_alpha_corridor,335,river,1,49,554101.661,5625887.779,draft
point_alpha_corridor,335,river,1,50,554009.459,5625929.593,draft
point_alpha_corridor,335,river,1,51,553969.326,5625949.96,draft
point_alpha_corridor,335,river,1,52,553935.595,5625981.048,draft
point_alpha_corridor,335,river,1,53,553905.173,5626037.252,draft
point_alpha_corridor,335,river,1,54,553896.485,5626057.463,draft
point_alpha_corridor,335,river,1,55,553889.873,5626087.352,draft
point_alpha_corridor,335,river,1,56,553880.975,5626131.204,draft
point_alpha_corridor,335,river,1,57,553880.12,5626173.219,draft
point_alpha_corridor,335,river,1,58,553876.58,5626322.617,draft
point_alpha_corridor,335,river,1,59,553866.201,5626418.691,draft
point_alpha_corridor,335,river,1,60,553838.14,5626496.354,draft
point_alpha_corridor,335,river,1,61,553782.657,5626561.423,draft
point_alpha_corridor,335,river,1,62,553720.909,5626620.326,draft
point_alpha_corridor,335,river,1,63,553682.224,5626652.564,draft
point_alpha_corridor,335,river,1,64,553655.583,5626683.046,draft
point_alpha_corridor,335,river,1,65,553641.643,5626728.798,draft
point_alpha_corridor,335,river,1,66,553639.73,5626822.831,draft
point_alpha_corridor,335,river,1,67,553636.281,5626844.778,draft
point_alpha_corridor,335,river,1,68,553628.871,5626864.642,draft
point_alpha_corridor,335,river,1,69,553602.536,5626880.119,draft
point_alpha_corridor,335,river,1,70,553571.302,5626890.492,draft
point_alpha_corridor,335,river,1,71,553461.998,5626901.278,draft
point_alpha_corridor,335,river,1,72,553433.785,5626910.712,draft
point_alpha_corridor,335,river,1,73,553397.243,5626935.988,draft
point_alpha_corridor,335,river,1,74,553368.46,5626973.432,draft
point_alpha_corridor,335,river,1,75,553324.101,5627038.58,draft
point_alpha_corridor,335,river,1,76,553311.669,5627059.343,draft
point_alpha_corridor,335,river,1,77,553291.052,5627088.947,draft
point_alpha_corridor,335,river,1,78,553266.636,5627108.465,draft
point_alpha_corridor,335,river,1,79,553239.342,5627121.921,draft
point_alpha_corridor,335,river,1,80,553199.002,5627137.112,draft
point_alpha_corridor,335,river,1,81,553172.565,5627157.591,draft
point_alpha_corridor,335,river,1,82,553142.761,5627196.014,draft
point_alpha_corridor,335,river,1,83,553117.572,5627253.546,draft
point_alpha_corridor,335,river,1,84,553105.978,5627282.333,draft
point_alpha_corridor,335,river,1,85,553083.77,5627340.926,draft
point_alpha_corridor,335,river,1,86,553034.721,5627489.043,draft
point_alpha_corridor,335,river,1,87,553017.799,5627533.733,draft
point_alpha_corridor,335,river,1,88,553006.205,5627562.519,draft
point_alpha_corridor,335,river,1,89,552988.324,5627605.189,draft
point_alpha_corridor,335,river,1,90,552967.442,5627647.797,draft
point_alpha_corridor,335,river,1,91,552933.026,5627716.15,draft
point_alpha_corridor,335,river,1,92,552876.686,5627829.091,draft
point_alpha_corridor,335,river,1,93,552852.477,5627887.644,draft
point_alpha_corridor,335,river,1,94,552814.51,5627982.945,draft
point_alpha_corridor,335,river,1,95,552799.162,5628048.683,draft
point_alpha_corridor,335,river,1,96,552791.101,5628100.559,draft
point_alpha_corridor,335,river,1,97,552780.202,5628144.371,draft
point_alpha_corridor,335,river,1,98,552765.179,5628194.104,draft
point_alpha_corridor,335,river,1,99,552743.358,5628233.691,draft
point_alpha_corridor,335,river,1,100,552713.801,5628309.148,draft
point_alpha_corridor,335,river,1,101,552705.556,5628370.027,draft
point_alpha_corridor,335,river,1,102,552704.742,5628410.041,draft
point_alpha_corridor,335,river,1,103,552707.031,5628445.115,draft
point_alpha_corridor,336,river,1,0,558464.181,5619076.197,draft
point_alpha_corridor,336,river,1,1,558428.615,5619054.291,draft
point_alpha_corridor,336,river,1,2,558379.958,5619051.184,draft
point_alpha_corridor,336,river,1,3,558345.907,5619058.965,draft
point_alpha_corridor,336,river,1,4,558299.496,5619049.548,draft
point_alpha_corridor,336,river,1,5,558251.14,5619031.619,draft
point_alpha_corridor,336,river,1,6,558211.641,5618994.805,draft
point_alpha_corridor,336,river,1,7,558178.623,5618951.768,draft
point_alpha_corridor,336,river,1,8,558046.164,5618798.677,draft
point_alpha_corridor,336,river,1,9,558012.932,5618766.227,draft
point_alpha_corridor,336,river,1,10,557955.891,5618758.712,draft
point_alpha_corridor,336,river,1,11,557887.918,5618767.922,draft
point_alpha_corridor,336,river,1,12,557813.723,5618770.65,draft
point_alpha_corridor,336,river,1,13,557775.997,5618750.819,draft
point_alpha_corridor,336,river,1,14,557715.237,5618717.809,draft
point_alpha_corridor,336,river,1,15,557686.368,5618679.093,draft
point_alpha_corridor,336,river,1,16,557634.423,5618629.317,draft
point_alpha_corridor,336,river,1,17,557580.317,5618581.614,draft
point_alpha_corridor,336,river,1,18,557518.129,5618514.683,draft
point_alpha_corridor,336,river,1,19,557451.879,5618439.196,draft
point_alpha_corridor,336,river,1,20,557323.053,5618315.835,draft
point_alpha_corridor,336,river,1,21,557191.111,5618137.335,draft
point_alpha_corridor,336,river,1,22,557157.095,5618039.203,draft
point_alpha_corridor,336,river,1,23,557158.387,5617975.68,draft
point_alpha_corridor,336,river,1,24,557172.167,5617923.003,draft
point_alpha_corridor,336,river,1,25,557196.492,5617872.659,draft
point_alpha_corridor,336,river,1,26,557241.861,5617829.097,draft
point_alpha_corridor,336,river,1,27,557272.366,5617787.352,draft
point_alpha_corridor,336,river,1,28,557285.845,5617749.497,draft
point_alpha_corridor,336,river,1,29,557274.369,5617676.696,draft
point_alpha_corridor,336,river,1,30,557230.569,5617566.723,draft
point_alpha_corridor,336,river,1,31,557169.52,5617468.408,draft
point_alpha_corridor,336,river,1,32,557159.431,5617423.169,draft
point_alpha_corridor,336,river,1,33,557160.488,5617371.151,draft
point_alpha_corridor,336,river,1,34,557150.335,5617279.875,draft
point_alpha_corridor,336,river,1,35,557117.828,5617205.158,draft
point_alpha_corridor,336,river,1,36,557078.526,5617169.332,draft
point_alpha_corridor,336,river,1,37,557032.201,5617134.365,draft
point_alpha_corridor,336,river,1,38,556988.877,5617099.458,draft
point_alpha_corridor,336,river,1,39,556927.726,5617006.145,draft
point_alpha_corridor,336,river,1,40,556856.364,5616873.595,draft
point_alpha_corridor,336,river,1,41,556792.004,5616672.078,draft
point_alpha_corridor,336,river,1,42,556774.445,5616624.06,draft
point_alpha_corridor,336,river,1,43,556740.521,5616599.54,draft
point_alpha_corridor,336,river,1,44,556698.281,5616593.385,draft
point_alpha_corridor,336,river,1,45,556646.045,5616557.901,draft
point_alpha_corridor,336,river,1,46,556597.371,5616477.477,draft
point_alpha_corridor,336,river,1,47,556580.296,5616405.638,draft
point_alpha_corridor,336,river,1,48,556581.856,5616328.882,draft
point_alpha_corridor,336,river,1,49,556606.645,5616281.724,draft
point_alpha_corridor,336,river,1,50,556651.963,5616266.758,draft
point_alpha_corridor,336,river,1,51,556684.531,5616227.703,draft
point_alpha_corridor,336,river,1,52,556699.774,5616108.922,draft
point_alpha_corridor,336,river,1,53,556736.233,5615954.957,draft
point_alpha_corridor,337,river,1,0,556640.238,5622630.599,draft
point_alpha_corridor,337,river,1,1,556642.385,5622672.675,draft
point_alpha_corridor,337,river,1,2,556646.573,5622712.791,draft
point_alpha_corridor,337,river,1,3,556651.782,5622751.926,draft
point_alpha_corridor,337,river,1,4,556651.029,5622788.94,draft
point_alpha_corridor,337,river,1,5,556641.334,5622822.769,draft
point_alpha_corridor,337,river,1,6,556604.508,5622862.05,draft
point_alpha_corridor,337,river,1,7,556563.578,5622906.253,draft
point_alpha_corridor,337,river,1,8,556498.131,5622974.975,draft
point_alpha_corridor,337,river,1,9,556464.22,5623098.18,draft
point_alpha_corridor,337,river,1,10,556465.897,5623145.876,draft
point_alpha_corridor,337,river,1,11,556478.539,5623175.26,draft
point_alpha_corridor,337,river,1,12,556512.14,5623215.661,draft
point_alpha_corridor,337,river,1,13,556516.734,5623250.177,draft
point_alpha_corridor,337,river,1,14,556494.16,5623318.562,draft
point_alpha_corridor,337,river,1,15,556437.663,5623362.427,draft
point_alpha_corridor,337,river,1,16,556367.931,5623406.023,draft
point_alpha_corridor,337,river,1,17,556293.23,5623433.63,draft
point_alpha_corridor,337,river,1,18,556102.662,5623429.754,draft
point_alpha_corridor,337,river,1,19,555941.531,5623410.59,draft
point_alpha_corridor,337,river,1,20,555905.875,5623457.31,draft
point_alpha_corridor,337,river,1,21,555872.047,5623447.615,draft
point_alpha_corridor,337,river,1,22,555797.159,5623390.049,draft
point_alpha_corridor,337,river,1,23,555766.331,5623380.415,draft
point_alpha_corridor,337,river,1,24,555672.176,5623384.504,draft
point_alpha_corridor,337,river,1,25,555622.996,5623391.51,draft
point_alpha_corridor,337,river,1,26,555572.449,5623416.502,draft
point_alpha_corridor,337,river,1,27,555537.867,5623443.821,draft
point_alpha_corridor,337,river,1,28,555486.381,5623465.791,draft
point_alpha_corridor,337,river,1,29,555462.251,5623471.305,draft
point_alpha_corridor,337,river,1,30,555407.989,5623484.476,draft
point_alpha_corridor,338,river,1,0,561079.528,5615004.936,draft
point_alpha_corridor,338,river,1,1,560792.647,5614939.061,draft
point_alpha_corridor,338,river,1,2,560750.937,5614923.202,draft
point_alpha_corridor,338,river,1,3,560713.985,5614919.449,draft
point_alpha_corridor,338,river,1,4,560680.73,5614930.782,draft
point_alpha_corridor,338,river,1,5,560644.351,5614948.056,draft
point_alpha_corridor,338,river,1,6,560354.312,5615185.348,draft
point_alpha_corridor,338,river,1,7,560256.977,5615247.419,draft
point_alpha_corridor,338,river,1,8,560163.888,5615297.567,draft
point_alpha_corridor,338,river,1,9,559897.112,5615424.247,draft
point_alpha_corridor,339,river,1,0,558057.268,5625095.211,draft
point_alpha_corridor,339,river,1,1,558088.384,5625235.072,draft
point_alpha_corridor,339,river,1,2,558097.939,5625260.037,draft
point_alpha_corridor,339,river,1,3,558117.92,5625312.244,draft
point_alpha_corridor,339,river,1,4,558130.303,5625344.59,draft
point_alpha_corridor,339,river,1,5,558191.343,5625428.211,draft
point_alpha_corridor,339,river,1,6,558249.739,5625482.853,draft
point_alpha_corridor,339,river,1,7,558320.193,5625525.034,draft
point_alpha_corridor,339,river,1,8,558329.894,5625549.003,draft
point_alpha_corridor,339,river,1,9,558335.507,5625606.846,draft
point_alpha_corridor,339,river,1,10,558316.603,5625701.545,draft
point_alpha_corridor,339,river,1,11,558308.642,5625759.111,draft
point_alpha_corridor,339,river,1,12,558315.65,5625915.462,draft
point_alpha_corridor,339,river,1,13,558309.423,5626054.564,draft
point_alpha_corridor,339,river,1,14,558297.307,5626149.403,draft
point_alpha_corridor,339,river,1,15,558268.358,5626237.105,draft
point_alpha_corridor,339,river,1,16,558243.007,5626314.693,draft
point_alpha_corridor,339,river,1,17,558238.373,5626375.724,draft
point_alpha_corridor,339,river,1,18,558257.562,5626433.842,draft
point_alpha_corridor,339,river,1,19,558300.517,5626492.447,draft
point_alpha_corridor,339,river,1,20,558376.517,5626595.866,draft
point_alpha_corridor,339,river,1,21,558406.17,5626640.615,draft
point_alpha_corridor,339,river,1,22,558428.344,5626719.169,draft
point_alpha_corridor,339,river,1,23,558426.48,5626810.819,draft
point_alpha_corridor,339,river,1,24,558441.38,5626912.998,draft
point_alpha_corridor,339,river,1,25,558483.577,5627008.94,draft
point_alpha_corridor,339,river,1,26,558523.067,5627070.866,draft
point_alpha_corridor,339,river,1,27,558570.917,5627126.038,draft
point_alpha_corridor,339,river,1,28,558541.254,5627154.518,draft
point_alpha_corridor,339,river,1,29,558855.004,5627507.244,draft
point_alpha_corridor,339,river,1,30,558898.114,5627574.848,draft
point_alpha_corridor,339,river,1,31,558944.926,5627703.349,draft
point_alpha_corridor,339,river,1,32,558986.171,5627791.255,draft
point_alpha_corridor,339,river,1,33,559058.472,5627926.83,draft
point_alpha_corridor,339,river,1,34,559098.798,5628010.715,draft
point_alpha_corridor,339,river,1,35,559172.662,5628136.49,draft
point_alpha_corridor,339,river,1,36,559269.25,5628230.601,draft
point_alpha_corridor,339,river,1,37,559333.559,5628349.476,draft
point_alpha_corridor,339,river,1,38,559503.079,5628607.122,draft
point_alpha_corridor,339,river,1,39,559537.64,5628782.587,draft
point_alpha_corridor,339,river,1,40,559587.424,5628834.439,draft
point_alpha_corridor,339,river,1,41,559637.016,5628895.82,draft
point_alpha_corridor,339,river,1,42,559661.303,5628944.758,draft
point_alpha_corridor,339,river,1,43,559670.975,5628989.969,draft
point_alpha_corridor,339,river,1,44,559664.659,5629040.15,draft
point_alpha_corridor,339,river,1,45,559646.301,5629161.58,draft
point_alpha_corridor,339,river,1,46,559624.265,5629203.498,draft
point_alpha_corridor,339,river,1,47,559584.985,5629268.964,draft
point_alpha_corridor,339,river,1,48,559565.111,5629334.758,draft
point_alpha_corridor,339,river,1,49,559569.895,5629383.786,draft
point_alpha_corridor,339,river,1,50,559596.542,5629479.653,draft
point_alpha_corridor,339,river,1,51,559601.667,5629540.129,draft
point_alpha_corridor,339,river,1,52,559600.515,5629596.766,draft
point_alpha_corridor,339,river,1,53,559600.181,5629613.181,draft
point_alpha_corridor,339,river,1,54,559545.523,5629714.12,draft
point_alpha_corridor,339,river,1,55,559529.418,5629767.834,draft
point_alpha_corridor,339,river,1,56,559538.628,5629807.052,draft
point_alpha_corridor,339,river,1,57,559571.426,5629848.511,draft
point_alpha_corridor,339,river,1,58,559596.347,5629872.276,draft
point_alpha_corridor,339,river,1,59,559609.661,5629906.573,draft
point_alpha_corridor,339,river,1,60,559609.05,5629936.584,draft
point_alpha_corridor,340,river,1,0,561488.26,5613851.354,draft
point_alpha_corridor,340,river,1,1,561474.585,5613884.102,draft
point_alpha_corridor,340,river,1,2,561444.222,5613912.142,draft
point_alpha_corridor,340,river,1,3,561412.085,5613930.024,draft
point_alpha_corridor,340,river,1,4,561369.468,5613942.397,draft
point_alpha_corridor,340,river,1,5,561334.253,5613981.4,draft
point_alpha_corridor,340,river,1,6,561325.56,5614018.293,draft
point_alpha_corridor,340,river,1,7,561308.98,5614052.378,draft
point_alpha_corridor,340,river,1,8,561277.165,5614054.38,draft
point_alpha_corridor,340,river,1,9,561240.433,5614037.746,draft
point_alpha_corridor,340,river,1,10,561125.32,5613969.211,draft
point_alpha_corridor,340,river,1,11,561048.403,5613975.592,draft
point_alpha_corridor,340,river,1,12,560979.748,5613966.253,draft
point_alpha_corridor,340,river,1,13,560924.166,5613965.124,draft
point_alpha_corridor,340,river,1,14,560860.59,5613966.48,draft
point_alpha_corridor,340,river,1,15,560531.375,5614056.083,draft
point_alpha_corridor,340,river,1,16,560505.591,5614089.396,draft
point_alpha_corridor,340,river,1,17,560464.841,5614140.201,draft
point_alpha_corridor,340,river,1,18,560450.478,5614195.514,draft
point_alpha_corridor,340,river,1,19,560470.281,5614263.437,draft
point_alpha_corridor,340,river,1,20,560257.562,5614502.717,draft
point_alpha_corridor,340,river,1,21,560099.832,5614446.555,draft
point_alpha_corridor,340,river,1,22,560044.008,5614457.336,draft
point_alpha_corridor,340,river,1,23,560016.976,5614484.589,draft
point_alpha_corridor,340,river,1,24,559907.798,5614645.214,draft
point_alpha_corridor,340,river,1,25,559894.785,5614699.23,draft
point_alpha_corridor,340,river,1,26,559893.656,5614754.812,draft
point_alpha_corridor,340,river,1,27,559897.712,5614815.795,draft
point_alpha_corridor,340,river,1,28,559909.89,5614876.382,draft
point_alpha_corridor,340,river,1,29,559957.359,5614971.125,draft
point_alpha_corridor,340,river,1,30,559968.713,5615003.38,draft
point_alpha_corridor,340,river,1,31,559971.084,5615034.452,draft
point_alpha_corridor,340,river,1,32,559966.863,5615094.412,draft
point_alpha_corridor,340,river,1,33,559930.909,5615291.165,draft
point_alpha_corridor,340,river,1,34,559897.112,5615424.247,draft
point_alpha_corridor,341,river,2,0,556736.233,5615954.957,draft
point_alpha_corridor,341,river,2,1,556751.093,5615750.604,draft
point_alpha_corridor,341,river,2,2,556746.742,5615718.491,draft
point_alpha_corridor,341,river,2,3,556723.909,5615610.946,draft
point_alpha_corridor,341,river,2,4,556716.517,5615580.773,draft
point_alpha_corridor,341,river,2,5,556708.124,5615550.58,draft
point_alpha_corridor,341,river,2,6,556697.709,5615521.346,draft
point_alpha_corridor,341,river,2,7,556677.536,5615479.905,draft
point_alpha_corridor,341,river,2,8,556653.32,5615440.383,draft
point_alpha_corridor,341,river,2,9,556634.842,5615413.988,draft
point_alpha_corridor,341,river,2,10,556586.045,5615352.951,draft
point_alpha_corridor,341,river,2,11,556561.667,5615321.432,draft
point_alpha_corridor,341,river,2,12,556536.471,5615280.889,draft
point_alpha_corridor,341,river,2,13,556505.131,5615247.227,draft
point_alpha_corridor,341,river,2,14,556454.846,5615210.178,draft
point_alpha_corridor,341,river,2,15,556350.212,5615138.999,draft
point_alpha_corridor,341,river,2,16,556245.436,5615074.822,draft
point_alpha_corridor,341,river,2,17,556202.437,5615027.841,draft
point_alpha_corridor,341,river,2,18,556173.968,5614995.488,draft
point_alpha_corridor,341,river,2,19,556142.907,5614960.435,draft
point_alpha_corridor,341,river,2,20,556106.39,5614933.214,draft
point_alpha_corridor,341,river,2,21,556067.173,5614908.587,draft
point_alpha_corridor,341,river,2,22,556001.22,5614896.655,draft
point_alpha_corridor,341,river,2,23,555954.009,5614874.512,draft
point_alpha_corridor,341,river,2,24,555898.696,5614860.149,draft
point_alpha_corridor,341,river,2,25,555840.952,5614835.145,draft
point_alpha_corridor,341,river,2,26,555793.633,5614818.296,draft
point_alpha_corridor,341,river,2,27,555735.835,5614795.938,draft
point_alpha_corridor,341,river,2,28,555688.839,5614763.209,draft
point_alpha_corridor,341,river,2,29,555652.269,5614738.635,draft
point_alpha_corridor,341,river,2,30,555604.628,5614737.667,draft
point_alpha_corridor,341,river,2,31,555548.669,5614755.064,draft
point_alpha_corridor,341,river,2,32,555484.932,5614764.36,draft
point_alpha_corridor,341,river,2,33,555421.464,5614760.422,draft
point_alpha_corridor,341,river,2,34,555375.703,5614733.9,draft
point_alpha_corridor,341,river,2,35,555366.371,5614700.685,draft
point_alpha_corridor,341,river,2,36,555362.63,5614638.562,draft
point_alpha_corridor,341,river,2,37,555361.138,5614613.513,draft
point_alpha_corridor,341,river,2,38,555349.52,5614594.262,draft
point_alpha_corridor,341,river,2,39,555328.0,5614569.807,draft
point_alpha_corridor,341,river,2,40,555306.44,5614547.352,draft
point_alpha_corridor,341,river,2,41,555294.965,5614521.099,draft
point_alpha_corridor,341,river,2,42,555281.855,5614476.799,draft
point_alpha_corridor,341,river,2,43,555259.066,5614416.291,draft
point_alpha_corridor,341,river,2,44,555242.61,5614388.936,draft
point_alpha_corridor,341,river,2,45,555194.426,5614346.926,draft
point_alpha_corridor,341,river,2,46,555170.764,5614329.432,draft
point_alpha_corridor,341,river,2,47,555133.036,5614314.654,draft
point_alpha_corridor,341,river,2,48,555087.223,5614303.716,draft
point_alpha_corridor,341,river,2,49,555046.494,5614288.877,draft
point_alpha_corridor,341,river,2,50,554993.65,5614252.017,draft
point_alpha_corridor,341,river,2,51,554938.498,5614229.713,draft
point_alpha_corridor,341,river,2,52,554888.479,5614215.457,draft
point_alpha_corridor,341,river,2,53,554804.237,5614172.223,draft
point_alpha_corridor,341,river,2,54,554767.913,5614154.754,draft
point_alpha_corridor,341,river,2,55,554709.9,5614142.984,draft
point_alpha_corridor,341,river,2,56,554657.073,5614136.614,draft
point_alpha_corridor,341,river,2,57,554607.161,5614117.065,draft
point_alpha_corridor,341,river,2,58,554450.509,5614007.967,draft
point_alpha_corridor,341,river,2,59,554408.273,5613980.682,draft
point_alpha_corridor,341,river,2,60,554345.333,5613975.399,draft
point_alpha_corridor,341,river,2,61,554294.943,5613975.679,draft
point_alpha_corridor,341,river,2,62,554254.865,5613993.399,draft
point_alpha_corridor,341,river,2,63,554217.058,5614029.7,draft
point_alpha_corridor,341,river,2,64,554177.776,5614095.086,draft
point_alpha_corridor,341,river,2,65,554120.356,5614159.394,draft
point_alpha_corridor,341,river,2,66,554034.756,5614189.252,draft
point_alpha_corridor,341,river,2,67,553921.097,5614192.413,draft
point_alpha_corridor,341,river,2,68,553854.979,5614171.587,draft
point_alpha_corridor,341,river,2,69,553778.496,5614173.627,draft
point_alpha_corridor,341,river,2,70,553738.419,5614191.348,draft
point_alpha_corridor,341,river,2,71,553703.258,5614227.702,draft
point_alpha_corridor,341,river,2,72,553676.091,5614261.572,draft
point_alpha_corridor,341,river,2,73,553630.343,5614297.711,draft
point_alpha_corridor,341,river,2,74,553613.763,5614331.796,draft
point_alpha_corridor,341,river,2,75,553559.916,5614387.056,draft
point_alpha_corridor,342,river,1,0,557491.843,5631096.806,draft
point_alpha_corridor,342,river,1,1,557195.841,5630900.003,draft
point_alpha_corridor,342,river,1,2,557128.458,5630847.658,draft
point_alpha_corridor,342,river,1,3,557055.52,5630782.095,draft
point_alpha_corridor,342,river,1,4,556994.019,5630726.96,draft
point_alpha_corridor,342,river,1,5,556872.619,5630609.44,draft
point_alpha_corridor,342,river,1,6,556763.762,5630519.842,draft
point_alpha_corridor,342,river,1,7,556643.257,5630430.01,draft
point_alpha_corridor,342,river,1,8,556512.234,5630355.984,draft
point_alpha_corridor,342,river,1,9,556442.836,5630331.269,draft
point_alpha_corridor,342,river,1,10,556386.15,5630325.749,draft
point_alpha_corridor,342,river,1,11,556332.168,5630330.476,draft
point_alpha_corridor,342,river,1,12,556257.985,5630326.052,draft
point_alpha_corridor,342,river,1,13,556172.451,5630306.837,draft
point_alpha_corridor,342,river,1,14,556110.12,5630292.461,draft
point_alpha_corridor,342,river,1,15,556059.35,5630282.691,draft
point_alpha_corridor,342,river,1,16,556023.426,5630272.953,draft
point_alpha_corridor,342,river,1,17,555992.822,5630252.315,draft
point_alpha_corridor,342,river,1,18,555971.262,5630229.859,draft
point_alpha_corridor,342,river,1,19,555955.765,5630204.524,draft
point_alpha_corridor,342,river,1,20,555941.269,5630179.21,draft
point_alpha_corridor,342,river,1,21,555925.65,5630159.878,draft
point_alpha_corridor,342,river,1,22,555907.928,5630145.506,draft
point_alpha_corridor,342,river,1,23,555878.611,5630134.644,draft
point_alpha_corridor,342,river,1,24,555833.831,5630123.141,draft
point_alpha_corridor,342,river,1,25,555789.158,5630106.345,draft
point_alpha_corridor,342,river,1,26,555760.582,5630079.285,draft
point_alpha_corridor,342,river,1,27,555697.759,5630043.584,draft
point_alpha_corridor,342,river,1,28,555629.589,5630010.422,draft
point_alpha_corridor,342,river,1,29,555579.731,5629988.224,draft
point_alpha_corridor,342,river,1,30,555497.842,5629978.615,draft
point_alpha_corridor,342,river,1,31,555394.671,5629973.868,draft
point_alpha_corridor,342,river,1,32,555344.382,5629972.844,draft
point_alpha_corridor,342,river,1,33,555275.565,5629971.444,draft
point_alpha_corridor,342,river,1,34,555193.784,5629956.541,draft
point_alpha_corridor,342,river,1,35,555122.805,5629931.265,draft
point_alpha_corridor,342,river,1,36,555044.533,5629874.067,draft
point_alpha_corridor,342,river,1,37,554986.842,5629846.414,draft
point_alpha_corridor,342,river,1,38,554918.672,5629813.253,draft
point_alpha_corridor,342,river,1,39,554834.836,5629769.181,draft
point_alpha_corridor,342,river,1,40,554750.785,5629735.696,draft
point_alpha_corridor,342,river,1,41,554677.806,5629678.605,draft
point_alpha_corridor,342,river,1,42,554626.055,5629619.299,draft
point_alpha_corridor,342,river,1,43,554598.179,5629557.831,draft
point_alpha_corridor,342,river,1,44,554586.238,5629494.038,draft
point_alpha_corridor,342,river,1,45,554567.532,5629447.199,draft
point_alpha_corridor,342,river,1,46,554526.045,5629403.988,draft
point_alpha_corridor,342,river,1,47,554440.752,5629366.507,draft
point_alpha_corridor,342,river,1,48,554410.367,5629363.24,draft
point_alpha_corridor,342,river,1,49,554376.201,5629350.63,draft
point_alpha_corridor,342,river,1,50,554337.742,5629353.819,draft
point_alpha_corridor,342,river,1,51,554302.836,5629351.258,draft
point_alpha_corridor,342,river,1,52,554265.198,5629340.428,draft
point_alpha_corridor,342,river,1,53,554225.469,5629340.943,draft
point_alpha_corridor,342,river,1,54,554193.816,5629335.003,draft
point_alpha_corridor,342,river,1,55,554152.979,5629324.905,draft
point_alpha_corridor,342,river,1,56,554110.603,5629325.366,draft
point_alpha_corridor,342,river,1,57,554073.896,5629339.594,draft
point_alpha_corridor,342,river,1,58,554006.625,5629360.321,draft
point_alpha_corridor,342,river,1,59,553953.285,5629379.095,draft
point_alpha_corridor,342,river,1,60,553909.479,5629384.823,draft
point_alpha_corridor,342,river,1,61,553877.663,5629386.824,draft
point_alpha_corridor,342,river,1,62,553839.877,5629380.868,draft
point_alpha_corridor,342,river,1,63,553813.274,5629360.311,draft
point_alpha_corridor,342,river,1,64,553686.65,5629238.643,draft
point_alpha_corridor,342,river,1,65,553667.05,5629218.229,draft
point_alpha_corridor,342,river,1,66,553655.433,5629198.978,draft
point_alpha_corridor,342,river,1,67,553642.039,5629168.682,draft
point_alpha_corridor,342,river,1,68,553630.625,5629139.428,draft
point_alpha_corridor,342,river,1,69,553620.089,5629116.196,draft
point_alpha_corridor,342,river,1,70,553604.551,5629092.862,draft
point_alpha_corridor,342,river,1,71,553582.971,5629071.406,draft
point_alpha_corridor,342,river,1,72,553512.105,5629012.92,draft
point_alpha_corridor,342,river,1,73,553419.298,5628935.422,draft
point_alpha_corridor,342,river,1,74,553351.612,5628878.44,draft
point_alpha_corridor,342,river,1,75,553289.275,5628818.918,draft
point_alpha_corridor,342,river,1,76,553253.135,5628773.168,draft
point_alpha_corridor,342,river,1,77,553206.247,5628735.144,draft
point_alpha_corridor,342,river,1,78,553148.61,5628704.845,draft
point_alpha_corridor,342,river,1,79,553096.267,5628674.653,draft
point_alpha_corridor,342,river,1,80,553070.5,5628639.706,draft
point_alpha_corridor,342,river,1,81,553071.361,5628597.358,draft
point_alpha_corridor,342,river,1,82,553082.649,5628563.165,draft
point_alpha_corridor,342,river,1,83,553088.858,5628518.278,draft
point_alpha_corridor,342,river,1,84,553081.779,5628475.768,draft
point_alpha_corridor,342,river,1,85,553058.658,5628440.875,draft
point_alpha_corridor,342,river,1,86,553017.01,5628405.605,draft
point_alpha_corridor,342,river,1,87,552969.852,5628380.815,draft
point_alpha_corridor,342,river,1,88,552893.15,5628376.606,draft
point_alpha_corridor,342,river,1,89,552834.759,5628383.361,draft
point_alpha_corridor,342,river,1,90,552707.031,5628445.115,draft
point_alpha_corridor,343,river,1,0,560365.457,5618881.721,draft
point_alpha_corridor,343,river,1,1,560374.548,5619085.792,draft
point_alpha_corridor,343,river,1,2,560393.302,5619205.327,draft
point_alpha_corridor,343,river,1,3,560435.409,5619369.197,draft
point_alpha_corridor,343,river,1,4,560462.938,5619491.85,draft
point_alpha_corridor,343,river,1,5,560471.538,5619607.65,draft
point_alpha_corridor,343,river,1,6,560488.133,5619671.923,draft
point_alpha_corridor,343,river,1,7,560520.345,5619732.814,draft
point_alpha_corridor,343,river,1,8,560547.923,5619835.559,draft
point_alpha_corridor,343,river,1,9,560559.16,5619931.38,draft
point_alpha_corridor,343,river,1,10,560547.467,5620020.142,draft
point_alpha_corridor,343,river,1,11,560466.714,5620100.908,draft
point_alpha_corridor,343,river,1,12,560335.461,5620199.805,draft
point_alpha_corridor,343,river,1,13,560242.672,5620257.871,draft
point_alpha_corridor,343,river,1,14,560195.472,5620309.652,draft
point_alpha_corridor,343,river,1,15,560187.676,5620368.827,draft
point_alpha_corridor,343,river,1,16,560190.649,5620546.887,draft
point_alpha_corridor,344,river,1,0,561234.348,5613098.627,draft
point_alpha_corridor,344,river,1,1,561260.613,5613036.419,draft
point_alpha_corridor,344,river,1,2,561293.343,5612989.422,draft
point_alpha_corridor,344,river,1,3,561313.16,5612926.276,draft
point_alpha_corridor,344,river,1,4,561314.451,5612862.754,draft
point_alpha_corridor,344,river,1,5,561326.221,5612804.741,draft
point_alpha_corridor,344,river,1,6,561351.386,5612739.055,draft
point_alpha_corridor,344,river,1,7,561365.803,5612681.096,draft
point_alpha_corridor,344,river,1,8,561396.046,5612626.105,draft
point_alpha_corridor,344,river,1,9,561421.157,5612563.067,draft
point_alpha_corridor,344,river,1,10,561425.095,5612499.598,draft
point_alpha_corridor,344,river,1,11,561452.853,5612436.614,draft
point_alpha_corridor,344,river,1,12,561485.85,5612376.384,draft
point_alpha_corridor,344,river,1,13,561500.697,5612297.25,draft
point_alpha_corridor,344,river,1,14,561501.773,5612244.315,draft
point_alpha_corridor,344,river,1,15,561521.483,5612186.462,draft
point_alpha_corridor,344,river,1,16,561522.773,5612122.94,draft
point_alpha_corridor,344,river,1,17,561524.655,5612030.304,draft
point_alpha_corridor,344,river,1,18,561496.078,5612003.244,draft
point_alpha_corridor,344,river,1,19,561465.231,5611957.604,draft
point_alpha_corridor,344,river,1,20,561434.438,5611909.318,draft
point_alpha_corridor,344,river,1,21,561387.657,5611866.002,draft
point_alpha_corridor,344,river,1,22,561335.367,5611833.165,draft
point_alpha_corridor,344,river,1,23,561262.626,5611805.218,draft
point_alpha_corridor,344,river,1,24,561249.21,5611775.923,draft
point_alpha_corridor,344,river,1,25,561166.448,5611564.083,draft
point_alpha_corridor,344,river,1,26,561159.973,5611537.931,draft
point_alpha_corridor,344,river,1,27,561158.481,5611512.882,draft
point_alpha_corridor,344,river,1,28,561166.337,5611471.01,draft
point_alpha_corridor,344,river,1,29,561177.702,5611404.19,draft
point_alpha_corridor,344,river,1,30,561184.354,5611372.301,draft
point_alpha_corridor,344,river,1,31,561183.064,5611337.248,draft
point_alpha_corridor,344,river,1,32,561179.937,5611294.152,draft
point_alpha_corridor,344,river,1,33,561169.111,5611235.888,draft
point_alpha_corridor,344,river,1,34,561154.736,5611204.572,draft
point_alpha_corridor,344,river,1,35,561128.458,5611168.011,draft
point_alpha_corridor,344,river,1,36,561096.28,5611126.327,draft
point_alpha_corridor,344,river,1,37,561072.699,5611104.832,draft
point_alpha_corridor,344,river,1,38,560975.36,5611026.827,draft
point_alpha_corridor,344,river,1,39,560936.032,5610981.544,draft
point_alpha_corridor,344,river,1,40,560917.707,5610945.161,draft
point_alpha_corridor,344,river,1,41,560916.235,5610913.357,draft
point_alpha_corridor,344,river,1,42,560894.104,5610855.714,draft
point_alpha_corridor,344,river,1,43,560829.058,5610803.999,draft
point_alpha_corridor,344,river,1,44,560773.059,5610766.406,draft
point_alpha_corridor,345,river,1,0,555523.784,5607433.822,draft
point_alpha_corridor,345,river,1,1,555452.358,5607528.354,draft
point_alpha_corridor,345,river,1,2,555424.143,5607613.835,draft
point_alpha_corridor,345,river,1,3,555402.68,5607692.833,draft
point_alpha_corridor,345,river,1,4,555411.059,5607769.128,draft
point_alpha_corridor,345,river,1,5,555436.115,5607839.142,draft
point_alpha_corridor,345,river,1,6,555460.7,5607932.315,draft
point_alpha_corridor,345,river,1,7,555448.959,5608021.44,draft
point_alpha_corridor,345,river,1,8,555414.195,5608103.478,draft
point_alpha_corridor,345,river,1,9,555362.418,5608208.338,draft
point_alpha_corridor,345,river,1,10,555303.706,5608296.15,draft
point_alpha_corridor,345,river,1,11,555264.441,5608339.041,draft
point_alpha_corridor,345,river,1,12,555204.003,5608381.502,draft
point_alpha_corridor,345,river,1,13,555151.278,5608492.66,draft
point_alpha_corridor,345,river,1,14,555129.589,5608590.491,draft
point_alpha_corridor,345,river,1,15,555092.38,5608662.55,draft
point_alpha_corridor,345,river,1,16,555076.628,5608708.037,draft
point_alpha_corridor,345,river,1,17,555048.532,5608800.669,draft
point_alpha_corridor,345,river,1,18,554997.82,5608885.693,draft
point_alpha_corridor,345,river,1,19,554963.284,5608956.482,draft
point_alpha_corridor,345,river,1,20,554923.239,5609037.751,draft
point_alpha_corridor,345,river,1,21,554905.716,5609092.204,draft
point_alpha_corridor,345,river,1,22,554910.864,5609151.62,draft
point_alpha_corridor,345,river,1,23,554911.69,5609215.184,draft
point_alpha_corridor,345,river,1,24,554884.69,5609293.011,draft
point_alpha_corridor,345,river,1,25,554874.715,5609366.947,draft
point_alpha_corridor,345,river,1,26,554881.764,5609436.992,draft
point_alpha_corridor,345,river,1,27,554857.88,5609569.957,draft
point_alpha_corridor,345,river,1,28,554843.024,5609675.568,draft
point_alpha_corridor,345,river,1,29,554837.326,5609747.473,draft
point_alpha_corridor,345,river,1,30,554824.27,5609842.889,draft
point_alpha_corridor,345,river,1,31,554785.4,5609905.286,draft
point_alpha_corridor,345,river,1,32,554752.606,5609955.458,draft
point_alpha_corridor,345,river,1,33,554715.234,5610022.483,draft
point_alpha_corridor,345,river,1,34,554692.296,5610108.865,draft
point_alpha_corridor,345,river,1,35,554683.267,5610136.219,draft
point_alpha_corridor,345,river,1,36,554697.616,5610159.811,draft
point_alpha_corridor,345,river,1,37,554694.509,5610208.468,draft
point_alpha_corridor,345,river,1,38,554685.179,5610250.643,draft
point_alpha_corridor,345,river,1,39,554582.564,5610401.072,draft
point_alpha_corridor,345,river,1,40,554560.443,5610447.224,draft
point_alpha_corridor,345,river,1,41,554559.583,5610489.572,draft
point_alpha_corridor,345,river,1,42,554554.573,5610527.599,draft
point_alpha_corridor,345,river,1,43,554534.914,5610556.855,draft
point_alpha_corridor,345,river,1,44,554485.655,5610583.391,draft
point_alpha_corridor,345,river,1,45,554430.474,5610588.624,draft
point_alpha_corridor,345,river,1,46,554398.713,5610587.979,draft
point_alpha_corridor,345,river,1,47,554343.231,5610608.034,draft
point_alpha_corridor,345,river,1,48,554289.651,5610638.719,draft
point_alpha_corridor,345,river,1,49,554213.039,5610656.226,draft
point_alpha_corridor,345,river,1,50,554144.164,5610709.901,draft
point_alpha_corridor,345,river,1,51,553970.461,5610814.402,draft
point_alpha_corridor,345,river,1,52,553925.91,5610817.733,draft
point_alpha_corridor,345,river,1,53,553887.367,5610838.132,draft
point_alpha_corridor,345,river,1,54,553869.61,5610878.018,draft
point_alpha_corridor,345,river,1,55,553885.775,5610916.475,draft
point_alpha_corridor,345,river,1,56,553904.056,5610954.975,draft
point_alpha_corridor,345,river,1,57,553886.472,5610986.392,draft
point_alpha_corridor,345,river,1,58,553805.28,5611020.752,draft
point_alpha_corridor,345,river,1,59,553754.033,5611040.893,draft
point_alpha_corridor,345,river,1,60,553696.605,5611052.435,draft
point_alpha_corridor,345,river,1,61,553611.91,5611050.714,draft
point_alpha_corridor,345,river,1,62,553567.617,5611041.341,draft
point_alpha_corridor,345,river,1,63,553512.78,5611029.635,draft
point_alpha_corridor,345,river,1,64,553458.223,5611043.183,draft
point_alpha_corridor,345,river,1,65,553391.143,5611073.764,draft
point_alpha_corridor,345,river,1,66,553351.868,5611130.159,draft
point_alpha_corridor,345,river,1,67,553293.94,5611270.736,draft
point_alpha_corridor,346,river,1,0,560773.059,5610766.406,draft
point_alpha_corridor,346,river,1,1,560743.664,5610732.361,draft
point_alpha_corridor,346,river,1,2,560690.117,5610657.134,draft
point_alpha_corridor,346,river,1,3,560653.036,5610605.543,draft
point_alpha_corridor,346,river,1,4,560626.763,5610555.589,draft
point_alpha_corridor,346,river,1,5,560622.437,5610507.84,draft
point_alpha_corridor,346,river,1,6,560631.237,5610465.653,draft
point_alpha_corridor,346,river,1,7,560650.679,5610421.035,draft
point_alpha_corridor,346,river,1,8,560651.646,5610373.393,draft
point_alpha_corridor,346,river,1,9,560636.572,5610333.369,draft
point_alpha_corridor,346,river,1,10,560594.977,5610295.455,draft
point_alpha_corridor,346,river,1,11,560532.154,5610259.757,draft
point_alpha_corridor,346,river,1,12,560495.906,5610219.303,draft
point_alpha_corridor,346,river,1,13,560467.813,5610168.423,draft
point_alpha_corridor,346,river,1,14,560463.595,5610115.381,draft
point_alpha_corridor,346,river,1,15,560478.173,5610049.481,draft
point_alpha_corridor,346,river,1,16,560487.135,5609999.354,draft
point_alpha_corridor,346,river,1,17,560464.335,5609948.582,draft
point_alpha_corridor,346,river,1,18,560436.243,5609897.702,draft
point_alpha_corridor,346,river,1,19,560413.39,5609849.577,draft
point_alpha_corridor,346,river,1,20,560375.033,5609782.602,draft
point_alpha_corridor,346,river,1,21,560341.754,5609726.322,draft
point_alpha_corridor,346,river,1,22,560300.32,5609680.467,draft
point_alpha_corridor,346,river,1,23,560256.186,5609637.205,draft
point_alpha_corridor,346,river,1,24,560232.902,5609610.254,draft
point_alpha_corridor,346,river,1,25,560191.307,5609572.339,draft
point_alpha_corridor,346,river,1,26,560128.646,5609528.701,draft
point_alpha_corridor,346,river,1,27,560026.404,5609405.31,draft
point_alpha_corridor,346,river,1,28,559995.186,5609365.647,draft
point_alpha_corridor,346,river,1,29,559965.191,5609315.0,draft
point_alpha_corridor,346,river,1,30,559960.637,5609292.891,draft
point_alpha_corridor,346,river,1,31,559959.164,5609266.842,draft
point_alpha_corridor,346,river,1,32,559954.092,5609171.667,draft
point_alpha_corridor,346,river,1,33,559891.208,5609114.347,draft
point_alpha_corridor,346,river,1,34,559757.636,5608940.505,draft
point_alpha_corridor,347,river,1,0,560174.948,5613187.143,draft
point_alpha_corridor,347,river,1,1,560158.387,5613063.947,draft
point_alpha_corridor,347,river,1,2,560140.432,5612970.245,draft
point_alpha_corridor,347,river,1,3,560138.871,5612884.158,draft
point_alpha_corridor,347,river,1,4,560151.687,5612742.097,draft
point_alpha_corridor,347,river,1,5,560180.694,5612454.733,draft
point_alpha_corridor,347,river,1,6,560196.011,5612352.44,draft
point_alpha_corridor,347,river,1,7,560204.51,5612259.938,draft
point_alpha_corridor,347,river,1,8,560209.768,5612164.061,draft
point_alpha_corridor,347,river,1,9,560227.923,5612084.994,draft
point_alpha_corridor,347,river,1,10,560265.728,5612016.256,draft
point_alpha_corridor,347,river,1,11,560364.025,5611902.41,draft
point_alpha_corridor,347,river,1,12,560449.29,5611778.37,draft
point_alpha_corridor,347,river,1,13,560516.46,5611677.94,draft
point_alpha_corridor,347,river,1,14,560556.635,5611604.689,draft
point_alpha_corridor,347,river,1,15,560603.081,5611534.141,draft
point_alpha_corridor,347,river,1,16,560628.964,5611457.806,draft
point_alpha_corridor,347,river,1,17,560669.902,5611345.957,draft
point_alpha_corridor,347,river,1,18,560699.461,5611194.306,draft
point_alpha_corridor,347,river,1,19,560728.684,5611059.198,draft
point_alpha_corridor,347,river,1,20,560767.892,5610973.575,draft
point_alpha_corridor,347,river,1,21,560785.181,5610884.926,draft
point_alpha_corridor,347,river,1,22,560783.904,5610836.974,draft
point_alpha_corridor,347,river,1,23,560773.059,5610766.406,draft
point_alpha_corridor,348,river,1,0,562771.302,5618675.102,draft
point_alpha_corridor,348,river,1,1,562774.612,5618709.196,draft
point_alpha_corridor,348,river,1,2,562782.741,5618752.394,draft
point_alpha_corridor,348,river,1,3,562793.277,5618775.626,draft
point_alpha_corridor,348,river,1,4,562810.525,5618833.62,draft
point_alpha_corridor,348,river,1,5,562850.685,5618890.042,draft
point_alpha_corridor,348,river,1,6,562916.395,5618922.239,draft
point_alpha_corridor,348,river,1,7,562961.903,5618948.183,draft
point_alpha_corridor,348,river,1,8,563011.576,5618966.206,draft
point_alpha_corridor,348,river,1,9,563058.45,5618974.164,draft
point_alpha_corridor,348,river,1,10,563099.363,5618979.999,draft
point_alpha_corridor,348,river,1,11,563129.191,5618989.612,draft
point_alpha_corridor,348,river,1,12,563161.674,5619016.293,draft
point_alpha_corridor,348,river,1,13,563214.25,5619088.416,draft
point_alpha_corridor,348,river,1,14,563248.633,5619120.139,draft
point_alpha_corridor,348,river,1,15,563373.031,5619203.729,draft
point_alpha_corridor,348,river,1,16,563387.679,5619254.712,draft
point_alpha_corridor,348,river,1,17,563405.531,5619314.388,draft
point_alpha_corridor,348,river,1,18,563451.202,5619444.503,draft
point_alpha_corridor,348,river,1,19,563476.667,5619521.079,draft
point_alpha_corridor,348,river,1,20,563629.898,5619909.491,draft
point_alpha_corridor,348,river,1,21,563645.745,5619966.857,draft
point_alpha_corridor,348,river,1,22,563657.591,5620024.142,draft
point_alpha_corridor,348,river,1,23,563663.78,5620064.299,draft
point_alpha_corridor,348,river,1,24,563680.095,5620098.657,draft
point_alpha_corridor,348,river,1,25,563722.501,5620129.542,draft
point_alpha_corridor,348,river,1,26,563778.627,5620174.717,draft
point_alpha_corridor,348,river,1,27,563828.283,5620242.778,draft
point_alpha_corridor,348,river,1,28,563860.482,5620283.463,draft
point_alpha_corridor,348,river,1,29,563881.731,5620319.056,draft
point_alpha_corridor,348,river,1,30,563896.375,5620380.255,draft
point_alpha_corridor,348,river,1,31,563910.965,5620444.101,draft
point_alpha_corridor,348,river,1,32,563909.62,5620510.271,draft
point_alpha_corridor,348,river,1,33,563911.244,5620560.614,draft
point_alpha_corridor,348,river,1,34,563923.564,5620605.878,draft
point_alpha_corridor,348,river,1,35,563949.117,5620651.412,draft
point_alpha_corridor,348,river,1,36,563990.444,5620702.562,draft
point_alpha_corridor,348,river,1,37,564026.477,5620753.604,draft
point_alpha_corridor,348,river,1,38,564060.079,5620794.005,draft
point_alpha_corridor,348,river,1,39,564099.619,5620802.752,draft
point_alpha_corridor,348,river,1,40,564149.263,5620835.536,draft
point_alpha_corridor,348,river,1,41,564227.053,5620916.554,draft
point_alpha_corridor,348,river,1,42,564273.835,5620959.871,draft
point_alpha_corridor,348,river,1,43,564339.144,5621003.565,draft
point_alpha_corridor,348,river,1,44,564388.68,5621041.642,draft
point_alpha_corridor,348,river,1,45,564464.738,5621077.61,draft
point_alpha_corridor,348,river,1,46,564533.071,5621102.83,draft
point_alpha_corridor,348,river,1,47,564609.397,5621125.565,draft
point_alpha_corridor,348,river,1,48,564672.652,5621140.09,draft
point_alpha_corridor,348,river,1,49,564725.211,5621159.693,draft
point_alpha_corridor,348,river,1,50,564761.567,5621194.855,draft
point_alpha_corridor,348,river,1,51,564808.134,5621248.759,draft
point_alpha_corridor,348,river,1,52,564965.913,5621387.769,draft
point_alpha_corridor,348,river,1,53,565025.846,5621541.105,draft
point_alpha_corridor,348,river,1,54,565057.414,5621612.802,draft
point_alpha_corridor,348,river,1,55,565110.153,5621676.923,draft
point_alpha_corridor,348,river,1,56,565143.535,5621708.626,draft
point_alpha_corridor,348,river,1,57,565183.286,5621722.444,draft
point_alpha_corridor,348,river,1,58,565223.3,5621723.257,draft
point_alpha_corridor,348,river,1,59,565277.381,5621721.354,draft
point_alpha_corridor,348,river,1,60,565320.336,5621725.229,draft
point_alpha_corridor,348,river,1,61,565367.007,5621743.191,draft
point_alpha_corridor,348,river,1,62,565406.27,5621781.018,draft
point_alpha_corridor,348,river,1,63,565449.208,5621834.932,draft
point_alpha_corridor,348,river,1,64,565478.67,5621862.552,draft
point_alpha_corridor,348,river,1,65,565522.28,5621883.454,draft
point_alpha_corridor,348,river,1,66,565575.096,5621894.535,draft
point_alpha_corridor,348,river,1,67,565628.77,5621912.639,draft
point_alpha_corridor,348,river,1,68,565662.437,5621930.337,draft
point_alpha_corridor,348,river,1,69,565701.699,5621968.163,draft
point_alpha_corridor,348,river,1,70,565743.353,5622036.062,draft
point_alpha_corridor,348,river,1,71,565793.469,5622115.286,draft
point_alpha_corridor,348,river,1,72,565824.802,5622164.817,draft
point_alpha_corridor,348,river,1,73,565877.398,5622235.94,draft
point_alpha_corridor,348,river,1,74,565939.181,5622298.243,draft
point_alpha_corridor,348,river,1,75,565988.777,5622369.306,draft
point_alpha_corridor,348,river,1,76,566017.283,5622443.943,draft
point_alpha_corridor,348,river,1,77,566026.006,5622507.17,draft
point_alpha_corridor,348,river,1,78,566021.5,5622581.136,draft
point_alpha_corridor,348,river,1,79,566007.001,5622627.982,draft
point_alpha_corridor,348,river,1,80,565982.309,5622670.376,draft
point_alpha_corridor,348,river,1,81,565947.926,5622720.517,draft
point_alpha_corridor,348,river,1,82,565912.809,5622783.64,draft
point_alpha_corridor,348,river,1,83,565873.274,5622852.741,draft
point_alpha_corridor,348,river,1,84,565859.408,5622909.654,draft
point_alpha_corridor,348,river,1,85,565858.052,5622976.354,draft
point_alpha_corridor,348,river,1,86,565849.634,5623077.862,draft
point_alpha_corridor,348,river,1,87,565817.389,5623181.217,draft
point_alpha_corridor,348,river,1,88,565809.081,5623257.968,draft
point_alpha_corridor,349,river,3,0,567882.772,5620499.061,draft
point_alpha_corridor,349,river,3,1,567861.904,5620552.856,draft
point_alpha_corridor,349,river,3,2,567854.404,5620607.914,draft
point_alpha_corridor,349,river,3,3,567825.605,5620654.352,draft
point_alpha_corridor,349,river,3,4,567775.309,5620688.238,draft
point_alpha_corridor,350,river,1,0,566415.041,5612076.994,draft
point_alpha_corridor,350,river,1,1,566474.97,5612181.291,draft
point_alpha_corridor,350,river,1,2,566518.605,5612250.229,draft
point_alpha_corridor,350,river,1,3,566564.484,5612307.203,draft
point_alpha_corridor,350,river,1,4,566859.329,5612572.39,draft
point_alpha_corridor,350,river,1,5,566899.45,5612617.239,draft
point_alpha_corridor,350,river,1,6,566927.648,5612657.842,draft
point_alpha_corridor,350,river,1,7,566971.86,5612701.334,draft
point_alpha_corridor,350,river,1,8,567000.413,5612729.422,draft
point_alpha_corridor,350,river,1,9,567035.312,5612771.172,draft
point_alpha_corridor,350,river,1,10,567051.441,5612824.457,draft
point_alpha_corridor,350,river,1,11,567064.843,5612881.659,draft
point_alpha_corridor,350,river,1,12,567077.566,5612907.072,draft
point_alpha_corridor,350,river,1,13,567121.486,5612960.921,draft
point_alpha_corridor,350,river,1,14,567177.317,5613015.013,draft
point_alpha_corridor,350,river,1,15,567212.108,5613062.057,draft
point_alpha_corridor,350,river,1,16,567242.956,5613107.697,draft
point_alpha_corridor,350,river,1,17,567293.95,5613139.184,draft
point_alpha_corridor,350,river,1,18,567349.344,5613149.576,draft
point_alpha_corridor,350,river,1,19,567396.771,5613161.131,draft
point_alpha_corridor,350,river,1,20,567438.636,5613185.812,draft
point_alpha_corridor,350,river,1,21,567534.841,5613207.625,draft
point_alpha_corridor,350,river,1,22,567584.915,5613219.233,draft
point_alpha_corridor,350,river,1,23,567619.511,5613210.668,draft
point_alpha_corridor,350,river,1,24,567638.603,5613183.253,draft
point_alpha_corridor,350,river,1,25,567662.881,5613161.239,draft
point_alpha_corridor,350,river,1,26,567700.991,5613175.252,draft
point_alpha_corridor,350,river,1,27,567718.846,5613208.713,draft
point_alpha_corridor,350,river,1,28,567736.487,5613252.762,draft
point_alpha_corridor,350,river,1,29,567763.875,5613273.177,draft
point_alpha_corridor,350,river,1,30,567794.125,5613283.059,draft
point_alpha_corridor,350,river,1,31,567840.044,5613296.154,draft
point_alpha_corridor,350,river,1,32,567889.899,5613395.916,draft
point_alpha_corridor,350,river,1,33,567901.129,5613458.679,draft
point_alpha_corridor,350,river,1,34,567944.888,5613520.469,draft
point_alpha_corridor,350,river,1,35,567983.784,5613560.977,draft
point_alpha_corridor,350,river,1,36,568022.948,5613588.251,draft
point_alpha_corridor,350,river,1,37,568056.711,5613620.711,draft
point_alpha_corridor,350,river,1,38,568082.212,5613668.891,draft
point_alpha_corridor,350,river,1,39,568110.413,5613714.478,draft
point_alpha_corridor,350,river,1,40,568146.769,5613749.638,draft
point_alpha_corridor,350,river,1,41,568201.384,5613798.409,draft
point_alpha_corridor,350,river,1,42,568241.4,5613853.422,draft
point_alpha_corridor,350,river,1,43,568273.345,5613905.786,draft
point_alpha_corridor,350,river,1,44,568282.857,5613958.937,draft
point_alpha_corridor,350,river,1,45,568276.327,5614019.706,draft
point_alpha_corridor,350,river,1,46,568274.714,5614099.109,draft
point_alpha_corridor,350,river,1,47,568278.61,5614168.034,draft
point_alpha_corridor,350,river,1,48,568293.255,5614229.232,draft
point_alpha_corridor,350,river,1,49,568330.882,5614276.565,draft
point_alpha_corridor,350,river,1,50,568376.447,5614305.063,draft
point_alpha_corridor,350,river,1,51,568577.571,5614369.675,draft
point_alpha_corridor,351,river,1,0,565802.175,5623453.028,draft
point_alpha_corridor,351,river,1,1,565835.692,5623475.775,draft
point_alpha_corridor,351,river,1,2,565849.872,5623508.451,draft
point_alpha_corridor,351,river,1,3,565855.794,5623549.055,draft
point_alpha_corridor,351,river,1,4,565869.7,5623595.22,draft
point_alpha_corridor,351,river,1,5,565875.567,5623638.523,draft
point_alpha_corridor,351,river,1,6,565894.951,5623680.751,draft
point_alpha_corridor,351,river,1,7,565929.255,5623719.233,draft
point_alpha_corridor,351,river,1,8,565973.523,5623732.278,draft
point_alpha_corridor,351,river,1,9,566005.678,5623743.728,draft
point_alpha_corridor,351,river,1,10,566037.421,5623775.411,draft
point_alpha_corridor,351,river,1,11,566072.274,5623786.915,draft
point_alpha_corridor,351,river,1,12,566115.247,5623797.235,draft
point_alpha_corridor,351,river,1,13,566158.166,5623814.353,draft
point_alpha_corridor,351,river,1,14,566203.542,5623848.639,draft
point_alpha_corridor,351,river,1,15,566213.723,5623894.919,draft
point_alpha_corridor,351,river,1,16,566196.583,5623956.532,draft
point_alpha_corridor,351,river,1,17,566212.761,5624020.411,draft
point_alpha_corridor,351,river,1,18,566261.708,5624113.553,draft
point_alpha_corridor,351,river,1,19,566341.699,5624164.43,draft
point_alpha_corridor,351,river,1,20,566361.925,5624185.495,draft
point_alpha_corridor,351,river,1,21,566372.364,5624219.071,draft
point_alpha_corridor,351,river,1,22,566378.497,5624308.165,draft
point_alpha_corridor,351,river,1,23,566401.027,5624372.173,draft
point_alpha_corridor,351,river,1,24,566438.366,5624411.062,draft
point_alpha_corridor,351,river,1,25,566477.552,5624437.279,draft
point_alpha_corridor,351,river,1,26,566506.789,5624483.946,draft
point_alpha_corridor,351,river,1,27,566527.133,5624538.937,draft
point_alpha_corridor,351,river,1,28,566547.409,5624575.377,draft
point_alpha_corridor,351,river,1,29,566565.008,5624595.751,draft
point_alpha_corridor,351,river,1,30,566587.834,5624605.222,draft
point_alpha_corridor,351,river,1,31,566620.968,5624599.89,draft
point_alpha_corridor,351,river,1,32,566655.327,5624583.576,draft
point_alpha_corridor,351,river,1,33,566696.929,5624551.557,draft
point_alpha_corridor,352,river,1,0,574082.345,5618613.086,draft
point_alpha_corridor,352,river,1,1,573881.738,5618625.104,draft
point_alpha_corridor,352,river,1,2,573828.747,5618626.675,draft
point_alpha_corridor,352,river,1,3,573767.763,5618630.733,draft
point_alpha_corridor,352,river,1,4,573715.095,5618616.423,draft
point_alpha_corridor,352,river,1,5,573665.127,5618599.521,draft
point_alpha_corridor,352,river,1,6,573596.31,5618598.123,draft
point_alpha_corridor,352,river,1,7,573567.033,5618605.473,draft
point_alpha_corridor,352,river,1,8,573532.033,5618633.889,draft
point_alpha_corridor,352,river,1,9,573501.735,5618691.528,draft
point_alpha_corridor,352,river,1,10,573461.549,5618714.543,draft
point_alpha_corridor,352,river,1,11,573421.793,5618716.384,draft
point_alpha_corridor,352,river,1,12,573374.204,5618712.77,draft
point_alpha_corridor,352,river,1,13,573342.657,5618701.537,draft
point_alpha_corridor,352,river,1,14,573308.731,5618677.017,draft
point_alpha_corridor,352,river,1,15,573237.536,5618662.331,draft
point_alpha_corridor,352,river,1,16,573200.964,5618637.757,draft
point_alpha_corridor,352,river,1,17,573145.918,5618610.16,draft
point_alpha_corridor,352,river,1,18,573090.442,5618603.737,draft
point_alpha_corridor,352,river,1,19,573011.091,5618599.478,draft
point_alpha_corridor,352,river,1,20,572902.356,5618607.861,draft
point_alpha_corridor,352,river,1,21,572828.245,5618606.356,draft
point_alpha_corridor,352,river,1,22,572762.181,5618599.719,draft
point_alpha_corridor,352,river,1,23,572693.525,5618590.38,draft
point_alpha_corridor,352,river,1,24,572627.354,5618589.037,draft
point_alpha_corridor,352,river,1,25,572574.149,5618601.196,draft
point_alpha_corridor,352,river,1,26,572530.94,5618642.685,draft
point_alpha_corridor,352,river,1,27,572478.929,5618726.362,draft
point_alpha_corridor,352,river,1,28,572427.618,5618775.63,draft
point_alpha_corridor,352,river,1,29,572376.522,5618814.311,draft
point_alpha_corridor,352,river,1,30,572330.666,5618855.747,draft
point_alpha_corridor,352,river,1,31,572311.009,5618910.954,draft
point_alpha_corridor,352,river,1,32,572278.118,5618965.892,draft
point_alpha_corridor,352,river,1,33,572221.567,5619012.406,draft
point_alpha_corridor,352,river,1,34,572005.52,5619219.852,draft
point_alpha_corridor,352,river,1,35,571797.455,5619295.063,draft
point_alpha_corridor,352,river,1,36,571769.965,5619344.815,draft
point_alpha_corridor,352,river,1,37,571646.974,5619403.219,draft
point_alpha_corridor,352,river,1,38,571619.807,5619437.09,draft
point_alpha_corridor,352,river,1,39,571574.435,5619454.704,draft
point_alpha_corridor,352,river,1,40,571497.677,5619453.145,draft
point_alpha_corridor,352,river,1,41,571413.14,5619443.484,draft
point_alpha_corridor,352,river,1,42,571352.747,5619418.426,draft
point_alpha_corridor,352,river,1,43,571281.712,5619395.8,draft
point_alpha_corridor,352,river,1,44,571207.762,5619386.354,draft
point_alpha_corridor,352,river,1,45,571146.832,5619387.764,draft
point_alpha_corridor,352,river,1,46,571082.878,5619407.648,draft
point_alpha_corridor,352,river,1,47,571026.757,5619432.987,draft
point_alpha_corridor,352,river,1,48,570989.056,5619463.997,draft
point_alpha_corridor,352,river,1,49,570969.023,5619537.731,draft
point_alpha_corridor,352,river,1,50,570915.48,5619687.207,draft
point_alpha_corridor,352,river,1,51,570715.669,5619846.952,draft
point_alpha_corridor,352,river,1,52,570606.912,5619959.406,draft
point_alpha_corridor,352,river,1,53,570532.399,5619998.843,draft
point_alpha_corridor,352,river,1,54,570433.991,5620005.034,draft
point_alpha_corridor,352,river,1,55,570398.125,5619960.948,draft
point_alpha_corridor,352,river,1,56,570359.761,5619928.144,draft
point_alpha_corridor,352,river,1,57,570312.007,5619914.163,draft
point_alpha_corridor,352,river,1,58,570220.359,5619893.287,draft
point_alpha_corridor,352,river,1,59,570053.683,5619870.886,draft
point_alpha_corridor,352,river,1,60,569976.858,5619859.317,draft
point_alpha_corridor,352,river,1,61,569895.148,5619870.737,draft
point_alpha_corridor,352,river,1,62,569823.63,5619871.932,draft
point_alpha_corridor,352,river,1,63,569767.993,5619873.449,draft
point_alpha_corridor,352,river,1,64,569728.022,5619885.877,draft
point_alpha_corridor,352,river,1,65,569580.78,5619964.971,draft
point_alpha_corridor,352,river,1,66,569450.762,5620040.78,draft
point_alpha_corridor,352,river,1,67,569380.472,5620052.362,draft
point_alpha_corridor,352,river,1,68,569276.892,5620064.714,draft
point_alpha_corridor,352,river,1,69,569210.345,5620081.897,draft
point_alpha_corridor,352,river,1,70,569159.518,5620107.343,draft
point_alpha_corridor,352,river,1,71,569046.792,5620181.843,draft
point_alpha_corridor,352,river,1,72,569009.091,5620212.851,draft
point_alpha_corridor,352,river,1,73,568955.832,5620227.657,draft
point_alpha_corridor,352,river,1,74,568857.631,5620238.901,draft
point_alpha_corridor,352,river,1,75,568809.827,5620245.874,draft
point_alpha_corridor,352,river,1,76,568744.34,5620280.626,draft
point_alpha_corridor,352,river,1,77,568698.939,5620307.799,draft
point_alpha_corridor,352,river,1,78,568679.301,5620335.997,draft
point_alpha_corridor,352,river,1,79,568665.887,5620370.677,draft
point_alpha_corridor,352,river,1,80,568664.661,5620431.025,draft
point_alpha_corridor,352,river,1,81,568663.693,5620478.667,draft
point_alpha_corridor,352,river,1,82,568663.213,5620502.291,draft
point_alpha_corridor,352,river,1,83,568662.467,5620539.015,draft
point_alpha_corridor,352,river,1,84,568632.461,5620608.31,draft
point_alpha_corridor,352,river,1,85,568599.409,5620671.188,draft
point_alpha_corridor,352,river,1,86,568554.232,5620705.223,draft
point_alpha_corridor,352,river,1,87,568499.786,5620726.359,draft
point_alpha_corridor,352,river,1,88,568429.909,5620724.939,draft
point_alpha_corridor,352,river,1,89,568244.533,5620709.192,draft
point_alpha_corridor,352,river,1,90,568084.528,5620714.933,draft
point_alpha_corridor,352,river,1,91,567989.04,5620709.627,draft
point_alpha_corridor,352,river,1,92,567914.89,5620714.125,draft
point_alpha_corridor,352,river,1,93,567882.205,5620717.05,draft
point_alpha_corridor,352,river,1,94,567845.512,5620714.468,draft
point_alpha_corridor,352,river,1,95,567775.309,5620688.238,draft
point_alpha_corridor,353,river,1,0,571148.353,5621125.227,draft
point_alpha_corridor,353,river,1,1,570925.146,5621227.166,draft
point_alpha_corridor,353,river,1,2,570858.986,5621258.582,draft
point_alpha_corridor,353,river,1,3,570833.594,5621299.018,draft
point_alpha_corridor,353,river,1,4,570832.263,5621364.512,draft
point_alpha_corridor,353,river,1,5,570847.306,5621430.34,draft
point_alpha_corridor,353,river,1,6,571015.275,5622031.64,draft
point_alpha_corridor,353,river,1,7,571029.486,5622138.402,draft
point_alpha_corridor,353,river,1,8,571043.531,5622253.351,draft
point_alpha_corridor,353,river,1,9,571067.13,5622704.294,draft
point_alpha_corridor,353,river,1,10,571040.074,5622826.598,draft
point_alpha_corridor,353,river,1,11,570980.27,5622948.236,draft
point_alpha_corridor,353,river,1,12,570776.962,5623136.137,draft
point_alpha_corridor,353,river,1,13,570697.221,5623169.545,draft
point_alpha_corridor,353,river,1,14,570576.22,5623214.123,draft
point_alpha_corridor,353,river,1,15,570535.515,5623225.122,draft
point_alpha_corridor,353,river,1,16,570486.658,5623238.324,draft
point_alpha_corridor,353,river,1,17,570451.544,5623242.614,draft
point_alpha_corridor,353,river,1,18,570331.153,5623257.181,draft
point_alpha_corridor,353,river,1,19,569928.555,5623271.017,draft
point_alpha_corridor,353,river,1,20,569890.54,5623270.245,draft
point_alpha_corridor,353,river,1,21,569852.729,5623259.469,draft
point_alpha_corridor,353,river,1,22,569809.221,5623233.565,draft
point_alpha_corridor,353,river,1,23,569426.41,5623061.656,draft
point_alpha_corridor,353,river,1,24,569281.779,5622988.662,draft
point_alpha_corridor,353,river,1,25,569241.333,5622959.818,draft
point_alpha_corridor,353,river,1,26,569210.911,5622930.177,draft
point_alpha_corridor,353,river,1,27,569176.442,5622890.988,draft
point_alpha_corridor,353,river,1,28,569143.109,5622837.352,draft
point_alpha_corridor,353,river,1,29,569111.832,5622812.885,draft
point_alpha_corridor,353,river,1,30,569066.997,5622804.03,draft
point_alpha_corridor,353,river,1,31,569016.815,5622797.715,draft
point_alpha_corridor,353,river,1,32,568969.495,5622780.866,draft
point_alpha_corridor,353,river,1,33,568925.036,5622753.483,draft
point_alpha_corridor,353,river,1,34,568859.242,5622733.61,draft
point_alpha_corridor,353,river,1,35,568766.98,5622713.2,draft
point_alpha_corridor,353,river,1,36,568672.125,5622690.089,draft
point_alpha_corridor,353,river,1,37,568587.91,5622664.547,draft
point_alpha_corridor,353,river,1,38,568519.738,5622631.386,draft
point_alpha_corridor,353,river,1,39,568457.075,5622587.746,draft
point_alpha_corridor,353,river,1,40,568341.745,5622529.796,draft
point_alpha_corridor,353,river,1,41,568291.831,5622510.247,draft
point_alpha_corridor,353,river,1,42,568225.553,5622514.195,draft
point_alpha_corridor,353,river,1,43,568166.785,5622539.48,draft
point_alpha_corridor,353,river,1,44,568111.095,5622543.644,draft
point_alpha_corridor,353,river,1,45,568052.972,5622537.167,draft
point_alpha_corridor,353,river,1,46,567984.639,5622511.947,draft
point_alpha_corridor,353,river,1,47,567925.483,5622491.877,draft
point_alpha_corridor,353,river,1,48,567879.304,5622483.328,draft
point_alpha_corridor,353,river,1,49,567821.289,5622471.557,draft
point_alpha_corridor,353,river,1,50,567766.082,5622451.9,draft
point_alpha_corridor,353,river,1,51,567577.85,5622377.583,draft
point_alpha_corridor,353,river,1,52,567530.833,5622376.627,draft
point_alpha_corridor,353,river,1,53,567477.366,5622397.558,draft
point_alpha_corridor,353,river,1,54,567436.404,5622425.274,draft
point_alpha_corridor,353,river,1,55,567414.702,5622455.262,draft
point_alpha_corridor,354,river,1,0,560738.765,5625730.19,draft
point_alpha_corridor,354,river,1,1,560779.143,5625624.831,draft
point_alpha_corridor,354,river,1,2,560814.572,5625549.292,draft
point_alpha_corridor,354,river,1,3,560875.669,5625461.565,draft
point_alpha_corridor,354,river,1,4,560981.194,5625405.946,draft
point_alpha_corridor,354,river,1,5,561072.024,5625389.299,draft
point_alpha_corridor,354,river,1,6,561113.116,5625347.768,draft
point_alpha_corridor,354,river,1,7,561169.246,5625295.951,draft
point_alpha_corridor,354,river,1,8,561189.422,5625241.285,draft
point_alpha_corridor,354,river,1,9,561187.21,5625166.947,draft
point_alpha_corridor,354,river,1,10,561191.223,5625048.555,draft
point_alpha_corridor,354,river,1,11,561154.099,5624999.079,draft
point_alpha_corridor,354,river,1,12,561112.612,5624955.869,draft
point_alpha_corridor,354,river,1,13,561521.949,5624700.386,draft
point_alpha_corridor,354,river,1,14,561553.347,5624682.01,draft
point_alpha_corridor,354,river,1,15,561652.004,5624645.535,draft
point_alpha_corridor,354,river,1,16,561737.889,5624640.926,draft
point_alpha_corridor,354,river,1,17,561808.411,5624610.585,draft
point_alpha_corridor,354,river,1,18,561866.486,5624567.281,draft
point_alpha_corridor,354,river,1,19,561925.013,5624501.744,draft
point_alpha_corridor,354,river,1,20,562002.209,5624455.652,draft
point_alpha_corridor,354,river,1,21,562095.287,5624409.882,draft
point_alpha_corridor,354,river,1,22,562165.937,5624373.189,draft
point_alpha_corridor,354,river,1,23,562362.331,5624246.906,draft
point_alpha_corridor,354,river,1,24,562357.076,5624192.782,draft
point_alpha_corridor,354,river,1,25,562367.186,5624164.39,draft
point_alpha_corridor,354,river,1,26,562394.889,5624134.471,draft
point_alpha_corridor,354,river,1,27,562641.304,5624036.611,draft
point_alpha_corridor,354,river,1,28,562668.477,5624029.158,draft
point_alpha_corridor,354,river,1,29,562693.506,5624028.666,draft
point_alpha_corridor,354,river,1,30,562716.372,5624036.136,draft
point_alpha_corridor,354,river,1,31,562747.16,5624047.771,draft
point_alpha_corridor,354,river,1,32,562788.87,5624063.63,draft
point_alpha_corridor,354,river,1,33,562810.837,5624066.078,draft
point_alpha_corridor,354,river,1,34,562832.906,5624063.525,draft
point_alpha_corridor,354,river,1,35,562858.139,5624053.029,draft
point_alpha_corridor,355,river,2,0,568577.571,5614369.675,draft
point_alpha_corridor,355,river,2,1,568559.427,5614428.62,draft
point_alpha_corridor,355,river,2,2,568532.728,5614491.627,draft
point_alpha_corridor,355,river,2,3,568506.373,5614537.694,draft
point_alpha_corridor,355,river,2,4,568460.961,5614583.375,draft
point_alpha_corridor,355,river,2,5,568411.787,5614605.678,draft
point_alpha_corridor,355,river,2,6,568205.82,5614718.368,draft
point_alpha_corridor,355,river,2,7,568153.009,5614756.326,draft
point_alpha_corridor,355,river,2,8,568084.949,5614805.983,draft
point_alpha_corridor,355,river,2,9,567974.11,5614878.524,draft
point_alpha_corridor,355,river,2,10,567941.574,5614915.993,draft
point_alpha_corridor,355,river,2,11,567912.973,5614968.37,draft
point_alpha_corridor,355,river,2,12,567890.045,5615040.209,draft
point_alpha_corridor,355,river,2,13,567847.57,5615219.154,draft
point_alpha_corridor,355,river,2,14,567820.027,5615271.553,draft
point_alpha_corridor,355,river,2,15,567765.748,5615336.647,draft
point_alpha_corridor,355,river,2,16,567722.377,5615386.076,draft
point_alpha_corridor,355,river,2,17,567694.78,5615441.121,draft
point_alpha_corridor,355,river,2,18,567674.586,5615522.796,draft
point_alpha_corridor,355,river,2,19,567654.338,5615607.117,draft
point_alpha_corridor,355,river,2,20,567637.382,5615659.73,draft
point_alpha_corridor,355,river,2,21,567571.87,5615756.372,draft
point_alpha_corridor,355,river,2,22,567531.254,5615800.561,draft
point_alpha_corridor,355,river,2,23,567461.255,5615857.392,draft
point_alpha_corridor,355,river,2,24,567415.56,5615890.887,draft
point_alpha_corridor,355,river,2,25,567372.405,5615929.729,draft
point_alpha_corridor,355,river,2,26,567287.908,5616032.488,draft
point_alpha_corridor,356,river,1,0,563560.4,5628201.535,draft
point_alpha_corridor,356,river,1,1,563712.114,5628270.672,draft
point_alpha_corridor,356,river,1,2,563818.465,5628355.9,draft
point_alpha_corridor,356,river,1,3,563881.411,5628410.221,draft
point_alpha_corridor,356,river,1,4,564010.181,5628524.928,draft
point_alpha_corridor,356,river,1,5,564055.506,5628559.877,draft
point_alpha_corridor,356,river,1,6,564111.14,5628580.023,draft
point_alpha_corridor,356,river,1,7,564182.964,5628591.491,draft
point_alpha_corridor,356,river,1,8,564243.946,5628594.733,draft
point_alpha_corridor,356,river,1,9,564308.112,5628589.032,draft
point_alpha_corridor,356,river,1,10,564377.382,5628578.432,draft
point_alpha_corridor,356,river,1,11,564470.904,5628556.315,draft
point_alpha_corridor,356,river,1,12,564546.624,5628523.828,draft
point_alpha_corridor,356,river,1,13,564600.091,5628502.898,draft
point_alpha_corridor,356,river,1,14,564635.369,5628490.605,draft
point_alpha_corridor,356,river,1,15,564695.635,5628479.821,draft
point_alpha_corridor,356,river,1,16,564751.738,5628476.959,draft
point_alpha_corridor,356,river,1,17,564836.803,5628477.261,draft
point_alpha_corridor,356,river,1,18,564994.966,5628512.252,draft
point_alpha_corridor,356,river,1,19,565066.162,5628526.94,draft
point_alpha_corridor,356,river,1,20,565105.864,5628527.747,draft
point_alpha_corridor,356,river,1,21,565143.404,5628504.679,draft
point_alpha_corridor,356,river,1,22,565188.992,5628476.479,draft
point_alpha_corridor,356,river,1,23,565268.504,5628472.8,draft
point_alpha_corridor,356,river,1,24,565400.361,5628499.313,draft
point_alpha_corridor,356,river,1,25,565490.246,5628506.436,draft
point_alpha_corridor,356,river,1,26,565575.052,5628502.865,draft
point_alpha_corridor,356,river,1,27,565670.714,5628486.275,draft
point_alpha_corridor,356,river,1,28,565752.874,5628482.65,draft
point_alpha_corridor,356,river,1,29,565832.117,5628492.205,draft
point_alpha_corridor,356,river,1,30,565913.9,5628507.107,draft
point_alpha_corridor,356,river,1,31,566003.461,5628530.112,draft
point_alpha_corridor,356,river,1,32,566108.527,5628571.967,draft
point_alpha_corridor,356,river,1,33,566200.466,5628608.26,draft
point_alpha_corridor,356,river,1,34,566292.298,5628649.846,draft
point_alpha_corridor,356,river,1,35,566344.32,5628695.918,draft
point_alpha_corridor,356,river,1,36,566372.466,5628744.154,draft
point_alpha_corridor,356,river,1,37,566397.912,5628794.981,draft
point_alpha_corridor,356,river,1,38,566444.532,5628846.24,draft
point_alpha_corridor,356,river,1,39,566486.021,5628889.451,draft
point_alpha_corridor,356,river,1,40,566503.472,5628942.764,draft
point_alpha_corridor,356,river,1,41,566544.368,5629015.09,draft
point_alpha_corridor,356,river,1,42,566571.492,5629113.614,draft
point_alpha_corridor,356,river,1,43,566599.262,5629180.377,draft
point_alpha_corridor,356,river,1,44,566635.241,5629234.067,draft
point_alpha_corridor,356,river,1,45,566676.729,5629277.278,draft
point_alpha_corridor,356,river,1,46,566737.014,5629307.631,draft
point_alpha_corridor,356,river,1,47,566875.431,5629361.807,draft
point_alpha_corridor,356,river,1,48,566918.817,5629393.714,draft
point_alpha_corridor,356,river,1,49,566966.818,5629444.729,draft
point_alpha_corridor,356,river,1,50,567001.611,5629505.484,draft
point_alpha_corridor,356,river,1,51,567052.1,5629574.881,draft
point_alpha_corridor,356,river,1,52,567142.944,5629654.351,draft
point_alpha_corridor,356,river,1,53,567224.724,5629680.072,draft
point_alpha_corridor,356,river,1,54,567372.543,5629723.656,draft
point_alpha_corridor,357,river,2,0,562858.139,5624053.029,draft
point_alpha_corridor,357,river,2,1,562904.583,5624032.957,draft
point_alpha_corridor,357,river,2,2,562936.94,5624016.602,draft
point_alpha_corridor,357,river,2,3,563002.858,5623999.375,draft
point_alpha_corridor,357,river,2,4,563019.191,5623977.465,draft
point_alpha_corridor,357,river,2,5,563023.013,5623945.768,draft
point_alpha_corridor,357,river,2,6,563042.91,5623904.865,draft
point_alpha_corridor,357,river,2,7,563119.935,5623876.21,draft
point_alpha_corridor,357,river,2,8,563171.218,5623864.242,draft
point_alpha_corridor,357,river,2,9,563218.174,5623868.199,draft
point_alpha_corridor,357,river,2,10,563270.046,5623890.72,draft
point_alpha_corridor,357,river,2,11,563307.047,5623894.12,draft
point_alpha_corridor,357,river,2,12,563357.391,5623892.496,draft
point_alpha_corridor,357,river,2,13,563400.062,5623877.476,draft
point_alpha_corridor,357,river,2,14,563461.208,5623865.479,draft
point_alpha_corridor,357,river,2,15,563516.791,5623866.609,draft
point_alpha_corridor,357,river,2,16,563583.015,5623865.308,draft
point_alpha_corridor,357,river,2,17,563636.381,5623845.209,draft
point_alpha_corridor,357,river,2,18,563695.741,5623790.81,draft
point_alpha_corridor,357,river,2,19,563903.334,5623626.448,draft
point_alpha_corridor,357,river,2,20,563944.198,5623552.254,draft
point_alpha_corridor,357,river,2,21,563969.743,5623475.16,draft
point_alpha_corridor,357,river,2,22,563988.339,5623446.516,draft
point_alpha_corridor,357,river,2,23,564015.121,5623409.031,draft
point_alpha_corridor,357,river,2,24,564062.358,5623349.944,draft
point_alpha_corridor,358,river,1,0,573543.842,5620737.41,draft
point_alpha_corridor,358,river,1,1,573508.013,5620852.613,draft
point_alpha_corridor,358,river,1,2,573488.41,5620905.174,draft
point_alpha_corridor,358,river,1,3,573412.255,5621004.248,draft
point_alpha_corridor,358,river,1,4,573379.418,5621056.54,draft
point_alpha_corridor,358,river,1,5,573367.755,5621109.262,draft
point_alpha_corridor,358,river,1,6,573366.68,5621162.199,draft
point_alpha_corridor,358,river,1,7,573384.079,5621218.159,draft
point_alpha_corridor,358,river,1,8,573422.921,5621261.315,draft
point_alpha_corridor,358,river,1,9,573498.658,5621313.164,draft
point_alpha_corridor,358,river,1,10,573637.095,5621516.92,draft
point_alpha_corridor,358,river,1,11,573685.802,5621616.182,draft
point_alpha_corridor,358,river,1,12,573712.982,5621712.06,draft
point_alpha_corridor,358,river,1,13,573733.081,5621765.427,draft
point_alpha_corridor,358,river,1,14,573776.733,5621832.512,draft
point_alpha_corridor,358,river,1,15,573820.6,5621889.01,draft
point_alpha_corridor,358,river,1,16,573877.379,5621961.658,draft
point_alpha_corridor,358,river,1,17,573902.557,5622025.72,draft
point_alpha_corridor,358,river,1,18,573909.207,5622089.405,draft
point_alpha_corridor,358,river,1,19,573928.082,5622333.399,draft
point_alpha_corridor,358,river,1,20,573873.21,5622427.61,draft
point_alpha_corridor,358,river,1,21,573998.669,5622769.095,draft
point_alpha_corridor,358,river,1,22,573974.334,5623054.579,draft
point_alpha_corridor,358,river,1,23,574071.365,5623231.314,draft
point_alpha_corridor,358,river,1,24,574117.879,5623287.866,draft
point_alpha_corridor,358,river,1,25,574164.81,5623325.067,draft
point_alpha_corridor,358,river,1,26,574197.396,5623346.746,draft
point_alpha_corridor,358,river,1,27,574257.769,5623379.998,draft
point_alpha_corridor,358,river,1,28,574276.614,5623388.387,draft
point_alpha_corridor,358,river,1,29,574321.245,5623408.309,draft
point_alpha_corridor,359,river,2,0,571864.493,5609451.518,draft
point_alpha_corridor,359,river,2,1,571831.492,5609548.924,draft
point_alpha_corridor,359,river,2,2,571826.861,5609579.854,draft
point_alpha_corridor,359,river,2,3,571822.189,5609612.785,draft
point_alpha_corridor,359,river,2,4,571821.682,5609637.794,draft
point_alpha_corridor,359,river,2,5,571823.155,5609663.844,draft
point_alpha_corridor,359,river,2,6,571831.59,5609692.037,draft
point_alpha_corridor,359,river,2,7,571840.822,5609730.253,draft
point_alpha_corridor,359,river,2,8,571851.973,5609772.512,draft
point_alpha_corridor,359,river,2,9,571865.308,5609805.808,draft
point_alpha_corridor,359,river,2,10,571892.466,5609848.392,draft
point_alpha_corridor,359,river,2,11,571953.479,5609948.707,draft
point_alpha_corridor,359,river,2,12,571992.634,5610036.178,draft
point_alpha_corridor,359,river,2,13,572116.231,5610312.289,draft
point_alpha_corridor,359,river,2,14,572115.581,5610344.3,draft
point_alpha_corridor,359,river,2,15,572103.704,5610387.093,draft
point_alpha_corridor,359,river,2,16,572066.615,5610439.381,draft
point_alpha_corridor,359,river,2,17,572057.821,5610478.232,draft
point_alpha_corridor,359,river,2,18,572052.784,5610529.17,draft
point_alpha_corridor,359,river,2,19,572055.953,5610570.266,draft
point_alpha_corridor,359,river,2,20,572067.471,5610791.671,draft
point_alpha_corridor,359,river,2,21,572077.851,5610871.944,draft
point_alpha_corridor,359,river,2,22,572076.816,5610922.962,draft
point_alpha_corridor,359,river,2,23,572066.249,5610999.807,draft
point_alpha_corridor,359,river,2,24,572051.107,5611055.543,draft
point_alpha_corridor,359,river,2,25,572037.823,5611118.323,draft
point_alpha_corridor,359,river,2,26,572023.108,5611153.051,draft
point_alpha_corridor,359,river,2,27,572001.288,5611192.639,draft
point_alpha_corridor,359,river,2,28,571981.611,5611225.265,draft
point_alpha_corridor,359,river,2,29,571963.076,5611250.909,draft
point_alpha_corridor,359,river,2,30,571931.537,5611276.289,draft
point_alpha_corridor,359,river,2,31,571895.956,5611303.589,draft
point_alpha_corridor,359,river,2,32,571850.513,5611323.683,draft
point_alpha_corridor,359,river,2,33,571806.071,5611343.797,draft
point_alpha_corridor,359,river,2,34,571741.621,5611363.505,draft
point_alpha_corridor,359,river,2,35,571679.355,5611374.25,draft
point_alpha_corridor,359,river,2,36,571647.242,5611378.602,draft
point_alpha_corridor,359,river,2,37,571614.23,5611377.932,draft
point_alpha_corridor,359,river,2,38,571584.259,5611375.322,draft
point_alpha_corridor,359,river,2,39,571519.047,5611358.935,draft
point_alpha_corridor,359,river,2,40,571434.618,5611343.982,draft
point_alpha_corridor,359,river,2,41,571373.957,5611332.159,draft
point_alpha_corridor,359,river,2,42,571323.829,5611323.198,draft
point_alpha_corridor,359,river,2,43,571283.805,5611338.273,draft
point_alpha_corridor,359,river,2,44,571206.027,5611387.004,draft
point_alpha_corridor,359,river,2,45,571162.819,5611428.493,draft
point_alpha_corridor,359,river,2,46,571143.324,5611475.759,draft
point_alpha_corridor,359,river,2,47,571136.741,5611539.175,draft
point_alpha_corridor,359,river,2,48,571133.073,5611589.41,draft
point_alpha_corridor,359,river,2,49,571139.563,5611661.035,draft
point_alpha_corridor,359,river,2,50,571138.703,5611703.384,draft
point_alpha_corridor,359,river,2,51,571119.155,5611753.297,draft
point_alpha_corridor,359,river,2,52,571118.134,5611803.586,draft
point_alpha_corridor,359,river,2,53,571120.136,5611835.401,draft
point_alpha_corridor,359,river,2,54,571124.415,5611892.396,draft
point_alpha_corridor,359,river,2,55,571114.884,5611918.222,draft
point_alpha_corridor,359,river,2,56,571075.733,5611973.471,draft
point_alpha_corridor,359,river,2,57,571024.232,5612045.482,draft
point_alpha_corridor,359,river,2,58,570977.403,5612084.562,draft
point_alpha_corridor,359,river,2,59,570948.926,5612107.002,draft
point_alpha_corridor,359,river,2,60,570924.674,5612118.519,draft
point_alpha_corridor,359,river,2,61,570891.81,5612128.85,draft
point_alpha_corridor,359,river,2,62,570854.594,5612136.038,draft
point_alpha_corridor,359,river,2,63,570815.134,5612123.321,draft
point_alpha_corridor,359,river,2,64,570787.665,5612106.876,draft
point_alpha_corridor,359,river,2,65,570749.394,5612100.804,draft
point_alpha_corridor,359,river,2,66,570710.639,5612118.552,draft
point_alpha_corridor,359,river,2,67,570687.577,5612145.887,draft
point_alpha_corridor,359,river,2,68,570663.625,5612160.256,draft
point_alpha_corridor,359,river,2,69,570632.532,5612163.628,draft
point_alpha_corridor,359,river,2,70,570600.521,5612162.978,draft
point_alpha_corridor,359,river,2,71,570550.401,5612166.964,draft
point_alpha_corridor,359,river,2,72,570458.165,5612175.1,draft
point_alpha_corridor,359,river,2,73,570440.118,5612176.735,draft
point_alpha_corridor,359,river,2,74,570420.826,5612190.354,draft
point_alpha_corridor,359,river,2,75,570403.394,5612211.016,draft
point_alpha_corridor,359,river,2,76,570377.471,5612255.525,draft
point_alpha_corridor,360,river,3,0,567775.309,5620688.238,draft
point_alpha_corridor,360,river,3,1,567741.86,5620706.85,draft
point_alpha_corridor,360,river,3,2,567708.318,5620730.053,draft
point_alpha_corridor,360,river,3,3,567678.187,5620766.186,draft
point_alpha_corridor,360,river,3,4,567658.176,5620801.606,draft
point_alpha_corridor,360,river,3,5,567647.236,5620842.723,draft
point_alpha_corridor,360,river,3,6,567648.083,5620891.428,draft
point_alpha_corridor,360,river,3,7,567661.022,5620944.151,draft
point_alpha_corridor,360,river,3,8,567727.572,5621116.637,draft
point_alpha_corridor,360,river,3,9,567749.173,5621137.091,draft
point_alpha_corridor,360,river,3,10,567775.98,5621147.644,draft
point_alpha_corridor,360,river,3,11,567827.694,5621163.706,draft
point_alpha_corridor,360,river,3,12,567847.254,5621186.121,draft
point_alpha_corridor,360,river,3,13,567851.646,5621216.234,draft
point_alpha_corridor,360,river,3,14,567837.975,5621298.02,draft
point_alpha_corridor,360,river,3,15,567806.663,5621361.434,draft
point_alpha_corridor,360,river,3,16,567784.248,5621380.994,draft
point_alpha_corridor,360,river,3,17,567761.24,5621380.526,draft
point_alpha_corridor,360,river,3,18,567741.436,5621370.116,draft
point_alpha_corridor,360,river,3,19,567687.721,5621354.013,draft
point_alpha_corridor,360,river,3,20,567658.608,5621358.425,draft
point_alpha_corridor,360,river,3,21,567630.252,5621374.862,draft
point_alpha_corridor,360,river,3,22,567604.776,5621397.363,draft
point_alpha_corridor,360,river,3,23,567589.181,5621426.068,draft
point_alpha_corridor,360,river,3,24,567583.711,5621448.975,draft
point_alpha_corridor,360,river,3,25,567577.713,5621497.892,draft
point_alpha_corridor,360,river,3,26,567584.049,5621580.085,draft
point_alpha_corridor,360,river,3,27,567608.376,5621712.682,draft
point_alpha_corridor,360,river,3,28,567609.38,5621761.741,draft
point_alpha_corridor,360,river,3,29,567596.725,5621793.509,draft
point_alpha_corridor,360,river,3,30,567576.352,5621811.109,draft
point_alpha_corridor,360,river,3,31,567539.095,5621822.361,draft
point_alpha_corridor,360,river,3,32,567456.698,5621838.701,draft
point_alpha_corridor,360,river,3,33,567415.399,5621851.873,draft
point_alpha_corridor,360,river,3,34,567388.881,5621876.353,draft
point_alpha_corridor,360,river,3,35,567376.226,5621908.121,draft
point_alpha_corridor,360,river,3,36,567372.005,5621968.082,draft
point_alpha_corridor,360,river,3,37,567365.897,5622024.056,draft
point_alpha_corridor,360,river,3,38,567354.275,5622056.693,draft
point_alpha_corridor,360,river,3,39,567330.558,5622129.293,draft
point_alpha_corridor,360,river,3,40,567297.505,5622192.172,draft
point_alpha_corridor,360,river,3,41,567238.376,5622287.354,draft
point_alpha_corridor,361,river,2,0,566696.929,5624551.557,draft
point_alpha_corridor,361,river,2,1,566734.011,5624550.987,draft
point_alpha_corridor,361,river,2,2,566773.417,5624566.351,draft
point_alpha_corridor,361,river,2,3,566804.184,5624615.963,draft
point_alpha_corridor,361,river,2,4,566839.598,5624697.445,draft
point_alpha_corridor,361,river,2,5,566862.344,5624750.865,draft
point_alpha_corridor,361,river,2,6,566864.184,5624790.621,draft
point_alpha_corridor,361,river,2,7,566843.956,5624808.746,draft
point_alpha_corridor,361,river,2,8,566801.441,5624829.736,draft
point_alpha_corridor,361,river,2,9,566784.946,5624845.941,draft
point_alpha_corridor,361,river,2,10,566784.273,5624879.026,draft
point_alpha_corridor,361,river,2,11,566812.527,5624921.967,draft
point_alpha_corridor,361,river,2,12,566849.26,5624938.601,draft
point_alpha_corridor,361,river,2,13,566887.693,5624936.735,draft
point_alpha_corridor,361,river,2,14,566910.675,5624913.371,draft
point_alpha_corridor,361,river,2,15,566928.498,5624883.282,draft
point_alpha_corridor,361,river,2,16,566958.748,5624869.963,draft
point_alpha_corridor,361,river,2,17,566993.517,5624882.679,draft
point_alpha_corridor,361,river,2,18,567028.042,5624907.4,draft
point_alpha_corridor,361,river,2,19,567063.303,5624945.146,draft
point_alpha_corridor,361,river,2,20,567089.621,5624979.707,draft
point_alpha_corridor,361,river,2,21,567121.759,5625023.395,draft
point_alpha_corridor,361,river,2,22,567135.297,5625046.688,draft
point_alpha_corridor,361,river,2,23,567143.67,5625077.882,draft
point_alpha_corridor,361,river,2,24,567146.516,5625184.024,draft
point_alpha_corridor,361,river,2,25,567145.926,5625213.034,draft
point_alpha_corridor,361,river,2,26,567145.418,5625238.044,draft
point_alpha_corridor,361,river,2,27,567115.321,5625438.59,draft
point_alpha_corridor,361,river,2,28,567108.302,5625488.486,draft
point_alpha_corridor,361,river,2,29,567113.593,5625523.622,draft
point_alpha_corridor,361,river,2,30,567124.088,5625548.855,draft
point_alpha_corridor,361,river,2,31,567131.868,5625560.021,draft
point_alpha_corridor,361,river,2,32,567158.512,5625578.577,draft
point_alpha_corridor,361,river,2,33,567222.264,5625611.206,draft
point_alpha_corridor,361,river,2,34,567256.532,5625630.609,draft
point_alpha_corridor,361,river,2,35,567269.927,5625660.905,draft
point_alpha_corridor,361,river,2,36,567270.439,5625684.934,draft
point_alpha_corridor,361,river,2,37,567264.664,5625722.847,draft
point_alpha_corridor,361,river,2,38,567255.93,5625800.965,draft
point_alpha_corridor,361,river,2,39,567264.102,5625867.859,draft
point_alpha_corridor,361,river,2,40,567284.722,5625947.715,draft
point_alpha_corridor,361,river,2,41,567308.84,5626011.756,draft
point_alpha_corridor,361,river,2,42,567349.033,5626066.59,draft
point_alpha_corridor,361,river,2,43,567401.995,5626118.507,draft
point_alpha_corridor,361,river,2,44,567420.148,5626163.361,draft
point_alpha_corridor,361,river,2,45,567419.764,5626182.245,draft
point_alpha_corridor,361,river,2,46,567418.857,5626226.885,draft
point_alpha_corridor,361,river,2,47,567417.63,5626287.233,draft
point_alpha_corridor,361,river,2,48,567452.051,5626313.353,draft
point_alpha_corridor,361,river,2,49,567495.101,5626319.986,draft
point_alpha_corridor,361,river,2,50,567517.977,5626352.823,draft
point_alpha_corridor,361,river,2,51,567517.396,5626381.409,draft
point_alpha_corridor,361,river,2,52,567510.398,5626413.042,draft
point_alpha_corridor,361,river,2,53,567496.724,5626460.426,draft
point_alpha_corridor,361,river,2,54,567511.895,5626495.687,draft
point_alpha_corridor,361,river,2,55,567533.224,5626540.606,draft
point_alpha_corridor,361,river,2,56,567529.338,5626575.48,draft
point_alpha_corridor,361,river,2,57,567503.347,5626603.549,draft
point_alpha_corridor,361,river,2,58,567483.644,5626634.923,draft
point_alpha_corridor,361,river,2,59,567485.981,5626676.278,draft
point_alpha_corridor,361,river,2,60,567523.321,5626715.168,draft
point_alpha_corridor,361,river,2,61,567533.108,5626739.351,draft
point_alpha_corridor,361,river,2,62,567541.474,5626760.022,draft
point_alpha_corridor,361,river,2,63,567527.994,5626797.878,draft
point_alpha_corridor,361,river,2,64,567484.553,5626806.185,draft
point_alpha_corridor,361,river,2,65,567442.108,5626802.487,draft
point_alpha_corridor,361,river,2,66,567425.516,5626837.102,draft
point_alpha_corridor,361,river,2,67,567440.364,5626888.244,draft
point_alpha_corridor,361,river,2,68,567474.592,5626923.893,draft
point_alpha_corridor,361,river,2,69,567486.07,5626984.499,draft
point_alpha_corridor,361,river,2,70,567485.166,5627028.965,draft
point_alpha_corridor,361,river,2,71,567500.078,5627076.931,draft
point_alpha_corridor,361,river,2,72,567537.353,5627118.997,draft
point_alpha_corridor,361,river,2,73,567593.621,5627164.626,draft
point_alpha_corridor,361,river,2,74,567646.841,5627203.838,draft
point_alpha_corridor,361,river,2,75,567687.357,5627242.792,draft
point_alpha_corridor,361,river,2,76,567711.475,5627306.832,draft
point_alpha_corridor,361,river,2,77,567722.947,5627400.477,draft
point_alpha_corridor,362,river,3,0,567722.947,5627400.477,draft
point_alpha_corridor,362,river,3,1,567727.116,5627495.396,draft
point_alpha_corridor,362,river,3,2,567739.65,5627530.074,draft
point_alpha_corridor,362,river,3,3,567757.371,5627570.153,draft
point_alpha_corridor,362,river,3,4,567783.248,5627599.806,draft
point_alpha_corridor,362,river,3,5,567806.423,5627632.053,draft
point_alpha_corridor,362,river,3,6,567813.826,5627658.683,draft
point_alpha_corridor,362,river,3,7,567812.739,5627709.545,draft
point_alpha_corridor,362,river,3,8,567776.896,5627798.888,draft
point_alpha_corridor,362,river,3,9,567759.812,5627851.582,draft
point_alpha_corridor,362,river,3,10,567763.472,5627917.709,draft
point_alpha_corridor,362,river,3,11,567816.259,5628077.908,draft
point_alpha_corridor,362,river,3,12,567863.166,5628231.982,draft
point_alpha_corridor,362,river,3,13,567906.779,5628301.924,draft
point_alpha_corridor,362,river,3,14,567958.498,5628367.026,draft
point_alpha_corridor,362,river,3,15,568010.724,5628407.119,draft
point_alpha_corridor,362,river,3,16,568083.837,5628453.641,draft
point_alpha_corridor,362,river,3,17,568433.761,5628667.919,draft
point_alpha_corridor,362,river,3,18,568499.871,5628714.299,draft
point_alpha_corridor,362,river,3,19,568546.461,5628736.263,draft
point_alpha_corridor,362,river,3,20,568618.0,5628761.736,draft
point_alpha_corridor,362,river,3,21,568736.293,5628801.171,draft
point_alpha_corridor,362,river,3,22,568910.672,5628887.782,draft
point_alpha_corridor,362,river,3,23,569149.57,5629049.764,draft
point_alpha_corridor,362,river,3,24,569203.412,5629108.905,draft
point_alpha_corridor,362,river,3,25,569226.444,5629157.411,draft
point_alpha_corridor,362,river,3,26,569236.696,5629194.649,draft
point_alpha_corridor,362,river,3,27,569241.006,5629228.764,draft
point_alpha_corridor,362,river,3,28,569239.603,5629297.79,draft
point_alpha_corridor,362,river,3,29,569226.605,5629395.603,draft
point_alpha_corridor,362,river,3,30,569198.094,5629518.121,draft
point_alpha_corridor,362,river,3,31,569175.072,5629616.732,draft
point_alpha_corridor,362,river,3,32,569156.052,5629715.424,draft
point_alpha_corridor,362,river,3,33,569111.989,5629913.686,draft
point_alpha_corridor,362,river,3,34,569105.132,5629955.58,draft
point_alpha_corridor,362,river,3,35,569106.177,5630002.639,draft
point_alpha_corridor,362,river,3,36,569118.165,5630052.922,draft
point_alpha_corridor,362,river,3,37,569139.811,5630120.415,draft
point_alpha_corridor,363,river,2,0,560671.949,5621487.581,draft
point_alpha_corridor,363,river,2,1,560753.108,5621559.135,draft
point_alpha_corridor,363,river,2,2,560836.6,5621620.145,draft
point_alpha_corridor,363,river,2,3,560909.72,5621670.352,draft
point_alpha_corridor,363,river,2,4,560959.721,5621711.616,draft
point_alpha_corridor,363,river,2,5,561027.091,5621732.051,draft
point_alpha_corridor,363,river,2,6,561114.689,5621799.499,draft
point_alpha_corridor,363,river,2,7,561172.63,5621848.497,draft
point_alpha_corridor,363,river,2,8,561254.536,5621904.788,draft
point_alpha_corridor,363,river,2,9,561290.959,5621934.551,draft
point_alpha_corridor,363,river,2,10,561344.963,5621985.688,draft
point_alpha_corridor,363,river,2,11,561576.359,5622114.732,draft
point_alpha_corridor,363,river,2,12,561661.017,5622170.47,draft
point_alpha_corridor,363,river,2,13,561679.041,5622221.676,draft
point_alpha_corridor,363,river,2,14,561735.179,5622273.656,draft
point_alpha_corridor,363,river,2,15,561791.639,5622309.756,draft
point_alpha_corridor,363,river,2,16,561854.065,5622365.042,draft
point_alpha_corridor,363,river,2,17,561925.502,5622445.931,draft
point_alpha_corridor,363,river,2,18,561968.612,5622513.534,draft
point_alpha_corridor,363,river,2,19,561980.155,5622570.963,draft
point_alpha_corridor,363,river,2,20,562004.208,5622638.179,draft
point_alpha_corridor,363,river,2,21,562047.835,5622680.373,draft
point_alpha_corridor,363,river,2,22,562098.365,5622729.994,draft
point_alpha_corridor,363,river,2,23,562132.02,5622751.268,draft
point_alpha_corridor,363,river,2,24,562190.289,5622789.481,draft
point_alpha_corridor,363,river,2,25,562251.477,5622831.757,draft
point_alpha_corridor,363,river,2,26,562291.821,5622865.603,draft
point_alpha_corridor,363,river,2,27,562321.312,5622893.725,draft
point_alpha_corridor,363,river,2,28,562379.535,5622931.781,draft
point_alpha_corridor,363,river,2,29,562467.306,5622990.76,draft
point_alpha_corridor,363,river,2,30,562536.342,5623033.471,draft
point_alpha_corridor,363,river,2,31,562605.378,5623076.181,draft
point_alpha_corridor,363,river,2,32,562646.603,5623080.197,draft
point_alpha_corridor,363,river,2,33,562684.911,5623071.443,draft
point_alpha_corridor,363,river,2,34,562732.424,5623078.764,draft
point_alpha_corridor,363,river,2,35,562838.775,5623134.923,draft
point_alpha_corridor,363,river,2,36,562968.798,5623209.382,draft
point_alpha_corridor,363,river,2,37,562997.267,5623241.735,draft
point_alpha_corridor,363,river,2,38,563068.192,5623269.656,draft
point_alpha_corridor,363,river,2,39,563128.854,5623281.481,draft
point_alpha_corridor,363,river,2,40,563226.839,5623280.825,draft
point_alpha_corridor,363,river,2,41,563339.355,5623273.198,draft
point_alpha_corridor,363,river,2,42,563401.316,5623277.46,draft
point_alpha_corridor,363,river,2,43,563442.25,5623282.296,draft
point_alpha_corridor,363,river,2,44,563503.028,5623295.54,draft
point_alpha_corridor,363,river,2,45,563609.579,5623321.725,draft
point_alpha_corridor,363,river,2,46,563678.055,5623350.138,draft
point_alpha_corridor,363,river,2,47,563811.803,5623416.907,draft
point_alpha_corridor,363,river,2,48,563832.689,5623423.336,draft
point_alpha_corridor,363,river,2,49,563854.697,5623423.783,draft
point_alpha_corridor,363,river,2,50,563875.969,5623411.206,draft
point_alpha_corridor,363,river,2,51,563904.386,5623391.768,draft
point_alpha_corridor,363,river,2,52,563979.104,5623359.26,draft
point_alpha_corridor,363,river,2,53,564014.3,5623350.969,draft
point_alpha_corridor,363,river,2,54,564062.358,5623349.944,draft
point_alpha_corridor,364,river,1,0,565679.507,5609658.82,draft
point_alpha_corridor,364,river,1,1,565718.784,5609741.529,draft
point_alpha_corridor,364,river,1,2,565758.7,5609792.747,draft
point_alpha_corridor,364,river,1,3,565792.381,5609840.687,draft
point_alpha_corridor,364,river,1,4,565815.476,5609922.975,draft
point_alpha_corridor,364,river,1,5,565848.916,5609971.316,draft
point_alpha_corridor,364,river,1,6,565905.587,5610049.255,draft
point_alpha_corridor,364,river,1,7,565933.734,5610097.488,draft
point_alpha_corridor,364,river,1,8,565971.89,5610304.795,draft
point_alpha_corridor,364,river,1,9,565997.929,5610313.067,draft
point_alpha_corridor,364,river,1,10,566025.087,5610305.675,draft
point_alpha_corridor,364,river,1,11,566051.815,5610315.787,draft
point_alpha_corridor,364,river,1,12,566061.289,5610335.737,draft
point_alpha_corridor,364,river,1,13,566081.335,5610391.749,draft
point_alpha_corridor,364,river,1,14,566090.847,5610444.9,draft
point_alpha_corridor,364,river,1,15,566089.45,5610513.716,draft
point_alpha_corridor,364,river,1,16,566064.393,5610574.108,draft
point_alpha_corridor,364,river,1,17,566063.103,5610637.63,draft
point_alpha_corridor,364,river,1,18,566059.891,5610926.182,draft
point_alpha_corridor,364,river,1,19,566066.381,5610997.806,draft
point_alpha_corridor,364,river,1,20,566078.271,5611064.244,draft
point_alpha_corridor,364,river,1,21,566100.211,5611157.365,draft
point_alpha_corridor,364,river,1,22,566133.275,5611224.233,draft
point_alpha_corridor,364,river,1,23,566176.819,5611296.61,draft
point_alpha_corridor,364,river,1,24,566196.811,5611355.269,draft
point_alpha_corridor,364,river,1,25,566201.191,5611400.371,draft
point_alpha_corridor,364,river,1,26,566202.333,5611474.535,draft
point_alpha_corridor,364,river,1,27,566211.63,5611538.272,draft
point_alpha_corridor,364,river,1,28,566237.13,5611586.452,draft
point_alpha_corridor,364,river,1,29,566278.565,5611632.307,draft
point_alpha_corridor,364,river,1,30,566301.365,5611683.079,draft
point_alpha_corridor,364,river,1,31,566316.224,5611733.69,draft
point_alpha_corridor,364,river,1,32,566334.744,5611842.185,draft
point_alpha_corridor,364,river,1,33,566349.632,5611897.53,draft
point_alpha_corridor,364,river,1,34,566368.441,5611956.957,draft
point_alpha_corridor,364,river,1,35,566389.351,5612011.423,draft
point_alpha_corridor,364,river,1,36,566415.041,5612076.994,draft
point_alpha_corridor,365,river,2,0,566934.779,5623067.864,draft
point_alpha_corridor,365,river,2,1,566886.566,5623181.552,draft
point_alpha_corridor,365,river,2,2,566878.232,5623244.813,draft
point_alpha_corridor,365,river,2,3,566871.537,5623295.637,draft
point_alpha_corridor,365,river,2,4,566853.72,5623390.599,draft
point_alpha_corridor,365,river,2,5,566817.168,5623469.294,draft
point_alpha_corridor,365,river,2,6,566708.287,5623667.263,draft
point_alpha_corridor,365,river,2,7,566684.568,5623739.863,draft
point_alpha_corridor,365,river,2,8,566673.592,5623810.899,draft
point_alpha_corridor,365,river,2,9,566672.393,5623869.893,draft
point_alpha_corridor,365,river,2,10,566661.767,5623923.695,draft
point_alpha_corridor,365,river,2,11,566628.908,5623977.044,draft
point_alpha_corridor,365,river,2,12,566589.825,5624023.912,draft
point_alpha_corridor,365,river,2,13,566541.472,5624057.882,draft
point_alpha_corridor,365,river,2,14,566491.94,5624090.621,draft
point_alpha_corridor,365,river,2,15,566457.084,5624145.136,draft
point_alpha_corridor,365,river,2,16,566430.706,5624192.263,draft
point_alpha_corridor,365,river,2,17,566426.819,5624227.136,draft
point_alpha_corridor,365,river,2,18,566451.196,5624278.471,draft
point_alpha_corridor,365,river,2,19,566491.905,5624307.896,draft
point_alpha_corridor,365,river,2,20,566523.151,5624333.951,draft
point_alpha_corridor,365,river,2,21,566547.721,5624375.758,draft
point_alpha_corridor,365,river,2,22,566587.849,5624433.769,draft
point_alpha_corridor,365,river,2,23,566634.588,5624479.204,draft
point_alpha_corridor,365,river,2,24,566678.215,5624521.398,draft
point_alpha_corridor,365,river,2,25,566696.929,5624551.557,draft
point_alpha_corridor,366,river,2,0,569164.155,5613490.935,draft
point_alpha_corridor,366,river,2,1,569105.08,5613531.504,draft
point_alpha_corridor,366,river,2,2,569070.242,5613551.98,draft
point_alpha_corridor,366,river,2,3,569019.953,5613550.959,draft
point_alpha_corridor,366,river,2,4,568977.765,5613542.159,draft
point_alpha_corridor,366,river,2,5,568932.985,5613530.658,draft
point_alpha_corridor,366,river,2,6,568890.475,5613537.738,draft
point_alpha_corridor,366,river,2,7,568860.769,5613566.262,draft
point_alpha_corridor,366,river,2,8,568849.214,5613613.689,draft
point_alpha_corridor,366,river,2,9,568850.786,5613666.679,draft
point_alpha_corridor,366,river,2,10,568844.31,5613724.801,draft
point_alpha_corridor,366,river,2,11,568824.6,5613782.654,draft
point_alpha_corridor,366,river,2,12,568772.733,5613859.018,draft
point_alpha_corridor,366,river,2,13,568608.862,5614091.062,draft
point_alpha_corridor,366,river,2,14,568592.501,5614156.029,draft
point_alpha_corridor,366,river,2,15,568590.867,5614236.492,draft
point_alpha_corridor,366,river,2,16,568597.703,5614317.127,draft
point_alpha_corridor,366,river,2,17,568577.571,5614369.675,draft
point_alpha_corridor,367,river,1,0,572593.17,5624357.955,draft
point_alpha_corridor,367,river,1,1,572421.974,5624338.589,draft
point_alpha_corridor,367,river,1,2,572196.333,5624340.358,draft
point_alpha_corridor,367,river,1,3,572119.783,5624354.69,draft
point_alpha_corridor,367,river,1,4,572049.259,5624385.032,draft
point_alpha_corridor,367,river,1,5,571962.407,5624437.285,draft
point_alpha_corridor,367,river,1,6,571872.373,5624489.474,draft
point_alpha_corridor,367,river,1,7,571862.482,5624496.828,draft
point_alpha_corridor,367,river,1,8,571721.072,5624601.929,draft
point_alpha_corridor,367,river,1,9,571585.238,5624702.888,draft
point_alpha_corridor,367,river,1,10,571543.239,5624736.987,draft
point_alpha_corridor,367,river,1,11,571494.047,5624812.248,draft
point_alpha_corridor,367,river,1,12,571442.13,5624865.21,draft
point_alpha_corridor,367,river,1,13,571390.599,5624899.118,draft
point_alpha_corridor,367,river,1,14,571297.78,5624932.184,draft
point_alpha_corridor,367,river,1,15,571221.165,5624949.693,draft
point_alpha_corridor,367,river,1,16,571169.764,5624977.245,draft
point_alpha_corridor,367,river,1,17,571117.846,5625030.206,draft
point_alpha_corridor,367,river,1,18,570821.064,5625405.479,draft
point_alpha_corridor,367,river,1,19,570785.222,5625449.236,draft
point_alpha_corridor,367,river,1,20,570771.42,5625502.972,draft
point_alpha_corridor,367,river,1,21,570715.372,5625759.212,draft
point_alpha_corridor,367,river,1,22,570714.404,5625806.855,draft
point_alpha_corridor,367,river,1,23,570713.306,5625860.851,draft
point_alpha_corridor,367,river,1,24,570718.328,5626239.079,draft
point_alpha_corridor,367,river,1,25,570735.449,5626334.752,draft
point_alpha_corridor,367,river,1,26,570752.828,5626417.722,draft
point_alpha_corridor,367,river,1,27,570771.995,5626488.52,draft
point_alpha_corridor,367,river,1,28,570763.084,5626584.601,draft
point_alpha_corridor,367,river,1,29,570748.289,5626661.091,draft
point_alpha_corridor,367,river,1,30,570733.603,5626732.287,draft
point_alpha_corridor,367,river,1,31,570725.093,5626820.999,draft
point_alpha_corridor,367,river,1,32,570734.7,5626938.848,draft
point_alpha_corridor,367,river,1,33,570754.422,5627010.743,draft
point_alpha_corridor,367,river,1,34,570758.209,5627084.963,draft
point_alpha_corridor,367,river,1,35,570738.498,5627142.817,draft
point_alpha_corridor,367,river,1,36,570702.797,5627205.642,draft
point_alpha_corridor,367,river,1,37,570602.004,5627312.89,draft
point_alpha_corridor,367,river,1,38,570566.868,5627468.815,draft
point_alpha_corridor,367,river,1,39,570558.003,5627508.151,draft
point_alpha_corridor,367,river,1,40,570517.388,5627599.064,draft
point_alpha_corridor,367,river,1,41,570513.235,5627673.122,draft
point_alpha_corridor,367,river,1,42,570535.711,5627739.777,draft
point_alpha_corridor,367,river,1,43,570552.463,5627827.5,draft
point_alpha_corridor,367,river,1,44,570528.983,5627901.874,draft
point_alpha_corridor,367,river,1,45,570545.413,5628168.477,draft
point_alpha_corridor,367,river,1,46,570607.495,5628370.983,draft
point_alpha_corridor,367,river,1,47,570619.707,5628421.542,draft
point_alpha_corridor,367,river,1,48,570626.142,5628501.575,draft
point_alpha_corridor,367,river,1,49,570635.492,5628562.668,draft
point_alpha_corridor,367,river,1,50,570655.699,5628610.741,draft
point_alpha_corridor,367,river,1,51,570710.368,5628656.868,draft
point_alpha_corridor,367,river,1,52,570789.127,5628690.244,draft
point_alpha_corridor,367,river,1,53,570867.672,5628734.208,draft
point_alpha_corridor,367,river,1,54,570924.988,5628780.389,draft
point_alpha_corridor,367,river,1,55,570979.442,5628837.102,draft
point_alpha_corridor,367,river,1,56,571089.544,5629022.049,draft
point_alpha_corridor,367,river,1,57,571264.687,5629263.925,draft
point_alpha_corridor,367,river,1,58,571328.598,5629376.438,draft
point_alpha_corridor,367,river,1,59,571356.745,5629424.674,draft
point_alpha_corridor,367,river,1,60,571391.218,5629552.476,draft
point_alpha_corridor,367,river,1,61,571412.09,5629828.287,draft
point_alpha_corridor,367,river,1,62,571436.299,5629939.993,draft
point_alpha_corridor,367,river,1,63,571477.256,5630055.879,draft
point_alpha_corridor,368,river,1,0,574321.245,5623408.309,draft
point_alpha_corridor,368,river,1,1,574377.576,5623443.48,draft
point_alpha_corridor,368,river,1,2,574425.167,5623465.464,draft
point_alpha_corridor,368,river,1,3,574491.705,5623490.835,draft
point_alpha_corridor,368,river,1,4,574542.217,5623516.881,draft
point_alpha_corridor,368,river,1,5,574572.741,5623541.52,draft
point_alpha_corridor,368,river,1,6,574599.263,5623566.078,draft
point_alpha_corridor,368,river,1,7,574619.641,5623597.517,draft
point_alpha_corridor,368,river,1,8,574676.521,5623702.638,draft
point_alpha_corridor,368,river,1,9,574728.114,5623769.885,draft
point_alpha_corridor,368,river,1,10,574790.294,5623837.347,draft
point_alpha_corridor,368,river,1,11,574839.724,5623880.718,draft
point_alpha_corridor,368,river,1,12,574883.43,5623945.157,draft
point_alpha_corridor,368,river,1,13,574919.142,5624012.081,draft
point_alpha_corridor,368,river,1,14,574976.405,5624060.908,draft
point_alpha_corridor,368,river,1,15,575028.374,5624109.627,draft
point_alpha_corridor,368,river,1,16,575058.792,5624176.443,draft
point_alpha_corridor,368,river,1,17,575067.82,5624253.417,draft
point_alpha_corridor,368,river,1,18,575042.492,5624327.045,draft
point_alpha_corridor,368,river,1,19,574996.582,5624371.128,draft
point_alpha_corridor,368,river,1,20,574950.725,5624412.563,draft
point_alpha_corridor,368,river,1,21,574946.787,5624476.034,draft
point_alpha_corridor,368,river,1,22,574977.635,5624521.676,draft
point_alpha_corridor,368,river,1,23,575029.981,5624551.867,draft
point_alpha_corridor,368,river,1,24,575066.123,5624597.617,draft
point_alpha_corridor,368,river,1,25,575099.671,5624640.666,draft
point_alpha_corridor,368,river,1,26,575143.861,5624681.283,draft
point_alpha_corridor,368,river,1,27,575166.715,5624729.41,draft
point_alpha_corridor,368,river,1,28,575165.424,5624792.935,draft
point_alpha_corridor,368,river,1,29,575143.174,5624845.442,draft
point_alpha_corridor,368,river,1,30,575102.826,5624876.397,draft
point_alpha_corridor,368,river,1,31,575040.496,5624946.626,draft
point_alpha_corridor,368,river,1,32,574991.669,5625003.889,draft
point_alpha_corridor,368,river,1,33,574979.791,5625067.198,draft
point_alpha_corridor,368,river,1,34,574978.285,5625141.31,draft
point_alpha_corridor,368,river,1,35,574984.774,5625212.937,draft
point_alpha_corridor,368,river,1,36,575017.946,5625274.514,draft
point_alpha_corridor,368,river,1,37,575064.514,5625328.419,draft
point_alpha_corridor,368,river,1,38,575108.65,5625371.683,draft
point_alpha_corridor,368,river,1,39,575123.724,5625411.709,draft
point_alpha_corridor,368,river,1,40,575148.562,5625444.729,draft
point_alpha_corridor,368,river,1,41,575143.345,5625493.351,draft
point_alpha_corridor,368,river,1,42,575122.78,5625553.711,draft
point_alpha_corridor,368,river,1,43,575053.895,5625680.774,draft
point_alpha_corridor,368,river,1,44,575018.142,5625740.825,draft
point_alpha_corridor,368,river,1,45,575003.408,5625786.109,draft
point_alpha_corridor,368,river,1,46,574995.018,5625859.149,draft
point_alpha_corridor,368,river,1,47,574977.641,5625966.538,draft
point_alpha_corridor,368,river,1,48,574952.569,5626044.764,draft
point_alpha_corridor,368,river,1,49,574902.588,5626125.246,draft
point_alpha_corridor,368,river,1,50,574810.454,5626240.785,draft
point_alpha_corridor,368,river,1,51,574776.306,5626289.819,draft
point_alpha_corridor,368,river,1,52,574759.912,5626348.882,draft
point_alpha_corridor,368,river,1,53,574761.841,5626410.579,draft
point_alpha_corridor,368,river,1,54,574800.576,5626459.029,draft
point_alpha_corridor,368,river,1,55,574815.489,5626506.995,draft
point_alpha_corridor,368,river,1,56,574800.964,5626570.251,draft
point_alpha_corridor,368,river,1,57,574763.262,5626601.26,draft
point_alpha_corridor,368,river,1,58,574703.471,5626676.836,draft
point_alpha_corridor,368,river,1,59,574678.627,5626726.642,draft
point_alpha_corridor,368,river,1,60,574661.826,5626765.757,draft
point_alpha_corridor,368,river,1,61,574616.034,5626792.478,draft
point_alpha_corridor,368,river,1,62,574564.532,5626812.573,draft
point_alpha_corridor,368,river,1,63,574490.137,5626832.203,draft
point_alpha_corridor,368,river,1,64,574394.715,5626846.121,draft
point_alpha_corridor,368,river,1,65,574339.799,5626860.861,draft
point_alpha_corridor,368,river,1,66,574300.446,5626890.012,draft
point_alpha_corridor,368,river,1,67,574273.314,5626924.697,draft
point_alpha_corridor,368,river,1,68,574265.554,5626959.776,draft
point_alpha_corridor,368,river,1,69,574268.396,5626993.309,draft
point_alpha_corridor,368,river,1,70,574288.885,5627025.438,draft
point_alpha_corridor,368,river,1,71,574329.068,5627042.111,draft
point_alpha_corridor,368,river,1,72,574370.098,5627062.216,draft
point_alpha_corridor,368,river,1,73,574384.534,5627090.531,draft
point_alpha_corridor,368,river,1,74,574388.987,5627117.644,draft
point_alpha_corridor,368,river,1,75,574386.437,5627144.613,draft
point_alpha_corridor,368,river,1,76,574370.252,5627202.331,draft
point_alpha_corridor,368,river,1,77,574192.583,5627573.02,draft
point_alpha_corridor,368,river,1,78,574144.227,5627687.129,draft
point_alpha_corridor,368,river,1,79,574131.531,5627720.898,draft
point_alpha_corridor,368,river,1,80,574130.616,5627765.915,draft
point_alpha_corridor,368,river,1,81,574129.863,5627802.93,draft
point_alpha_corridor,368,river,1,82,574135.012,5627845.068,draft
point_alpha_corridor,368,river,1,83,574150.375,5627975.484,draft
point_alpha_corridor,368,river,1,84,574160.611,5628062.762,draft
point_alpha_corridor,368,river,1,85,574163.637,5628110.862,draft
point_alpha_corridor,368,river,1,86,574167.927,5628145.977,draft
point_alpha_corridor,368,river,1,87,574169.318,5628176.03,draft
point_alpha_corridor,368,river,1,88,574168.688,5628207.042,draft
point_alpha_corridor,368,river,1,89,574148.237,5628277.683,draft
point_alpha_corridor,368,river,1,90,574098.164,5628377.746,draft
point_alpha_corridor,368,river,1,91,574012.814,5628490.103,draft
point_alpha_corridor,368,river,1,92,573950.798,5628586.921,draft
point_alpha_corridor,368,river,1,93,573846.816,5628715.654,draft
point_alpha_corridor,368,river,1,94,573767.335,5628827.141,draft
point_alpha_corridor,368,river,1,95,573729.095,5628884.619,draft
point_alpha_corridor,368,river,1,96,573693.287,5628952.738,draft
point_alpha_corridor,368,river,1,97,573662.503,5629034.199,draft
point_alpha_corridor,368,river,1,98,573634.797,5629094.539,draft
point_alpha_corridor,368,river,1,99,573599.204,5629152.07,draft
point_alpha_corridor,368,river,1,100,573569.228,5629193.828,draft
point_alpha_corridor,368,river,1,101,573515.335,5629232.593,draft
point_alpha_corridor,368,river,1,102,573451.152,5629270.867,draft
point_alpha_corridor,368,river,1,103,573386.766,5629311.925,draft
point_alpha_corridor,368,river,1,104,573338.316,5629350.66,draft
point_alpha_corridor,368,river,1,105,573297.644,5629397.496,draft
point_alpha_corridor,368,river,1,106,573262.105,5629452.381,draft
point_alpha_corridor,368,river,1,107,573242.931,5629483.767,draft
point_alpha_corridor,368,river,1,108,573213.439,5629501.703,draft
point_alpha_corridor,368,river,1,109,573173.521,5629511.483,draft
point_alpha_corridor,368,river,1,110,573130.579,5629539.738,draft
point_alpha_corridor,368,river,1,111,573111.459,5629568.477,draft
point_alpha_corridor,368,river,1,112,573097.472,5629605.264,draft
point_alpha_corridor,368,river,1,113,573067.764,5629633.787,draft
point_alpha_corridor,368,river,1,114,573022.176,5629661.988,draft
point_alpha_corridor,368,river,1,115,572957.521,5629716.281,draft
point_alpha_corridor,368,river,1,116,572914.31,5629757.77,draft
point_alpha_corridor,368,river,1,117,572884.71,5629781.0,draft
point_alpha_corridor,368,river,1,118,572852.679,5629793.588,draft
point_alpha_corridor,368,river,1,119,572812.868,5629798.075,draft
point_alpha_corridor,368,river,1,120,572770.788,5629783.98,draft
point_alpha_corridor,368,river,1,121,572720.908,5629763.882,draft
point_alpha_corridor,368,river,1,122,572684.016,5629757.127,draft
point_alpha_corridor,368,river,1,123,572634.997,5629756.131,draft
point_alpha_corridor,368,river,1,124,572579.792,5629764.016,draft
point_alpha_corridor,368,river,1,125,572484.284,5629787.797,draft
point_alpha_corridor,368,river,1,126,572386.091,5629840.142,draft
point_alpha_corridor,368,river,1,127,572301.347,5629873.447,draft
point_alpha_corridor,368,river,1,128,572229.872,5629894.012,draft
point_alpha_corridor,368,river,1,129,572184.794,5629896.097,draft
point_alpha_corridor,368,river,1,130,571908.11,5629820.416,draft
point_alpha_corridor,368,river,1,131,571842.573,5629795.065,draft
point_alpha_corridor,368,river,1,132,571816.766,5629784.532,draft
point_alpha_corridor,368,river,1,133,571765.584,5629791.498,draft
point_alpha_corridor,368,river,1,134,571721.14,5629811.611,draft
point_alpha_corridor,368,river,1,135,571687.13,5629859.959,draft
point_alpha_corridor,368,river,1,136,571477.256,5630055.879,draft
point_alpha_corridor,369,river,2,0,564062.358,5623349.944,draft
point_alpha_corridor,369,river,2,1,564116.378,5623351.042,draft
point_alpha_corridor,369,river,2,2,564190.283,5623358.549,draft
point_alpha_corridor,369,river,2,3,564245.018,5623373.673,draft
point_alpha_corridor,369,river,2,4,564287.566,5623397.556,draft
point_alpha_corridor,369,river,2,5,564395.183,5623469.798,draft
point_alpha_corridor,369,river,2,6,564424.746,5623492.416,draft
point_alpha_corridor,369,river,2,7,564457.555,5623503.091,draft
point_alpha_corridor,369,river,2,8,564485.525,5623505.661,draft
point_alpha_corridor,369,river,2,9,564518.659,5623500.33,draft
point_alpha_corridor,369,river,2,10,564733.242,5623430.634,draft
point_alpha_corridor,369,river,2,11,564853.582,5623353.037,draft
point_alpha_corridor,369,river,2,12,564906.928,5623304.382,draft
point_alpha_corridor,369,river,2,13,564942.383,5623234.421,draft
point_alpha_corridor,369,river,2,14,564990.23,5623198.743,draft
point_alpha_corridor,369,river,2,15,565032.311,5623189.127,draft
point_alpha_corridor,369,river,2,16,565074.233,5623187.361,draft
point_alpha_corridor,369,river,2,17,565295.42,5623098.794,draft
point_alpha_corridor,369,river,2,18,565333.617,5623090.563,draft
point_alpha_corridor,369,river,2,19,565358.667,5623089.071,draft
point_alpha_corridor,369,river,2,20,565385.514,5623097.623,draft
point_alpha_corridor,369,river,2,21,565426.859,5623131.489,draft
point_alpha_corridor,369,river,2,22,565550.872,5623234.088,draft
point_alpha_corridor,370,river,1,0,563828.815,5611954.832,draft
point_alpha_corridor,370,river,1,1,563876.627,5612046.376,draft
point_alpha_corridor,370,river,1,2,563918.616,5612079.221,draft
point_alpha_corridor,370,river,1,3,563982.286,5612094.733,draft
point_alpha_corridor,370,river,1,4,564063.938,5612099.946,draft
point_alpha_corridor,370,river,1,5,564351.895,5612098.685,draft
point_alpha_corridor,370,river,1,6,564412.155,5612107.019,draft
point_alpha_corridor,370,river,1,7,564445.862,5612110.059,draft
point_alpha_corridor,370,river,1,8,564465.422,5612132.473,draft
point_alpha_corridor,370,river,1,9,564545.973,5612327.931,draft
point_alpha_corridor,370,river,1,10,564582.276,5612365.739,draft
point_alpha_corridor,370,river,1,11,564623.871,5612403.654,draft
point_alpha_corridor,370,river,1,12,564665.198,5612454.802,draft
point_alpha_corridor,370,river,1,13,564714.251,5612516.7,draft
point_alpha_corridor,370,river,1,14,564786.855,5612592.314,draft
point_alpha_corridor,370,river,1,15,564861.999,5612673.276,draft
point_alpha_corridor,370,river,1,16,564895.547,5612716.324,draft
point_alpha_corridor,370,river,1,17,564939.789,5612754.292,draft
point_alpha_corridor,370,river,1,18,564978.738,5612792.154,draft
point_alpha_corridor,370,river,1,19,565022.82,5612838.063,draft
point_alpha_corridor,370,river,1,20,565040.718,5612878.719,draft
point_alpha_corridor,370,river,1,21,565051.929,5612917.977,draft
point_alpha_corridor,370,river,1,22,565065.983,5612992.308,draft
point_alpha_corridor,370,river,1,23,565089.051,5613029.846,draft
point_alpha_corridor,370,river,1,24,565127.892,5613073.001,draft
point_alpha_corridor,370,river,1,25,565185.476,5613105.945,draft
point_alpha_corridor,370,river,1,26,565248.569,5613128.409,draft
point_alpha_corridor,370,river,1,27,565327.435,5613156.49,draft
point_alpha_corridor,370,river,1,28,565376.756,5613205.153,draft
point_alpha_corridor,370,river,1,29,565418.137,5613253.655,draft
point_alpha_corridor,370,river,1,30,565433.103,5613298.973,draft
point_alpha_corridor,370,river,1,31,565449.398,5613353.378,draft
point_alpha_corridor,370,river,1,32,565538.834,5613532.33,draft
point_alpha_corridor,370,river,1,33,565594.609,5613658.774,draft
point_alpha_corridor,370,river,1,34,565607.882,5613735.302,draft
point_alpha_corridor,370,river,1,35,565610.698,5613805.264,draft
point_alpha_corridor,370,river,1,36,565624.316,5613864.852,draft
point_alpha_corridor,370,river,1,37,565634.0,5613909.533,draft
point_alpha_corridor,370,river,1,38,565641.394,5613962.641,draft
point_alpha_corridor,370,river,1,39,565632.108,5614002.7,draft
point_alpha_corridor,370,river,1,40,565624.938,5614042.802,draft
point_alpha_corridor,370,river,1,41,565634.837,5614076.896,draft
point_alpha_corridor,370,river,1,42,565652.991,5614121.749,draft
point_alpha_corridor,370,river,1,43,565658.354,5614170.579,draft
point_alpha_corridor,370,river,1,44,565651.056,5614217.033,draft
point_alpha_corridor,370,river,1,45,565637.749,5614246.419,draft
point_alpha_corridor,370,river,1,46,565628.591,5614280.126,draft
point_alpha_corridor,370,river,1,47,565637.946,5614318.946,draft
point_alpha_corridor,370,river,1,48,565672.861,5614373.697,draft
point_alpha_corridor,370,river,1,49,565684.728,5614429.981,draft
point_alpha_corridor,370,river,1,50,565687.531,5614489.083,draft
point_alpha_corridor,370,river,1,51,565686.616,5614534.099,draft
point_alpha_corridor,370,river,1,52,565677.663,5614629.991,draft
point_alpha_corridor,370,river,1,53,565673.544,5614684.95,draft
point_alpha_corridor,370,river,1,54,565667.608,5614730.865,draft
point_alpha_corridor,370,river,1,55,565649.997,5614809.568,draft
point_alpha_corridor,370,river,1,56,565644.325,5614842.478,draft
point_alpha_corridor,370,river,1,57,565643.837,5614866.487,draft
point_alpha_corridor,370,river,1,58,565698.196,5614998.692,draft
point_alpha_corridor,370,river,1,59,565709.367,5615039.951,draft
point_alpha_corridor,370,river,1,60,565708.838,5615065.96,draft
point_alpha_corridor,370,river,1,61,565700.388,5615087.805,draft
point_alpha_corridor,370,river,1,62,565683.895,5615111.489,draft
point_alpha_corridor,370,river,1,63,565662.217,5615144.074,draft
point_alpha_corridor,370,river,1,64,565654.625,5615172.942,draft
point_alpha_corridor,370,river,1,65,565654.036,5615201.952,draft
point_alpha_corridor,370,river,1,66,565694.92,5615554.054,draft
point_alpha_corridor,370,river,1,67,565712.291,5615733.544,draft
point_alpha_corridor,370,river,1,68,565721.319,5615781.765,draft
point_alpha_corridor,370,river,1,69,565732.388,5615828.025,draft
point_alpha_corridor,370,river,1,70,565798.539,5615934.706,draft
point_alpha_corridor,370,river,1,71,565822.681,5615973.641,draft
point_alpha_corridor,370,river,1,72,565828.13,5616018.237,draft
point_alpha_corridor,370,river,1,73,565833.407,5616071.301,draft
point_alpha_corridor,370,river,1,74,565819.691,5616112.016,draft
point_alpha_corridor,370,river,1,75,565801.913,5616149.685,draft
point_alpha_corridor,370,river,1,76,565784.317,5616178.35,draft
point_alpha_corridor,370,river,1,77,565769.641,5616211.077,draft
point_alpha_corridor,370,river,1,78,565726.771,5616339.307,draft
point_alpha_corridor,370,river,1,79,565682.642,5616478.219,draft
point_alpha_corridor,370,river,1,80,565664.9,5616539.204,draft
point_alpha_corridor,370,river,1,81,565659.309,5616568.113,draft
point_alpha_corridor,370,river,1,82,565663.741,5616596.225,draft
point_alpha_corridor,370,river,1,83,565677.198,5616623.519,draft
point_alpha_corridor,370,river,1,84,565722.757,5616721.492,draft
point_alpha_corridor,370,river,1,85,565751.196,5616781.382,draft
point_alpha_corridor,370,river,1,86,565769.436,5616822.001,draft
point_alpha_corridor,370,river,1,87,565770.521,5616872.862,draft
point_alpha_corridor,370,river,1,88,565769.058,5616944.855,draft
point_alpha_corridor,370,river,1,89,565795.596,5616994.115,draft
point_alpha_corridor,370,river,1,90,565815.715,5617046.658,draft
point_alpha_corridor,370,river,1,91,565824.068,5617078.852,draft
point_alpha_corridor,370,river,1,92,565843.73,5617096.265,draft
point_alpha_corridor,370,river,1,93,566110.779,5617251.806,draft
point_alpha_corridor,370,river,1,94,566150.265,5617278.629,draft
point_alpha_corridor,370,river,1,95,566165.742,5617304.963,draft
point_alpha_corridor,370,river,1,96,566169.235,5617330.054,draft
point_alpha_corridor,370,river,1,97,566169.814,5617400.12,draft
point_alpha_corridor,370,river,1,98,566175.328,5617424.25,draft
point_alpha_corridor,370,river,1,99,566197.869,5617447.726,draft
point_alpha_corridor,370,river,1,100,566242.438,5617470.649,draft
point_alpha_corridor,370,river,1,101,566338.132,5617538.644,draft
point_alpha_corridor,370,river,1,102,566385.433,5617606.031,draft
point_alpha_corridor,370,river,1,103,566394.838,5617664.476,draft
point_alpha_corridor,370,river,1,104,566417.745,5617709.956,draft
point_alpha_corridor,370,river,1,105,566467.657,5617729.505,draft
point_alpha_corridor,370,river,1,106,566506.875,5617754.133,draft
point_alpha_corridor,370,river,1,107,566553.765,5617792.156,draft
point_alpha_corridor,370,river,1,108,566606.056,5617824.993,draft
point_alpha_corridor,370,river,1,109,566660.563,5617879.058,draft
point_alpha_corridor,370,river,1,110,566694.218,5617916.812,draft
point_alpha_corridor,370,river,1,111,566755.698,5618018.681,draft
point_alpha_corridor,370,river,1,112,566780.607,5618095.976,draft
point_alpha_corridor,370,river,1,113,566781.748,5618170.14,draft
point_alpha_corridor,370,river,1,114,566801.471,5618242.034,draft
point_alpha_corridor,370,river,1,115,566837.289,5618303.663,draft
point_alpha_corridor,370,river,1,116,566851.772,5618372.803,draft
point_alpha_corridor,370,river,1,117,566865.985,5618455.177,draft
point_alpha_corridor,370,river,1,118,566899.265,5618511.458,draft
point_alpha_corridor,370,river,1,119,566924.066,5618594.047,draft
point_alpha_corridor,370,river,1,120,566896.63,5618641.152,draft
point_alpha_corridor,370,river,1,121,566877.295,5618680.477,draft
point_alpha_corridor,370,river,1,122,566895.07,5618717.909,draft
point_alpha_corridor,370,river,1,123,566947.038,5618766.627,draft
point_alpha_corridor,370,river,1,124,567022.68,5618818.534,draft
point_alpha_corridor,370,river,1,125,567068.588,5618909.435,draft
point_alpha_corridor,370,river,1,126,567140.386,5619024.753,draft
point_alpha_corridor,370,river,1,127,567157.406,5619083.475,draft
point_alpha_corridor,371,river,3,0,567157.406,5619083.475,draft
point_alpha_corridor,371,river,3,1,567170.928,5619156.807,draft
point_alpha_corridor,371,river,3,2,567183.323,5619187.082,draft
point_alpha_corridor,371,river,3,3,567218.313,5619246.437,draft
point_alpha_corridor,371,river,3,4,567268.065,5619273.927,draft
point_alpha_corridor,371,river,3,5,567325.864,5619296.284,draft
point_alpha_corridor,371,river,3,6,567375.992,5619305.247,draft
point_alpha_corridor,371,river,3,7,567418.019,5619321.988,draft
point_alpha_corridor,371,river,3,8,567446.327,5619362.281,draft
point_alpha_corridor,371,river,3,9,567450.599,5619412.678,draft
point_alpha_corridor,371,river,3,10,567441.905,5619449.572,draft
point_alpha_corridor,371,river,3,11,567420.193,5619475.61,draft
point_alpha_corridor,371,river,3,12,567390.379,5619509.427,draft
point_alpha_corridor,371,river,3,13,567379.039,5619546.268,draft
point_alpha_corridor,371,river,3,14,567393.549,5619603.126,draft
point_alpha_corridor,372,river,1,0,574348.947,5613906.162,draft
point_alpha_corridor,372,river,1,1,574339.084,5613987.743,draft
point_alpha_corridor,372,river,1,2,574302.141,5614033.597,draft
point_alpha_corridor,372,river,1,3,574265.328,5614073.098,draft
point_alpha_corridor,372,river,1,4,574257.663,5614132.971,draft
point_alpha_corridor,372,river,1,5,574263.991,5614212.537,draft
point_alpha_corridor,372,river,1,6,574262.755,5614273.414,draft
point_alpha_corridor,372,river,1,7,574285.233,5614340.068,draft
point_alpha_corridor,372,river,1,8,574310.627,5614393.542,draft
point_alpha_corridor,372,river,1,9,574314.47,5614465.113,draft
point_alpha_corridor,372,river,1,10,574312.59,5614557.752,draft
point_alpha_corridor,372,river,1,11,574273.761,5614644.345,draft
point_alpha_corridor,372,river,1,12,574226.831,5614738.717,draft
point_alpha_corridor,372,river,1,13,574199.234,5614793.763,draft
point_alpha_corridor,372,river,1,14,574161.265,5614838.007,draft
point_alpha_corridor,372,river,1,15,574110.707,5614850.22,draft
point_alpha_corridor,372,river,1,16,574055.016,5614854.385,draft
point_alpha_corridor,372,river,1,17,573996.087,5614887.612,draft
point_alpha_corridor,372,river,1,18,573928.197,5614970.967,draft
point_alpha_corridor,372,river,1,19,573891.854,5615065.554,draft
point_alpha_corridor,372,river,1,20,573861.127,5615144.368,draft
point_alpha_corridor,372,river,1,21,573822.835,5615204.492,draft
point_alpha_corridor,372,river,1,22,573760.615,5615269.427,draft
point_alpha_corridor,372,river,1,23,573706.604,5615321.289,draft
point_alpha_corridor,372,river,1,24,573679.33,5615360.454,draft
point_alpha_corridor,372,river,1,25,573680.74,5615421.384,draft
point_alpha_corridor,372,river,1,26,573706.134,5615474.858,draft
point_alpha_corridor,372,river,1,27,573702.359,5615530.388,draft
point_alpha_corridor,372,river,1,28,573685.564,5615575.061,draft
point_alpha_corridor,372,river,1,29,573631.607,5615624.276,draft
point_alpha_corridor,372,river,1,30,573590.615,5615686.994,draft
point_alpha_corridor,372,river,1,31,573581.653,5615737.122,draft
point_alpha_corridor,372,river,1,32,573586.554,5615833.129,draft
point_alpha_corridor,372,river,1,33,573444.025,5616190.803,draft
point_alpha_corridor,372,river,1,34,573408.672,5616256.137,draft
point_alpha_corridor,372,river,1,35,573362.68,5616303.241,draft
point_alpha_corridor,372,river,1,36,573330.079,5616331.602,draft
point_alpha_corridor,372,river,1,37,573297.701,5616348.958,draft
point_alpha_corridor,372,river,1,38,573260.403,5616362.212,draft
point_alpha_corridor,372,river,1,39,573184.928,5616382.697,draft
point_alpha_corridor,372,river,1,40,573100.694,5616390.994,draft
point_alpha_corridor,372,river,1,41,572930.57,5616390.542,draft
point_alpha_corridor,372,river,1,42,572889.432,5616395.712,draft
point_alpha_corridor,372,river,1,43,572836.966,5616416.663,draft
point_alpha_corridor,372,river,1,44,572784.236,5616450.62,draft
point_alpha_corridor,372,river,1,45,572753.778,5616472.019,draft
point_alpha_corridor,372,river,1,46,572714.931,5616512.262,draft
point_alpha_corridor,372,river,1,47,572639.461,5616581.786,draft
point_alpha_corridor,372,river,1,48,572617.067,5616600.346,draft
point_alpha_corridor,372,river,1,49,572586.65,5616619.744,draft
point_alpha_corridor,372,river,1,50,572502.545,5616649.802,draft
point_alpha_corridor,372,river,1,51,572449.34,5616661.961,draft
point_alpha_corridor,372,river,1,52,572396.242,5616668.826,draft
point_alpha_corridor,372,river,1,53,572343.198,5616673.045,draft
point_alpha_corridor,372,river,1,54,572284.753,5616682.45,draft
point_alpha_corridor,372,river,1,55,572117.881,5616733.044,draft
point_alpha_corridor,372,river,1,56,572053.842,5616757.165,draft
point_alpha_corridor,372,river,1,57,571992.657,5616797.228,draft
point_alpha_corridor,372,river,1,58,571940.998,5616837.489,draft
point_alpha_corridor,372,river,1,59,571889.281,5616880.923,draft
point_alpha_corridor,372,river,1,60,571764.116,5616941.931,draft
point_alpha_corridor,372,river,1,61,571505.039,5617025.637,draft
point_alpha_corridor,372,river,1,62,571437.698,5617056.044,draft
point_alpha_corridor,372,river,1,63,571338.332,5617098.515,draft
point_alpha_corridor,372,river,1,64,571243.047,5617096.58,draft
point_alpha_corridor,372,river,1,65,571179.652,5617088.936,draft
point_alpha_corridor,372,river,1,66,571119.306,5617087.71,draft
point_alpha_corridor,372,river,1,67,571042.946,5617092.516,draft
point_alpha_corridor,372,river,1,68,570954.014,5617090.71,draft
point_alpha_corridor,372,river,1,69,570855.681,5617082.356,draft
point_alpha_corridor,372,river,1,70,570782.691,5617077.695,draft
point_alpha_corridor,372,river,1,71,570697.453,5617050.546,draft
point_alpha_corridor,372,river,1,72,570619.372,5617019.442,draft
point_alpha_corridor,372,river,1,73,570596.588,5617010.366,draft
point_alpha_corridor,372,river,1,74,570542.751,5616985.973,draft
point_alpha_corridor,372,river,1,75,570484.022,5616957.242,draft
point_alpha_corridor,372,river,1,76,570431.859,5616918.053,draft
point_alpha_corridor,372,river,1,77,570373.173,5616887.204,draft
point_alpha_corridor,372,river,1,78,570280.564,5616857.785,draft
point_alpha_corridor,372,river,1,79,570223.608,5616846.037,draft
point_alpha_corridor,372,river,1,80,570173.133,5616828.065,draft
point_alpha_corridor,372,river,1,81,570101.269,5616820.25,draft
point_alpha_corridor,372,river,1,82,569789.753,5616704.054,draft
point_alpha_corridor,372,river,1,83,569748.002,5616690.196,draft
point_alpha_corridor,372,river,1,84,569715.193,5616679.522,draft
point_alpha_corridor,372,river,1,85,569688.325,5616671.971,draft
point_alpha_corridor,372,river,1,86,569653.414,5616666.258,draft
point_alpha_corridor,372,river,1,87,569625.607,5616655.685,draft
point_alpha_corridor,372,river,1,88,569584.059,5616631.823,draft
point_alpha_corridor,372,river,1,89,569509.439,5616605.361,draft
point_alpha_corridor,372,river,1,90,569446.077,5616596.13,draft
point_alpha_corridor,372,river,1,91,569388.116,5616581.713,draft
point_alpha_corridor,372,river,1,92,569335.395,5616570.051,draft
point_alpha_corridor,372,river,1,93,569272.302,5616547.586,draft
point_alpha_corridor,372,river,1,94,568969.263,5616475.234,draft
point_alpha_corridor,372,river,1,95,568905.847,5616468.65,draft
point_alpha_corridor,372,river,1,96,568842.109,5616477.947,draft
point_alpha_corridor,372,river,1,97,568778.371,5616487.244,draft
point_alpha_corridor,372,river,1,98,568720.033,5616491.355,draft
point_alpha_corridor,372,river,1,99,568635.336,5616489.635,draft
point_alpha_corridor,372,river,1,100,568593.041,5616486.128,draft
point_alpha_corridor,372,river,1,101,568553.607,5616472.088,draft
point_alpha_corridor,372,river,1,102,568495.754,5616452.377,draft
point_alpha_corridor,372,river,1,103,568432.553,5616435.206,draft
point_alpha_corridor,372,river,1,104,568356.065,5616420.413,draft
point_alpha_corridor,372,river,1,105,568303.236,5616414.044,draft
point_alpha_corridor,372,river,1,106,568258.294,5616410.483,draft
point_alpha_corridor,372,river,1,107,568229.072,5616415.186,draft
point_alpha_corridor,372,river,1,108,568204.928,5616430.583,draft
point_alpha_corridor,372,river,1,109,568154.048,5616458.676,draft
point_alpha_corridor,372,river,1,110,568095.711,5616462.787,draft
point_alpha_corridor,372,river,1,111,568024.408,5616453.395,draft
point_alpha_corridor,372,river,1,112,567969.094,5616439.032,draft
point_alpha_corridor,372,river,1,113,567902.978,5616435.041,draft
point_alpha_corridor,372,river,1,114,567850.203,5616426.025,draft
point_alpha_corridor,372,river,1,115,567792.296,5616408.962,draft
point_alpha_corridor,372,river,1,116,567691.919,5616369.217,draft
point_alpha_corridor,372,river,1,117,567605.986,5616325.741,draft
point_alpha_corridor,372,river,1,118,567444.155,5616151.02,draft
point_alpha_corridor,372,river,1,119,567396.112,5616099.055,draft
point_alpha_corridor,372,river,1,120,567356.947,5616071.78,draft
point_alpha_corridor,372,river,1,121,567287.908,5616032.488,draft
point_alpha_corridor,373,river,2,0,567393.549,5619603.126,draft
point_alpha_corridor,373,river,2,1,567419.226,5619644.227,draft
point_alpha_corridor,373,river,2,2,567483.73,5619769.634,draft
point_alpha_corridor,373,river,2,3,567497.943,5619808.954,draft
point_alpha_corridor,373,river,2,4,567505.031,5619854.133,draft
point_alpha_corridor,373,river,2,5,567504.137,5619898.149,draft
point_alpha_corridor,373,river,2,6,567497.36,5619941.177,draft
point_alpha_corridor,373,river,2,7,567504.655,5619973.1,draft
point_alpha_corridor,373,river,2,8,567527.778,5620007.993,draft
point_alpha_corridor,373,river,2,9,567551.438,5620016.417,draft
point_alpha_corridor,373,river,2,10,567599.026,5620020.032,draft
point_alpha_corridor,373,river,2,11,567641.214,5620028.833,draft
point_alpha_corridor,373,river,2,12,567678.0,5620042.82,draft
point_alpha_corridor,373,river,2,13,567698.583,5620072.365,draft
point_alpha_corridor,373,river,2,14,567695.184,5620109.367,draft
point_alpha_corridor,373,river,2,15,567694.377,5620149.069,draft
point_alpha_corridor,373,river,2,16,567696.271,5620186.178,draft
point_alpha_corridor,373,river,2,17,567708.86,5620218.208,draft
point_alpha_corridor,373,river,2,18,567892.441,5620368.495,draft
point_alpha_corridor,373,river,2,19,567915.97,5620403.418,draft
point_alpha_corridor,373,river,2,20,567920.385,5620437.314,draft
point_alpha_corridor,373,river,2,21,567908.351,5620464.498,draft
point_alpha_corridor,373,river,2,22,567882.772,5620499.061,draft
point_alpha_corridor,374,river,3,0,566729.903,5616628.892,draft
point_alpha_corridor,374,river,3,1,566700.12,5616731.002,draft
point_alpha_corridor,374,river,3,2,566671.232,5616849.57,draft
point_alpha_corridor,374,river,3,3,566640.343,5616936.323,draft
point_alpha_corridor,374,river,3,4,566620.364,5617007.41,draft
point_alpha_corridor,374,river,3,5,566610.917,5617081.359,draft
point_alpha_corridor,374,river,3,6,566604.334,5617144.775,draft
point_alpha_corridor,374,river,3,7,566608.498,5617200.465,draft
point_alpha_corridor,374,river,3,8,566647.956,5617272.899,draft
point_alpha_corridor,374,river,3,9,566713.559,5617384.145,draft
point_alpha_corridor,374,river,3,10,566749.394,5617433.694,draft
point_alpha_corridor,374,river,3,11,566790.828,5617479.549,draft
point_alpha_corridor,374,river,3,12,566850.898,5617520.488,draft
point_alpha_corridor,374,river,3,13,566966.121,5617583.73,draft
point_alpha_corridor,374,river,3,14,567081.675,5617638.815,draft
point_alpha_corridor,374,river,3,15,567154.096,5617678.194,draft
point_alpha_corridor,374,river,3,16,567193.153,5617710.762,draft
point_alpha_corridor,374,river,3,17,567250.361,5617762.234,draft
point_alpha_corridor,374,river,3,18,567273.537,5617794.479,draft
point_alpha_corridor,374,river,3,19,567283.264,5617837.043,draft
point_alpha_corridor,374,river,3,20,567274.355,5617884.525,draft
point_alpha_corridor,374,river,3,21,567243.95,5617947.456,draft
point_alpha_corridor,374,river,3,22,567224.132,5618010.603,draft
point_alpha_corridor,374,river,3,23,567204.923,5618074.656,draft
point_alpha_corridor,374,river,3,24,567173.156,5618173.737,draft
point_alpha_corridor,374,river,3,25,567182.563,5618239.33,draft
point_alpha_corridor,374,river,3,26,567207.089,5618312.885,draft
point_alpha_corridor,374,river,3,27,567256.429,5618495.028,draft
point_alpha_corridor,374,river,3,28,567258.292,5618551.109,draft
point_alpha_corridor,374,river,3,29,567257.073,5618611.131,draft
point_alpha_corridor,374,river,3,30,567236.25,5618768.189,draft
point_alpha_corridor,374,river,3,31,567176.937,5619008.814,draft
point_alpha_corridor,374,river,3,32,567157.406,5619083.475,draft
point_alpha_corridor,375,river,2,0,567287.908,5616032.488,draft
point_alpha_corridor,375,river,2,1,567200.249,5616095.076,draft
point_alpha_corridor,375,river,2,2,567148.831,5616149.638,draft
point_alpha_corridor,375,river,2,3,567105.46,5616199.066,draft
point_alpha_corridor,375,river,2,4,567035.407,5616258.545,draft
point_alpha_corridor,375,river,2,5,566968.538,5616291.609,draft
point_alpha_corridor,375,river,2,6,566895.946,5616345.74,draft
point_alpha_corridor,375,river,2,7,566838.965,5616413.428,draft
point_alpha_corridor,375,river,2,8,566797.973,5616476.144,draft
point_alpha_corridor,375,river,2,9,566759.412,5616549.502,draft
point_alpha_corridor,375,river,2,10,566729.903,5616628.892,draft
point_alpha_corridor,376,river,2,0,567414.702,5622455.262,draft
point_alpha_corridor,376,river,2,1,567397.787,5622498.738,draft
point_alpha_corridor,376,river,2,2,567371.166,5622558.768,draft
point_alpha_corridor,376,river,2,3,567290.934,5622671.839,draft
point_alpha_corridor,376,river,2,4,567239.046,5622714.35,draft
point_alpha_corridor,376,river,2,5,567222.298,5622734.741,draft
point_alpha_corridor,376,river,2,6,567186.955,5622777.771,draft
point_alpha_corridor,376,river,2,7,567142.677,5622841.35,draft
point_alpha_corridor,376,river,2,8,567118.265,5622884.842,draft
point_alpha_corridor,376,river,2,9,567078.312,5622931.876,draft
point_alpha_corridor,376,river,2,10,567026.282,5622975.8,draft
point_alpha_corridor,376,river,2,11,566934.779,5623067.864,draft
point_alpha_corridor,377,river,3,0,567238.376,5622287.354,draft
point_alpha_corridor,377,river,3,1,567186.886,5622320.123,draft
point_alpha_corridor,377,river,3,2,567160.315,5622376.778,draft
point_alpha_corridor,377,river,3,3,567156.907,5622440.259,draft
point_alpha_corridor,377,river,3,4,567161.739,5622480.263,draft
point_alpha_corridor,377,river,3,5,567157.158,5622513.387,draft
point_alpha_corridor,377,river,3,6,567144.963,5622536.586,draft
point_alpha_corridor,377,river,3,7,567119.215,5622553.648,draft
point_alpha_corridor,377,river,3,8,567093.269,5622580.475,draft
point_alpha_corridor,377,river,3,9,567072.944,5622619.14,draft
point_alpha_corridor,377,river,3,10,567064.536,5622648.278,draft
point_alpha_corridor,377,river,3,11,567065.296,5622673.609,draft
point_alpha_corridor,377,river,3,12,567086.884,5622705.822,draft
point_alpha_corridor,377,river,3,13,567089.415,5622737.649,draft
point_alpha_corridor,377,river,3,14,567066.384,5622776.009,draft
point_alpha_corridor,377,river,3,15,566988.536,5622912.034,draft
point_alpha_corridor,377,river,3,16,566934.779,5623067.864,draft
point_alpha_corridor,378,river,2,0,567238.376,5622287.354,draft
point_alpha_corridor,378,river,2,1,567306.075,5622396.687,draft
point_alpha_corridor,378,river,2,2,567333.0,5622426.891,draft
point_alpha_corridor,378,river,2,3,567414.702,5622455.262,draft
point_alpha_corridor,379,river,1,0,563615.252,5610923.164,draft
point_alpha_corridor,379,river,1,1,563622.433,5611117.133,draft
point_alpha_corridor,379,river,1,2,563612.447,5611226.984,draft
point_alpha_corridor,379,river,1,3,563625.238,5611291.949,draft
point_alpha_corridor,379,river,1,4,563638.275,5611355.478,draft
point_alpha_corridor,379,river,1,5,563665.763,5611402.247,draft
point_alpha_corridor,379,river,1,6,563674.895,5611438.901,draft
point_alpha_corridor,379,river,1,7,563677.078,5611477.292,draft
point_alpha_corridor,379,river,1,8,563674.62,5611520.138,draft
point_alpha_corridor,379,river,1,9,563686.324,5611569.625,draft
point_alpha_corridor,379,river,1,10,563718.782,5611629.787,draft
point_alpha_corridor,379,river,1,11,563747.814,5611670.963,draft
point_alpha_corridor,379,river,1,12,563754.992,5611732.75,draft
point_alpha_corridor,379,river,1,13,563756.415,5611795.058,draft
point_alpha_corridor,379,river,1,14,563775.995,5611847.883,draft
point_alpha_corridor,379,river,1,15,563828.815,5611954.832,draft
point_alpha_corridor,380,river,1,0,567151.618,5609991.378,draft
point_alpha_corridor,380,river,1,1,567049.563,5610322.937,draft
point_alpha_corridor,380,river,1,2,567040.494,5610378.358,draft
point_alpha_corridor,380,river,1,3,567055.166,5610438.233,draft
point_alpha_corridor,380,river,1,4,567076.972,5610537.971,draft
point_alpha_corridor,380,river,1,5,567071.47,5610613.323,draft
point_alpha_corridor,380,river,1,6,567042.228,5610684.222,draft
point_alpha_corridor,380,river,1,7,566941.462,5610952.258,draft
point_alpha_corridor,380,river,1,8,566932.152,5611019.59,draft
point_alpha_corridor,380,river,1,9,566931.265,5611063.262,draft
point_alpha_corridor,380,river,1,10,566929.975,5611126.784,draft
point_alpha_corridor,380,river,1,11,566912.724,5611193.955,draft
point_alpha_corridor,380,river,1,12,566895.473,5611261.125,draft
point_alpha_corridor,380,river,1,13,566790.898,5611521.141,draft
point_alpha_corridor,380,river,1,14,566781.668,5611584.502,draft
point_alpha_corridor,380,river,1,15,566784.59,5611636.195,draft
point_alpha_corridor,380,river,1,16,566779.894,5611671.846,draft
point_alpha_corridor,380,river,1,17,566747.488,5611702.962,draft
point_alpha_corridor,380,river,1,18,566711.192,5611730.028,draft
point_alpha_corridor,380,river,1,19,566655.046,5611756.69,draft
point_alpha_corridor,380,river,1,20,566630.338,5611799.878,draft
point_alpha_corridor,380,river,1,21,566589.588,5611850.684,draft
point_alpha_corridor,380,river,1,22,566451.458,5612002.78,draft
point_alpha_corridor,380,river,1,23,566431.043,5612030.168,draft
point_alpha_corridor,380,river,1,24,566415.041,5612076.994,draft
point_alpha_corridor,381,river,1,0,562276.716,5616075.061,draft
point_alpha_corridor,381,river,1,1,562346.779,5616271.635,draft
point_alpha_corridor,381,river,1,2,562367.973,5616312.096,draft
point_alpha_corridor,381,river,1,3,562400.172,5616352.781,draft
point_alpha_corridor,381,river,1,4,562432.452,5616389.464,draft
point_alpha_corridor,381,river,1,5,562454.728,5616425.945,draft
point_alpha_corridor,381,river,1,6,562473.74,5616475.369,draft
point_alpha_corridor,381,river,1,7,562540.512,5616636.848,draft
point_alpha_corridor,381,river,1,8,562579.799,5616722.712,draft
point_alpha_corridor,381,river,1,9,562607.732,5616776.32,draft
point_alpha_corridor,381,river,1,10,562631.948,5616815.842,draft
point_alpha_corridor,381,river,1,11,562660.369,5616845.442,draft
point_alpha_corridor,381,river,1,12,562696.813,5616874.204,draft
point_alpha_corridor,381,river,1,13,562729.459,5616892.881,draft
point_alpha_corridor,381,river,1,14,562766.147,5616909.639,draft
point_alpha_corridor,381,river,1,15,562795.893,5616923.254,draft
point_alpha_corridor,381,river,1,16,562830.458,5616945.973,draft
point_alpha_corridor,381,river,1,17,562862.799,5616979.655,draft
point_alpha_corridor,381,river,1,18,562893.774,5617031.324,draft
point_alpha_corridor,381,river,1,19,562915.422,5617066.415,draft
point_alpha_corridor,381,river,1,20,562922.126,5617127.452,draft
point_alpha_corridor,381,river,1,21,562910.893,5617158.998,draft
point_alpha_corridor,381,river,1,22,562857.689,5617171.157,draft
point_alpha_corridor,381,river,1,23,562834.589,5617183.383,draft
point_alpha_corridor,381,river,1,24,562809.509,5617196.656,draft
point_alpha_corridor,381,river,1,25,562788.934,5617215.039,draft
point_alpha_corridor,381,river,1,26,562792.875,5617233.389,draft
point_alpha_corridor,381,river,1,27,562791.853,5617283.678,draft
point_alpha_corridor,381,river,1,28,562756.746,5617317.387,draft
point_alpha_corridor,381,river,1,29,562682.902,5617351.103,draft
point_alpha_corridor,381,river,1,30,562658.629,5617372.852,draft
point_alpha_corridor,381,river,1,31,562651.631,5617404.485,draft
point_alpha_corridor,381,river,1,32,562645.324,5617458.107,draft
point_alpha_corridor,381,river,1,33,562651.597,5617540.319,draft
point_alpha_corridor,381,river,1,34,562655.599,5617603.95,draft
point_alpha_corridor,381,river,1,35,562656.633,5617683.407,draft
point_alpha_corridor,381,river,1,36,562660.581,5617749.684,draft
point_alpha_corridor,381,river,1,37,562659.721,5617792.032,draft
point_alpha_corridor,381,river,1,38,562653.621,5617831.627,draft
point_alpha_corridor,381,river,1,39,562626.507,5617862.85,draft
point_alpha_corridor,381,river,1,40,562601.664,5617912.655,draft
point_alpha_corridor,381,river,1,41,562605.99,5617960.405,draft
point_alpha_corridor,381,river,1,42,562628.305,5618034.998,draft
point_alpha_corridor,381,river,1,43,562658.453,5618115.048,draft
point_alpha_corridor,381,river,1,44,562683.683,5618176.461,draft
point_alpha_corridor,381,river,1,45,562719.447,5618240.737,draft
point_alpha_corridor,381,river,1,46,562749.38,5618331.373,draft
point_alpha_corridor,381,river,1,47,562764.077,5618389.925,draft
point_alpha_corridor,381,river,1,48,562768.597,5618414.251,draft
point_alpha_corridor,381,river,1,49,562785.446,5618481.183,draft
point_alpha_corridor,381,river,1,50,562798.093,5618562.465,draft
point_alpha_corridor,381,river,1,51,562771.302,5618675.102,draft
point_alpha_corridor,382,river,1,0,561672.358,5617690.697,draft
point_alpha_corridor,382,river,1,1,561698.939,5617750.814,draft
point_alpha_corridor,382,river,1,2,561753.069,5617823.407,draft
point_alpha_corridor,382,river,1,3,561791.56,5617883.766,draft
point_alpha_corridor,382,river,1,4,561790.511,5617935.378,draft
point_alpha_corridor,382,river,1,5,561753.812,5617982.294,draft
point_alpha_corridor,382,river,1,6,561748.792,5618033.826,draft
point_alpha_corridor,382,river,1,7,561715.417,5618112.584,draft
point_alpha_corridor,382,river,1,8,561714.449,5618160.226,draft
point_alpha_corridor,382,river,1,9,561719.808,5618287.432,draft
point_alpha_corridor,382,river,1,10,561713.982,5618378.666,draft
point_alpha_corridor,382,river,1,11,561712.449,5618454.099,draft
point_alpha_corridor,382,river,1,12,561723.068,5618517.864,draft
point_alpha_corridor,382,river,1,13,561781.249,5618586.567,draft
point_alpha_corridor,382,river,1,14,561851.824,5618631.691,draft
point_alpha_corridor,382,river,1,15,561941.928,5618693.1,draft
point_alpha_corridor,382,river,1,16,562032.274,5618742.598,draft
point_alpha_corridor,382,river,1,17,562079.755,5618751.506,draft
point_alpha_corridor,382,river,1,18,562155.269,5618749.069,draft
point_alpha_corridor,382,river,1,19,562267.24,5618711.627,draft
point_alpha_corridor,382,river,1,20,562371.595,5618658.142,draft
point_alpha_corridor,382,river,1,21,562471.172,5618644.278,draft
point_alpha_corridor,382,river,1,22,562594.328,5618642.81,draft
point_alpha_corridor,382,river,1,23,562771.302,5618675.102,draft
point_alpha_corridor,383,river,2,0,565550.872,5623234.088,draft
point_alpha_corridor,383,river,2,1,565603.941,5623325.321,draft
point_alpha_corridor,383,river,2,2,565643.614,5623365.262,draft
point_alpha_corridor,383,river,2,3,565686.258,5623391.769,draft
point_alpha_corridor,383,river,2,4,565712.606,5623423.342,draft
point_alpha_corridor,383,river,2,5,565745.835,5623448.308,draft
point_alpha_corridor,383,river,2,6,565802.175,5623453.028,draft
point_alpha_corridor,384,river,1,0,565809.081,5623257.968,draft
point_alpha_corridor,384,river,1,1,565791.935,5623304.851,draft
point_alpha_corridor,384,river,1,2,565761.628,5623335.273,draft
point_alpha_corridor,384,river,1,3,565754.17,5623370.208,draft
point_alpha_corridor,384,river,1,4,565760.229,5623404.068,draft
point_alpha_corridor,384,river,1,5,565802.175,5623453.028,draft
point_alpha_corridor,385,river,1,0,567372.543,5629723.656,draft
point_alpha_corridor,385,river,1,1,567410.764,5629750.583,draft
point_alpha_corridor,385,river,1,2,567502.034,5629793.747,draft
point_alpha_corridor,385,river,1,3,567574.635,5629817.466,draft
point_alpha_corridor,385,river,1,4,567691.832,5629835.737,draft
point_alpha_corridor,385,river,1,5,567834.696,5629841.819,draft
point_alpha_corridor,385,river,1,6,567964.856,5629847.644,draft
point_alpha_corridor,385,river,1,7,568031.75,5629839.471,draft
point_alpha_corridor,385,river,1,8,568070.488,5629835.271,draft
point_alpha_corridor,385,river,1,9,568109.295,5629810.232,draft
point_alpha_corridor,385,river,1,10,568225.332,5629714.513,draft
point_alpha_corridor,385,river,1,11,568272.676,5629699.463,draft
point_alpha_corridor,385,river,1,12,568309.588,5629705.218,draft
point_alpha_corridor,385,river,1,13,568344.316,5629719.935,draft
point_alpha_corridor,385,river,1,14,568425.717,5629752.615,draft
point_alpha_corridor,385,river,1,15,568472.124,5629783.582,draft
point_alpha_corridor,385,river,1,16,568512.312,5629903.546,draft
point_alpha_corridor,385,river,1,17,568573.608,5630009.824,draft
point_alpha_corridor,385,river,1,18,568609.91,5630045.59,draft
point_alpha_corridor,385,river,1,19,568654.561,5630064.512,draft
point_alpha_corridor,385,river,1,20,568711.278,5630080.677,draft
point_alpha_corridor,385,river,1,21,568838.184,5630090.263,draft
point_alpha_corridor,385,river,1,22,568959.905,5630108.751,draft
point_alpha_corridor,385,river,1,23,569037.537,5630118.117,draft
point_alpha_corridor,385,river,1,24,569139.811,5630120.415,draft
point_alpha_corridor,386,river,3,0,570377.471,5612255.525,draft
point_alpha_corridor,386,river,3,1,570242.077,5612466.942,draft
point_alpha_corridor,386,river,3,2,570186.473,5612543.873,draft
point_alpha_corridor,386,river,3,3,570091.942,5612665.049,draft
point_alpha_corridor,386,river,3,4,569993.572,5612778.141,draft
point_alpha_corridor,386,river,3,5,569919.961,5612854.707,draft
point_alpha_corridor,386,river,3,6,569810.851,5612954.571,draft
point_alpha_corridor,386,river,3,7,569764.265,5612981.647,draft
point_alpha_corridor,386,river,3,8,569731.051,5612990.98,draft
point_alpha_corridor,386,river,3,9,569699.917,5612996.352,draft
point_alpha_corridor,386,river,3,10,569653.84,5612998.419,draft
point_alpha_corridor,386,river,3,11,569547.323,5613007.532,draft
point_alpha_corridor,386,river,3,12,569462.33,5613020.37,draft
point_alpha_corridor,386,river,3,13,569416.904,5613040.631,draft
point_alpha_corridor,386,river,3,14,569379.178,5613072.963,draft
point_alpha_corridor,386,river,3,15,569351.85,5613114.775,draft
point_alpha_corridor,386,river,3,16,569350.936,5613159.77,draft
point_alpha_corridor,386,river,3,17,569352.347,5613220.7,draft
point_alpha_corridor,386,river,3,18,569347.221,5613277.526,draft
point_alpha_corridor,386,river,3,19,569326.591,5613315.501,draft
point_alpha_corridor,386,river,3,20,569290.322,5613341.243,draft
point_alpha_corridor,386,river,3,21,569231.555,5613366.529,draft
point_alpha_corridor,386,river,3,22,569215.19,5613390.028,draft
point_alpha_corridor,386,river,3,23,569199.773,5613432.081,draft
point_alpha_corridor,386,river,3,24,569164.155,5613490.935,draft
point_alpha_corridor,387,bridge,1,0,556813.606,5616796.723,draft
point_alpha_corridor,387,bridge,1,1,556854.884,5616811.957,draft
point_alpha_corridor,388,bridge,2,0,554778.2,5614194.087,draft
point_alpha_corridor,388,bridge,2,1,554830.274,5614150.358,draft
point_alpha_corridor,389,bridge,1,0,561087.728,5611149.861,draft
point_alpha_corridor,389,bridge,1,1,561128.612,5611133.598,draft
point_alpha_corridor,390,bridge,1,0,560366.917,5614398.944,draft
point_alpha_corridor,390,bridge,1,1,560371.609,5614355.194,draft
point_alpha_corridor,391,bridge,1,0,560750.166,5610960.545,draft
point_alpha_corridor,391,bridge,1,1,560785.619,5610986.604,draft
point_alpha_corridor,392,bridge,1,0,559952.294,5615286.0,draft
point_alpha_corridor,392,bridge,1,1,559909.524,5615296.331,draft
point_alpha_corridor,393,bridge,1,0,560345.783,5615215.579,draft
point_alpha_corridor,393,bridge,1,1,560334.871,5615172.954,draft
point_alpha_corridor,394,bridge,2,0,555462.259,5611654.008,draft
point_alpha_corridor,394,bridge,2,1,555394.423,5611649.289,draft
point_alpha_corridor,395,bridge,1,0,554832.677,5609863.22,draft
point_alpha_corridor,395,bridge,1,1,554815.863,5609822.559,draft
point_alpha_corridor,396,bridge,2,0,557225.956,5610095.302,draft
point_alpha_corridor,396,bridge,2,1,557213.977,5610028.366,draft
point_alpha_corridor,397,bridge,2,0,556517.754,5615215.657,draft
point_alpha_corridor,397,bridge,2,1,556492.508,5615278.797,draft
point_alpha_corridor,398,bridge,1,0,556679.935,5616099.413,draft
point_alpha_corridor,398,bridge,1,1,556719.613,5616118.431,draft
point_alpha_corridor,399,bridge,2,0,554022.943,5614221.134,draft
point_alpha_corridor,399,bridge,2,1,554046.568,5614157.37,draft
point_alpha_corridor,400,bridge,1,0,564461.642,5612180.115,draft
point_alpha_corridor,400,bridge,1,1,564498.685,5612156.371,draft
point_alpha_corridor,401,bridge,1,0,569973.516,5616796.079,draft
point_alpha_corridor,401,bridge,1,1,569988.951,5616754.875,draft
point_alpha_corridor,402,bridge,1,0,567683.226,5616389.427,draft
point_alpha_corridor,402,bridge,1,1,567700.611,5616349.007,draft
point_alpha_corridor,403,bridge,3,0,570314.506,5612442.515,draft
point_alpha_corridor,403,bridge,3,1,570238.444,5612383.944,draft
point_alpha_corridor,404,bridge,2,0,568273.96,5614718.221,draft
point_alpha_corridor,404,bridge,2,1,568259.765,5614651.719,draft
point_alpha_corridor,405,bridge,1,0,567432.639,5616169.765,draft
point_alpha_corridor,405,bridge,1,1,567455.671,5616132.274,draft
point_alpha_corridor,406,bridge,1,0,566449.469,5612096.749,draft
point_alpha_corridor,406,bridge,1,1,566405.659,5612100.828,draft
point_alpha_corridor,407,bridge,1,0,566040.793,5610716.946,draft
point_alpha_corridor,407,bridge,1,1,566083.531,5610727.41,draft
point_alpha_corridor,408,bridge,1,0,565658.941,5614600.654,draft
point_alpha_corridor,408,bridge,1,1,565702.466,5614594.208,draft
point_alpha_corridor,409,bridge,1,0,571796.657,5616904.292,draft
point_alpha_corridor,409,bridge,1,1,571795.763,5616948.283,draft
point_alpha_corridor,410,bridge,1,0,560331.499,5620221.445,draft
point_alpha_corridor,410,bridge,1,1,560339.423,5620178.165,draft
point_alpha_corridor,411,bridge,1,0,560972.544,5625426.175,draft
point_alpha_corridor,411,bridge,1,1,560989.844,5625385.718,draft
point_alpha_corridor,412,bridge,1,0,561170.304,5625181.025,draft
point_alpha_corridor,412,bridge,1,1,561204.116,5625152.869,draft
point_alpha_corridor,413,bridge,1,0,558279.615,5626499.309,draft
point_alpha_corridor,413,bridge,1,1,558321.42,5626485.584,draft
point_alpha_corridor,414,bridge,1,0,560569.748,5621438.622,draft
point_alpha_corridor,414,bridge,1,1,560562.641,5621482.044,draft
point_alpha_corridor,415,bridge,1,0,560621.706,5621310.195,draft
point_alpha_corridor,415,bridge,1,1,560591.469,5621342.159,draft
point_alpha_corridor,416,bridge,1,0,555017.773,5623757.939,draft
point_alpha_corridor,416,bridge,1,1,554976.685,5623742.196,draft
point_alpha_corridor,417,bridge,1,0,554432.29,5625077.445,draft
point_alpha_corridor,417,bridge,1,1,554438.236,5625033.848,draft
point_alpha_corridor,418,bridge,1,0,554429.559,5624800.52,draft
point_alpha_corridor,418,bridge,1,1,554442.195,5624758.374,draft
point_alpha_corridor,419,bridge,1,0,554047.784,5625936.268,draft
point_alpha_corridor,419,bridge,1,1,554033.344,5625894.705,draft
point_alpha_corridor,420,bridge,1,0,555567.114,5623142.497,draft
point_alpha_corridor,420,bridge,1,1,555611.054,5623144.81,draft
point_alpha_corridor,421,bridge,1,0,556101.281,5623407.798,draft
point_alpha_corridor,421,bridge,1,1,556104.043,5623451.711,draft
point_alpha_corridor,422,bridge,1,0,558923.602,5627708.76,draft
point_alpha_corridor,422,bridge,1,1,558966.25,5627697.938,draft
point_alpha_corridor,423,bridge,1,0,559571.864,5629251.305,draft
point_alpha_corridor,423,bridge,1,1,559598.105,5629286.624,draft
point_alpha_corridor,424,bridge,1,0,559561.648,5629868.219,draft
point_alpha_corridor,424,bridge,1,1,559581.203,5629828.804,draft
point_alpha_corridor,425,bridge,2,0,559528.786,5629990.212,draft
point_alpha_corridor,425,bridge,2,1,559576.436,5630038.725,draft
point_alpha_corridor,426,bridge,1,0,553466.297,5626921.676,draft
point_alpha_corridor,426,bridge,1,1,553476.939,5626878.982,draft
point_alpha_corridor,427,bridge,3,0,567810.784,5620587.881,draft
point_alpha_corridor,427,bridge,3,1,567898.023,5620627.948,draft
point_alpha_corridor,428,bridge,1,0,562771.278,5618775.722,draft
point_alpha_corridor,428,bridge,1,1,562815.277,5618775.53,draft
point_alpha_corridor,429,bridge,2,0,567776.378,5620316.969,draft
point_alpha_corridor,429,bridge,2,1,567811.476,5620258.727,draft
point_alpha_corridor,430,bridge,3,0,567284.224,5618769.784,draft
point_alpha_corridor,430,bridge,3,1,567188.277,5618766.593,draft
point_alpha_corridor,431,bridge,1,0,569565.069,5619949.571,draft
point_alpha_corridor,431,bridge,1,1,569596.491,5619980.371,draft
point_alpha_corridor,432,bridge,1,0,567038.108,5618802.85,draft
point_alpha_corridor,432,bridge,1,1,567007.253,5618834.218,draft
point_alpha_corridor,433,bridge,1,0,563204.79,5619104.038,draft
point_alpha_corridor,433,bridge,1,1,563247.869,5619095.083,draft
point_alpha_corridor,434,bridge,1,0,570947.077,5619539.278,draft
point_alpha_corridor,434,bridge,1,1,570990.968,5619536.185,draft
point_alpha_corridor,435,bridge,1,0,570355.461,5619910.864,draft
point_alpha_corridor,435,bridge,1,1,570316.62,5619931.535,draft
point_alpha_corridor,436,bridge,2,0,563128.308,5623909.163,draft
point_alpha_corridor,436,bridge,2,1,563111.561,5623843.257,draft
point_alpha_corridor,437,bridge,2,0,562852.585,5623165.991,draft
point_alpha_corridor,437,bridge,2,1,562824.964,5623103.854,draft
point_alpha_corridor,438,bridge,1,0,564948.56,5621401.292,draft
point_alpha_corridor,438,bridge,1,1,564983.266,5621374.246,draft
point_alpha_corridor,439,bridge,1,0,568309.638,5620694.017,draft
point_alpha_corridor,439,bridge,1,1,568321.368,5620736.424,draft
point_alpha_corridor,440,bridge,1,0,571734.297,5624618.811,draft
point_alpha_corridor,440,bridge,1,1,571700.793,5624590.289,draft
point_alpha_corridor,441,bridge,3,0,567768.705,5627691.722,draft
point_alpha_corridor,441,bridge,3,1,567851.759,5627739.867,draft
point_alpha_corridor,442,bridge,1,0,566718.31,5617918.786,draft
point_alpha_corridor,442,bridge,1,1,566674.425,5617921.96,draft
point_alpha_corridor,443,bridge,1,0,564836.355,5628499.257,draft
point_alpha_corridor,443,bridge,1,1,564837.25,5628455.266,draft
point_alpha_corridor,444,bridge,1,0,567030.235,5629572.445,draft
point_alpha_corridor,444,bridge,1,1,567073.964,5629577.318,draft
point_alpha_corridor,445,bridge,1,0,574115.647,5627702.626,draft
point_alpha_corridor,445,bridge,1,1,574159.398,5627707.295,draft
point_alpha_corridor,446,bridge,1,0,574087.577,5628358.461,draft
point_alpha_corridor,446,bridge,1,1,574108.752,5628397.031,draft
point_alpha_corridor,447,bridge,1,0,569035.991,5630096.172,draft
point_alpha_corridor,447,bridge,1,1,569039.082,5630140.063,draft
point_alpha_corridor,448,bridge,1,0,568091.06,5620735.941,draft
point_alpha_corridor,448,bridge,1,1,568077.997,5620693.925,draft
point_alpha_corridor,449,bridge,1,0,573616.357,5621509.575,draft
point_alpha_corridor,449,bridge,1,1,573657.832,5621524.265,draft
point_alpha_corridor,450,bridge,1,0,567595.423,5622402.862,draft
point_alpha_corridor,450,bridge,1,1,567633.794,5622381.328,draft
point_alpha_corridor,451,bridge,1,0,570885.846,5623007.145,draft
point_alpha_corridor,451,bridge,1,1,570924.527,5623028.115,draft
point_alpha_corridor,452,bridge,3,0,566959.191,5622874.049,draft
point_alpha_corridor,452,bridge,3,1,567017.881,5622950.018,draft
point_alpha_corridor,453,bridge,2,0,567008.963,5622946.542,draft
point_alpha_corridor,453,bridge,2,1,567043.601,5623005.058,draft
point_alpha_corridor,454,bridge,1,0,566298.93,5624162.718,draft
point_alpha_corridor,454,bridge,1,1,566314.21,5624121.456,draft
point_alpha_corridor,455,bridge,3,0,569086.827,5628954.595,draft
point_alpha_corridor,455,bridge,3,1,569071.322,5629049.335,draft
point_alpha_corridor,456,bridge,1,0,568533.037,5629910.926,draft
point_alpha_corridor,456,bridge,1,1,568491.586,5629896.166,draft
point_alpha_corridor,457,bridge,1,0,568192.24,5629766.592,draft
point_alpha_corridor,457,bridge,1,1,568151.111,5629750.958,draft
point_alpha_corridor,458,bridge,3,0,566946.936,5617627.73,draft
point_alpha_corridor,458,bridge,3,1,566985.305,5617539.731,draft
