map_key,x,y,direction,neighbor_x,neighbor_y,road_class,river_class,crossing_type,source_status
point_alpha_corridor,3,0,2,4,0,0,1,none,draft
point_alpha_corridor,3,0,16,2,1,0,1,none,draft
point_alpha_corridor,10,0,4,11,0,1,0,none,draft
point_alpha_corridor,10,0,8,10,1,1,0,none,draft
point_alpha_corridor,19,0,4,20,1,1,0,none,draft
point_alpha_corridor,20,0,4,21,0,1,0,none,draft
point_alpha_corridor,20,0,8,20,1,1,0,none,draft
point_alpha_corridor,21,0,2,22,0,1,0,none,draft
point_alpha_corridor,21,0,16,20,1,1,0,none,draft
point_alpha_corridor,24,0,4,25,0,1,0,none,draft
point_alpha_corridor,25,0,4,26,1,1,1,bridge,draft
point_alpha_corridor,25,0,8,25,1,0,1,none,draft
point_alpha_corridor,30,0,4,31,0,1,0,none,draft
point_alpha_corridor,31,0,2,32,0,1,0,none,draft
point_alpha_corridor,31,0,4,32,1,1,0,none,draft
point_alpha_corridor,31,0,16,30,1,1,0,none,draft
point_alpha_corridor,39,0,2,40,0,1,0,none,draft
point_alpha_corridor,40,0,8,40,1,1,0,none,draft
point_alpha_corridor,48,0,8,48,1,1,0,none,draft
point_alpha_corridor,61,0,2,62,0,0,1,none,draft
point_alpha_corridor,61,0,4,62,1,1,0,none,draft
point_alpha_corridor,61,0,8,61,1,1,0,none,draft
point_alpha_corridor,61,0,16,60,1,0,1,none,draft
point_alpha_corridor,62,0,4,63,0,0,1,none,draft
point_alpha_corridor,63,0,2,64,0,0,1,none,draft
point_alpha_corridor,63,0,4,64,1,1,0,none,draft
point_alpha_corridor,63,0,16,62,1,1,0,none,draft
point_alpha_corridor,64,0,4,65,0,0,1,none,draft
point_alpha_corridor,65,0,2,66,0,1,1,bridge,draft
point_alpha_corridor,65,0,4,66,1,0,1,none,draft
point_alpha_corridor,65,0,16,64,1,1,0,none,draft
point_alpha_corridor,66,0,8,66,1,0,1,none,draft
point_alpha_corridor,68,0,4,69,0,1,0,none,draft
point_alpha_corridor,69,0,8,69,1,1,3,none,draft
point_alpha_corridor,79,0,8,79,1,2,0,none,draft
point_alpha_corridor,80,0,8,80,1,0,1,none,draft
point_alpha_corridor,81,0,2,82,0,0,1,none,draft
point_alpha_corridor,82,0,4,83,0,0,1,none,draft
point_alpha_corridor,84,0,4,85,0,0,1,none,draft
point_alpha_corridor,85,0,2,86,0,1,1,none,draft
point_alpha_corridor,86,0,4,87,0,0,1,none,draft
point_alpha_corridor,87,0,4,88,1,1,1,none,draft
point_alpha_corridor,89,0,2,90,0,1,0,none,draft
point_alpha_corridor,89,0,16,88,1,1,0,none,draft
point_alpha_corridor,2,1,8,2,2,0,1,none,draft
point_alpha_corridor,9,1,2,10,1,1,0,none,draft
point_alpha_corridor,9,1,16,8,2,1,0,none,draft
point_alpha_corridor,19,1,2,20,1,1,0,none,draft
point_alpha_corridor,19,1,16,18,2,1,0,none,draft
point_alpha_corridor,25,1,8,25,2,0,1,none,draft
point_alpha_corridor,26,1,8,26,2,1,0,none,draft
point_alpha_corridor,27,1,4,28,2,1,0,none,draft
point_alpha_corridor,27,1,16,26,2,1,0,none,draft
point_alpha_corridor,28,1,4,29,1,1,0,none,draft
point_alpha_corridor,28,1,8,28,2,1,0,none,draft
point_alpha_corridor,29,1,2,30,1,1,0,none,draft
point_alpha_corridor,32,1,4,33,1,1,0,none,draft
point_alpha_corridor,33,1,2,34,1,1,0,none,draft
point_alpha_corridor,34,1,8,34,2,1,0,none,draft
point_alpha_corridor,39,1,4,40,2,1,0,none,draft
point_alpha_corridor,39,1,8,39,2,1,0,none,draft
point_alpha_corridor,40,1,8,40,2,1,0,none,draft
point_alpha_corridor,48,1,4,49,1,1,0,none,draft
point_alpha_corridor,49,1,4,50,2,1,0,none,draft
point_alpha_corridor,53,1,4,54,2,1,0,none,draft
point_alpha_corridor,53,1,8,53,2,1,0,none,draft
point_alpha_corridor,54,1,4,55,1,1,0,none,draft
point_alpha_corridor,54,1,8,54,2,1,0,none,draft
point_alpha_corridor,55,1,2,56,1,1,0,none,draft
point_alpha_corridor,56,1,8,56,2,1,0,none,draft
point_alpha_corridor,57,1,8,57,2,1,0,none,draft
point_alpha_corridor,57,1,16,56,2,1,0,none,draft
point_alpha_corridor,59,1,2,60,1,1,1,bridge,draft
point_alpha_corridor,59,1,8,59,2,0,1,none,draft
point_alpha_corridor,59,1,16,58,2,1,0,none,draft
point_alpha_corridor,60,1,4,61,1,1,0,none,draft
point_alpha_corridor,69,1,2,70,1,0,3,none,draft
point_alpha_corridor,69,1,8,69,2,1,0,none,draft
point_alpha_corridor,70,1,8,70,2,0,3,none,draft
point_alpha_corridor,79,1,4,80,2,0,1,none,draft
point_alpha_corridor,79,1,8,79,2,2,1,none,draft
point_alpha_corridor,80,1,8,80,2,0,1,none,draft
point_alpha_corridor,88,1,4,89,1,1,0,none,draft
point_alpha_corridor,88,1,8,88,2,0,1,none,draft
point_alpha_corridor,89,1,8,89,2,1,0,none,draft
point_alpha_corridor,0,2,4,1,2,0,1,none,draft
point_alpha_corridor,1,2,2,2,2,0,1,none,draft
point_alpha_corridor,1,2,4,2,3,1,0,none,draft
point_alpha_corridor,1,2,16,0,3,1,0,none,draft
point_alpha_corridor,7,2,2,8,2,1,0,none,draft
point_alpha_corridor,7,2,4,8,3,1,0,none,draft
point_alpha_corridor,7,2,16,6,3,1,0,none,draft
point_alpha_corridor,17,2,4,18,3,1,0,none,draft
point_alpha_corridor,17,2,8,17,3,1,0,none,draft
point_alpha_corridor,18,2,8,18,3,1,0,none,draft
point_alpha_corridor,25,2,2,26,2,1,1,bridge,draft
point_alpha_corridor,25,2,8,25,3,1,1,none,draft
point_alpha_corridor,34,2,4,35,2,1,0,none,draft
point_alpha_corridor,35,2,8,35,3,1,0,none,draft
point_alpha_corridor,39,2,8,39,3,1,0,none,draft
point_alpha_corridor,45,2,8,45,3,1,0,none,draft
point_alpha_corridor,50,2,8,50,3,1,0,none,draft
point_alpha_corridor,51,2,4,52,3,1,0,none,draft
point_alpha_corridor,51,2,8,51,3,1,0,none,draft
point_alpha_corridor,52,2,4,53,2,1,0,none,draft
point_alpha_corridor,52,2,8,52,3,1,0,none,draft
point_alpha_corridor,57,2,2,58,2,1,0,none,draft
point_alpha_corridor,57,2,4,58,3,0,1,none,draft
point_alpha_corridor,57,2,8,57,3,0,1,none,draft
point_alpha_corridor,58,2,4,59,2,0,1,none,draft
point_alpha_corridor,58,2,8,58,3,0,1,none,draft
point_alpha_corridor,69,2,8,69,3,1,0,none,draft
point_alpha_corridor,70,2,8,70,3,0,3,none,draft
point_alpha_corridor,78,2,4,79,2,2,0,none,draft
point_alpha_corridor,78,2,8,78,3,2,0,none,draft
point_alpha_corridor,79,2,8,79,3,0,1,none,draft
point_alpha_corridor,88,2,4,89,2,0,1,none,draft
point_alpha_corridor,89,2,2,90,2,1,0,none,draft
point_alpha_corridor,89,2,4,90,3,0,1,none,draft
point_alpha_corridor,90,2,8,90,3,1,0,none,draft
point_alpha_corridor,2,3,4,3,3,1,0,none,draft
point_alpha_corridor,3,3,4,4,4,1,0,none,draft
point_alpha_corridor,5,3,2,6,3,1,0,none,draft
point_alpha_corridor,5,3,4,6,4,1,0,none,draft
point_alpha_corridor,5,3,8,5,4,1,0,none,draft
point_alpha_corridor,5,3,16,4,4,1,0,none,draft
point_alpha_corridor,6,3,8,6,4,1,0,none,draft
point_alpha_corridor,8,3,4,9,3,1,0,none,draft
point_alpha_corridor,9,3,2,10,3,1,0,none,draft
point_alpha_corridor,10,3,8,10,4,1,0,none,draft
point_alpha_corridor,11,3,8,11,4,1,0,none,draft
point_alpha_corridor,11,3,16,10,4,1,0,none,draft
point_alpha_corridor,16,3,4,17,3,1,0,none,draft
point_alpha_corridor,16,3,8,16,4,1,0,none,draft
point_alpha_corridor,24,3,4,25,3,1,0,none,draft
point_alpha_corridor,24,3,8,24,4,1,0,none,draft
point_alpha_corridor,25,3,2,26,3,0,1,none,draft
point_alpha_corridor,25,3,4,26,4,0,1,none,draft
point_alpha_corridor,25,3,8,25,4,0,1,none,draft
point_alpha_corridor,26,3,8,26,4,0,1,none,draft
point_alpha_corridor,35,3,2,36,3,1,0,none,draft
point_alpha_corridor,36,3,8,36,4,1,0,none,draft
point_alpha_corridor,37,3,8,37,4,1,0,none,draft
point_alpha_corridor,37,3,16,36,4,1,0,none,draft
point_alpha_corridor,39,3,8,39,4,1,0,none,draft
point_alpha_corridor,43,3,2,44,3,1,0,none,draft
point_alpha_corridor,43,3,16,42,4,1,0,none,draft
point_alpha_corridor,44,3,8,44,4,1,0,none,draft
point_alpha_corridor,45,3,16,44,4,1,0,none,draft
point_alpha_corridor,50,3,8,50,4,1,0,none,draft
point_alpha_corridor,51,3,16,50,4,1,0,none,draft
point_alpha_corridor,57,3,8,57,4,0,1,none,draft
point_alpha_corridor,69,3,2,70,3,0,3,none,draft
point_alpha_corridor,69,3,8,69,4,1,3,bridge,draft
point_alpha_corridor,69,3,16,68,4,0,3,none,draft
point_alpha_corridor,77,3,2,78,3,2,0,none,draft
point_alpha_corridor,77,3,8,77,4,2,0,none,draft
point_alpha_corridor,78,3,4,79,3,0,1,none,draft
point_alpha_corridor,78,3,8,78,4,0,1,none,draft
point_alpha_corridor,90,3,4,91,3,1,0,none,draft
point_alpha_corridor,90,3,8,90,4,0,1,none,draft
point_alpha_corridor,91,3,8,91,4,1,0,none,draft
point_alpha_corridor,5,4,8,5,5,1,0,none,draft
point_alpha_corridor,11,4,2,12,4,1,0,none,draft
point_alpha_corridor,12,4,8,12,5,1,0,none,draft
point_alpha_corridor,13,4,8,13,5,1,0,none,draft
point_alpha_corridor,13,4,16,12,5,1,0,none,draft
point_alpha_corridor,16,4,8,16,5,1,0,none,draft
point_alpha_corridor,24,4,8,24,5,1,0,none,draft
point_alpha_corridor,25,4,8,25,5,0,1,none,draft
point_alpha_corridor,37,4,2,38,4,1,0,none,draft
point_alpha_corridor,38,4,8,38,5,1,0,none,draft
point_alpha_corridor,39,4,16,38,5,1,0,none,draft
point_alpha_corridor,42,4,8,42,5,1,0,none,draft
point_alpha_corridor,43,4,4,44,5,1,0,none,draft
point_alpha_corridor,43,4,16,42,5,1,0,none,draft
point_alpha_corridor,45,4,4,46,5,1,0,none,draft
point_alpha_corridor,45,4,16,44,5,1,0,none,draft
point_alpha_corridor,47,4,4,48,5,1,0,none,draft
point_alpha_corridor,47,4,16,46,5,1,0,none,draft
point_alpha_corridor,50,4,8,50,5,1,0,none,draft
point_alpha_corridor,57,4,16,56,5,0,1,none,draft
point_alpha_corridor,67,4,2,68,4,0,3,none,draft
point_alpha_corridor,67,4,16,66,5,0,3,none,draft
point_alpha_corridor,69,4,8,69,5,1,0,none,draft
point_alpha_corridor,76,4,4,77,4,2,0,none,draft
point_alpha_corridor,76,4,8,76,5,2,0,none,draft
point_alpha_corridor,77,4,2,78,4,0,1,none,draft
point_alpha_corridor,77,4,16,76,5,0,1,none,draft
point_alpha_corridor,90,4,4,91,4,0,1,none,draft
point_alpha_corridor,91,4,8,91,5,0,1,none,draft
point_alpha_corridor,5,5,16,4,6,1,0,none,draft
point_alpha_corridor,13,5,2,14,5,1,0,none,draft
point_alpha_corridor,14,5,8,14,6,1,0,none,draft
point_alpha_corridor,15,5,2,16,5,1,0,none,draft
point_alpha_corridor,15,5,8,15,6,1,0,none,draft
point_alpha_corridor,23,5,2,24,5,1,0,none,draft
point_alpha_corridor,23,5,8,23,6,1,0,none,draft
point_alpha_corridor,24,5,4,25,5,0,1,none,draft
point_alpha_corridor,24,5,8,24,6,0,1,none,draft
point_alpha_corridor,38,5,8,38,6,1,0,none,draft
point_alpha_corridor,45,5,2,46,5,0,1,none,draft
point_alpha_corridor,45,5,8,45,6,0,1,none,draft
point_alpha_corridor,46,5,4,47,5,0,1,none,draft
point_alpha_corridor,47,5,2,48,5,0,1,none,draft
point_alpha_corridor,48,5,4,49,5,1,0,none,draft
point_alpha_corridor,48,5,8,48,6,0,1,none,draft
point_alpha_corridor,49,5,2,50,5,1,0,none,draft
point_alpha_corridor,49,5,4,50,6,1,1,bridge,draft
point_alpha_corridor,49,5,16,48,6,0,1,none,draft
point_alpha_corridor,50,5,4,51,5,0,1,none,draft
point_alpha_corridor,50,5,8,50,6,0,1,none,draft
point_alpha_corridor,51,5,4,52,6,0,1,none,draft
point_alpha_corridor,52,5,4,53,5,0,1,none,draft
point_alpha_corridor,52,5,8,52,6,0,1,none,draft
point_alpha_corridor,53,5,4,54,6,0,1,none,draft
point_alpha_corridor,54,5,4,55,5,0,1,none,draft
point_alpha_corridor,54,5,8,54,6,0,1,none,draft
point_alpha_corridor,55,5,2,56,5,0,1,none,draft
point_alpha_corridor,65,5,2,66,5,0,3,none,draft
point_alpha_corridor,65,5,16,64,6,0,3,none,draft
point_alpha_corridor,67,5,4,68,6,1,0,none,draft
point_alpha_corridor,67,5,16,66,6,1,0,none,draft
point_alpha_corridor,68,5,4,69,5,1,0,none,draft
point_alpha_corridor,68,5,8,68,6,1,0,none,draft
point_alpha_corridor,69,5,2,70,5,1,0,none,draft
point_alpha_corridor,70,5,8,70,6,1,0,none,draft
point_alpha_corridor,71,5,8,71,6,1,0,none,draft
point_alpha_corridor,71,5,16,70,6,1,0,none,draft
point_alpha_corridor,75,5,2,76,5,2,0,none,draft
point_alpha_corridor,75,5,8,75,6,2,0,none,draft
point_alpha_corridor,76,5,8,76,6,0,1,none,draft
point_alpha_corridor,4,6,8,4,7,1,0,none,draft
point_alpha_corridor,14,6,4,15,6,1,0,none,draft
point_alpha_corridor,15,6,16,14,7,1,0,none,draft
point_alpha_corridor,23,6,4,24,7,0,1,none,draft
point_alpha_corridor,23,6,8,23,7,0,1,none,draft
point_alpha_corridor,23,6,16,22,7,1,0,none,draft
point_alpha_corridor,24,6,8,24,7,0,1,none,draft
point_alpha_corridor,38,6,4,39,6,1,0,none,draft
point_alpha_corridor,39,6,8,39,7,1,0,none,draft
point_alpha_corridor,43,6,4,44,7,0,1,none,draft
point_alpha_corridor,44,6,4,45,6,0,1,none,draft
point_alpha_corridor,44,6,8,44,7,0,1,none,draft
point_alpha_corridor,50,6,8,50,7,1,0,none,draft
point_alpha_corridor,63,6,2,64,6,0,3,none,draft
point_alpha_corridor,63,6,8,63,7,0,3,none,draft
point_alpha_corridor,65,6,2,66,6,1,0,none,draft
point_alpha_corridor,65,6,8,65,7,1,0,none,draft
point_alpha_corridor,71,6,2,72,6,1,0,none,draft
point_alpha_corridor,72,6,4,73,6,1,0,none,draft
point_alpha_corridor,73,6,8,73,7,1,0,none,draft
point_alpha_corridor,75,6,8,75,7,2,0,none,draft
point_alpha_corridor,76,6,8,76,7,0,1,none,draft
point_alpha_corridor,87,6,4,88,7,1,0,none,draft
point_alpha_corridor,87,6,8,87,7,1,0,none,draft
point_alpha_corridor,88,6,4,89,6,1,0,none,draft
point_alpha_corridor,88,6,8,88,7,1,0,none,draft
point_alpha_corridor,89,6,2,90,6,1,0,none,draft
point_alpha_corridor,90,6,8,90,7,1,0,none,draft
point_alpha_corridor,3,7,2,4,7,1,0,none,draft
point_alpha_corridor,3,7,8,3,8,1,0,none,draft
point_alpha_corridor,21,7,4,22,8,1,0,none,draft
point_alpha_corridor,21,7,8,21,8,1,0,none,draft
point_alpha_corridor,22,7,8,22,8,1,0,none,draft
point_alpha_corridor,23,7,16,22,8,0,1,none,draft
point_alpha_corridor,38,7,4,39,7,1,0,none,draft
point_alpha_corridor,38,7,8,38,8,1,0,none,draft
point_alpha_corridor,50,7,8,50,8,1,0,none,draft
point_alpha_corridor,63,7,8,63,8,0,3,none,draft
point_alpha_corridor,65,7,16,64,8,1,0,none,draft
point_alpha_corridor,73,7,2,74,7,1,0,none,draft
point_alpha_corridor,74,7,8,74,8,1,0,none,draft
point_alpha_corridor,75,7,8,75,8,2,0,none,draft
point_alpha_corridor,75,7,16,74,8,1,0,none,draft
point_alpha_corridor,76,7,8,76,8,0,1,none,draft
point_alpha_corridor,87,7,8,87,8,1,0,none,draft
point_alpha_corridor,90,7,8,90,8,1,0,none,draft
point_alpha_corridor,91,7,8,91,8,1,0,none,draft
point_alpha_corridor,3,8,4,4,9,1,0,none,draft
point_alpha_corridor,21,8,2,22,8,1,0,none,draft
point_alpha_corridor,22,8,8,22,9,1,1,none,draft
point_alpha_corridor,23,8,8,23,9,1,0,none,draft
point_alpha_corridor,23,8,16,22,9,1,1,bridge,draft
point_alpha_corridor,38,8,4,39,8,1,0,none,draft
point_alpha_corridor,39,8,2,40,8,1,0,none,draft
point_alpha_corridor,40,8,8,40,9,1,0,none,draft
point_alpha_corridor,50,8,8,50,9,1,0,none,draft
point_alpha_corridor,63,8,2,64,8,1,3,bridge,draft
point_alpha_corridor,63,8,8,63,9,1,3,none,draft
point_alpha_corridor,64,8,4,65,8,1,0,none,draft
point_alpha_corridor,65,8,8,65,9,1,0,none,draft
point_alpha_corridor,75,8,8,75,9,2,0,none,draft
point_alpha_corridor,76,8,8,76,9,0,1,none,draft
point_alpha_corridor,87,8,8,87,9,1,0,none,draft
point_alpha_corridor,90,8,4,91,8,1,0,none,draft
point_alpha_corridor,91,8,8,91,9,1,0,none,draft
point_alpha_corridor,4,9,4,5,9,1,0,none,draft
point_alpha_corridor,5,9,8,5,10,1,0,none,draft
point_alpha_corridor,7,9,2,8,9,1,0,none,draft
point_alpha_corridor,7,9,16,6,10,1,0,none,draft
point_alpha_corridor,8,9,8,8,10,1,0,none,draft
point_alpha_corridor,9,9,8,9,10,1,0,none,draft
point_alpha_corridor,9,9,16,8,10,1,0,none,draft
point_alpha_corridor,21,9,2,22,9,1,0,none,draft
point_alpha_corridor,21,9,4,22,10,0,1,none,draft
point_alpha_corridor,21,9,8,21,10,0,1,none,draft
point_alpha_corridor,21,9,16,20,10,1,0,none,draft
point_alpha_corridor,22,9,8,22,10,0,1,none,draft
point_alpha_corridor,23,9,4,24,10,1,0,none,draft
point_alpha_corridor,39,9,2,40,9,1,0,none,draft
point_alpha_corridor,39,9,4,40,10,1,0,none,draft
point_alpha_corridor,50,9,8,50,10,1,0,none,draft
point_alpha_corridor,62,9,4,63,9,1,0,none,draft
point_alpha_corridor,62,9,8,62,10,1,0,none,draft
point_alpha_corridor,63,9,8,63,10,0,2,none,draft
point_alpha_corridor,65,9,2,66,9,1,0,none,draft
point_alpha_corridor,65,9,8,65,10,1,0,none,draft
point_alpha_corridor,66,9,8,66,10,1,0,none,draft
point_alpha_corridor,75,9,8,75,10,2,0,none,draft
point_alpha_corridor,76,9,8,76,10,0,1,none,draft
point_alpha_corridor,87,9,16,86,10,1,0,none,draft
point_alpha_corridor,91,9,16,90,10,1,0,none,draft
point_alpha_corridor,5,10,2,6,10,1,0,none,draft
point_alpha_corridor,5,10,4,6,11,1,0,none,draft
point_alpha_corridor,9,10,4,10,11,1,0,none,draft
point_alpha_corridor,19,10,4,20,11,1,0,none,draft
point_alpha_corridor,19,10,8,19,11,1,0,none,draft
point_alpha_corridor,20,10,8,20,11,1,0,none,draft
point_alpha_corridor,21,10,16,20,11,0,1,none,draft
point_alpha_corridor,24,10,4,25,10,1,0,none,draft
point_alpha_corridor,25,10,4,26,11,1,0,none,draft
point_alpha_corridor,40,10,8,40,11,1,0,none,draft
point_alpha_corridor,41,10,8,41,11,1,0,none,draft
point_alpha_corridor,41,10,16,40,11,1,0,none,draft
point_alpha_corridor,49,10,2,50,10,1,0,none,draft
point_alpha_corridor,49,10,8,49,11,1,0,none,draft
point_alpha_corridor,62,10,8,62,11,1,0,none,draft
point_alpha_corridor,63,10,16,62,11,0,2,none,draft
point_alpha_corridor,65,10,8,65,11,1,0,none,draft
point_alpha_corridor,75,10,8,75,11,2,0,none,draft
point_alpha_corridor,76,10,8,76,11,0,1,none,draft
point_alpha_corridor,77,10,8,77,11,0,1,none,draft
point_alpha_corridor,77,10,16,76,11,0,1,none,draft
point_alpha_corridor,86,10,8,86,11,1,0,none,draft
point_alpha_corridor,90,10,8,90,11,1,0,none,draft
point_alpha_corridor,91,10,8,91,11,1,0,none,draft
point_alpha_corridor,91,10,16,90,11,1,0,none,draft
point_alpha_corridor,6,11,8,6,12,1,0,none,draft
point_alpha_corridor,10,11,8,10,12,1,0,none,draft
point_alpha_corridor,19,11,8,19,12,1,0,none,draft
point_alpha_corridor,20,11,8,20,12,0,1,none,draft
point_alpha_corridor,26,11,4,27,11,1,0,none,draft
point_alpha_corridor,27,11,2,28,11,1,0,none,draft
point_alpha_corridor,28,11,8,28,12,1,0,none,draft
point_alpha_corridor,29,11,8,29,12,1,0,none,draft
point_alpha_corridor,29,11,16,28,12,1,0,none,draft
point_alpha_corridor,41,11,8,41,12,1,0,none,draft
point_alpha_corridor,49,11,8,49,12,1,0,none,draft
point_alpha_corridor,61,11,4,62,12,0,2,none,draft
point_alpha_corridor,61,11,8,61,12,0,2,none,draft
point_alpha_corridor,62,11,8,62,12,0,2,none,draft
point_alpha_corridor,65,11,8,65,12,1,0,none,draft
point_alpha_corridor,75,11,16,74,12,2,0,none,draft
point_alpha_corridor,77,11,8,77,12,0,1,none,draft
point_alpha_corridor,85,11,2,86,11,1,0,none,draft
point_alpha_corridor,85,11,8,85,12,1,0,none,draft
point_alpha_corridor,6,12,8,6,13,1,0,none,draft
point_alpha_corridor,10,12,8,10,13,1,0,none,draft
point_alpha_corridor,11,12,8,11,13,1,0,none,draft
point_alpha_corridor,11,12,16,10,13,1,0,none,draft
point_alpha_corridor,18,12,4,19,12,1,0,none,draft
point_alpha_corridor,18,12,8,18,13,1,0,none,draft
point_alpha_corridor,20,12,8,20,13,0,1,none,draft
point_alpha_corridor,29,12,4,30,13,1,0,none,draft
point_alpha_corridor,41,12,2,42,12,1,0,none,draft
point_alpha_corridor,42,12,8,42,13,1,0,none,draft
point_alpha_corridor,49,12,16,48,13,1,0,none,draft
point_alpha_corridor,61,12,2,62,12,0,2,none,draft
point_alpha_corridor,62,12,8,62,13,0,2,none,draft
point_alpha_corridor,65,12,8,65,13,1,0,none,draft
point_alpha_corridor,73,12,4,74,13,2,0,none,draft
point_alpha_corridor,73,12,8,73,13,2,0,none,draft
point_alpha_corridor,74,12,8,74,13,2,0,none,draft
point_alpha_corridor,77,12,8,77,13,0,1,none,draft
point_alpha_corridor,85,12,16,84,13,1,0,none,draft
point_alpha_corridor,5,13,2,6,13,1,0,none,draft
point_alpha_corridor,6,13,8,6,14,1,0,none,draft
point_alpha_corridor,11,13,8,11,14,1,0,none,draft
point_alpha_corridor,18,13,4,19,13,1,0,none,draft
point_alpha_corridor,18,13,8,18,14,1,0,none,draft
point_alpha_corridor,19,13,2,20,13,0,1,none,draft
point_alpha_corridor,19,13,4,20,14,1,1,bridge,draft
point_alpha_corridor,19,13,8,19,14,0,1,none,draft
point_alpha_corridor,30,13,8,30,14,1,0,none,draft
point_alpha_corridor,42,13,8,42,14,1,0,none,draft
point_alpha_corridor,48,13,8,48,14,1,0,none,draft
point_alpha_corridor,62,13,8,62,14,0,2,none,draft
point_alpha_corridor,65,13,8,65,14,1,0,none,draft
point_alpha_corridor,73,13,8,73,14,1,0,none,draft
point_alpha_corridor,73,13,16,72,14,2,0,none,draft
point_alpha_corridor,77,13,8,77,14,0,1,none,draft
point_alpha_corridor,83,13,4,84,14,1,0,none,draft
point_alpha_corridor,83,13,8,83,14,1,0,none,draft
point_alpha_corridor,84,13,8,84,14,1,0,none,draft
point_alpha_corridor,6,14,8,6,15,1,0,none,draft
point_alpha_corridor,11,14,2,12,14,1,0,none,draft
point_alpha_corridor,12,14,8,12,15,1,0,none,draft
point_alpha_corridor,17,14,2,18,14,1,0,none,draft
point_alpha_corridor,17,14,8,17,15,1,0,none,draft
point_alpha_corridor,19,14,8,19,15,0,1,none,draft
point_alpha_corridor,30,14,8,30,15,1,0,none,draft
point_alpha_corridor,40,14,4,41,14,1,0,none,draft
point_alpha_corridor,41,14,2,42,14,1,0,none,draft
point_alpha_corridor,41,14,4,42,15,1,0,none,draft
point_alpha_corridor,42,14,8,42,15,1,0,none,draft
point_alpha_corridor,48,14,8,48,15,1,0,none,draft
point_alpha_corridor,61,14,2,62,14,0,2,none,draft
point_alpha_corridor,61,14,8,61,15,0,2,none,draft
point_alpha_corridor,65,14,2,66,14,1,0,none,draft
point_alpha_corridor,66,14,8,66,15,1,0,none,draft
point_alpha_corridor,69,14,2,70,14,1,0,none,draft
point_alpha_corridor,70,14,8,70,15,1,0,none,draft
point_alpha_corridor,71,14,4,72,15,2,0,none,draft
point_alpha_corridor,71,14,8,71,15,2,0,none,draft
point_alpha_corridor,71,14,16,70,15,1,0,none,draft
point_alpha_corridor,72,14,8,72,15,2,0,none,draft
point_alpha_corridor,73,14,2,74,14,1,0,none,draft
point_alpha_corridor,74,14,8,74,15,1,0,none,draft
point_alpha_corridor,77,14,8,77,15,0,1,none,draft
point_alpha_corridor,0,15,8,0,16,1,0,none,draft
point_alpha_corridor,1,15,16,0,16,1,0,none,draft
point_alpha_corridor,6,15,8,6,16,1,0,none,draft
point_alpha_corridor,12,15,8,12,16,1,0,none,draft
point_alpha_corridor,13,15,4,14,16,1,0,none,draft
point_alpha_corridor,13,15,16,12,16,1,0,none,draft
point_alpha_corridor,15,15,4,16,16,1,0,none,draft
point_alpha_corridor,15,15,16,14,16,1,0,none,draft
point_alpha_corridor,17,15,16,16,16,1,0,none,draft
point_alpha_corridor,19,15,8,19,16,0,1,none,draft
point_alpha_corridor,30,15,4,31,15,1,0,none,draft
point_alpha_corridor,31,15,8,31,16,1,0,none,draft
point_alpha_corridor,42,15,8,42,16,1,0,none,draft
point_alpha_corridor,47,15,2,48,15,1,0,none,draft
point_alpha_corridor,47,15,16,46,16,1,0,none,draft
point_alpha_corridor,48,15,4,49,15,1,0,none,draft
point_alpha_corridor,48,15,8,48,16,1,0,none,draft
point_alpha_corridor,49,15,2,50,15,1,0,none,draft
point_alpha_corridor,61,15,8,61,16,0,2,none,draft
point_alpha_corridor,66,15,4,67,15,1,0,none,draft
point_alpha_corridor,67,15,4,68,16,1,0,none,draft
point_alpha_corridor,71,15,16,70,16,2,0,none,draft
point_alpha_corridor,73,15,2,74,15,1,0,none,draft
point_alpha_corridor,73,15,4,74,16,1,0,none,draft
point_alpha_corridor,77,15,8,77,16,0,1,none,draft
point_alpha_corridor,0,16,4,1,16,0,1,none,draft
point_alpha_corridor,0,16,8,0,17,1,1,bridge,draft
point_alpha_corridor,1,16,8,1,17,0,1,none,draft
point_alpha_corridor,6,16,4,7,16,1,0,none,draft
point_alpha_corridor,7,16,8,7,17,1,0,none,draft
point_alpha_corridor,12,16,8,12,17,1,0,none,draft
point_alpha_corridor,15,16,4,16,17,1,0,none,draft
point_alpha_corridor,15,16,8,15,17,1,0,none,draft
point_alpha_corridor,16,16,8,16,17,1,0,none,draft
point_alpha_corridor,19,16,8,19,17,0,1,none,draft
point_alpha_corridor,31,16,8,31,17,1,1,none,draft
point_alpha_corridor,31,16,16,30,17,0,1,none,draft
point_alpha_corridor,41,16,4,42,17,1,0,none,draft
point_alpha_corridor,41,16,16,40,17,1,0,none,draft
point_alpha_corridor,42,16,4,43,16,1,0,none,draft
point_alpha_corridor,43,16,4,44,17,1,0,none,draft
point_alpha_corridor,43,16,16,42,17,1,0,none,draft
point_alpha_corridor,44,16,4,45,16,1,0,none,draft
point_alpha_corridor,45,16,2,46,16,1,0,none,draft
point_alpha_corridor,45,16,8,45,17,1,0,none,draft
point_alpha_corridor,48,16,4,49,16,1,0,none,draft
point_alpha_corridor,49,16,4,50,17,1,0,none,draft
point_alpha_corridor,61,16,16,60,17,0,2,none,draft
point_alpha_corridor,68,16,4,69,16,1,0,none,draft
point_alpha_corridor,69,16,2,70,16,2,0,none,draft
point_alpha_corridor,69,16,16,68,17,2,0,none,draft
point_alpha_corridor,73,16,2,74,16,1,0,none,draft
point_alpha_corridor,73,16,8,73,17,1,0,none,draft
point_alpha_corridor,77,16,8,77,17,0,1,none,draft
point_alpha_corridor,0,17,8,0,18,1,0,none,draft
point_alpha_corridor,1,17,4,2,18,0,1,none,draft
point_alpha_corridor,7,17,8,7,18,1,0,none,draft
point_alpha_corridor,11,17,2,12,17,1,0,none,draft
point_alpha_corridor,11,17,16,10,18,1,0,none,draft
point_alpha_corridor,14,17,4,15,17,1,0,none,draft
point_alpha_corridor,14,17,8,14,18,1,0,none,draft
point_alpha_corridor,19,17,16,18,18,0,1,none,draft
point_alpha_corridor,31,17,4,32,18,1,1,none,draft
point_alpha_corridor,31,17,8,31,18,1,0,none,draft
point_alpha_corridor,39,17,4,40,18,1,0,none,draft
point_alpha_corridor,39,17,8,39,18,1,0,none,draft
point_alpha_corridor,40,17,8,40,18,1,0,none,draft
point_alpha_corridor,44,17,4,45,17,1,0,none,draft
point_alpha_corridor,44,17,8,44,18,1,0,none,draft
point_alpha_corridor,50,17,4,51,17,1,0,none,draft
point_alpha_corridor,51,17,4,52,18,1,0,none,draft
point_alpha_corridor,60,17,8,60,18,0,2,none,draft
point_alpha_corridor,67,17,4,68,18,2,0,none,draft
point_alpha_corridor,67,17,8,67,18,2,0,none,draft
point_alpha_corridor,68,17,8,68,18,2,0,none,draft
point_alpha_corridor,73,17,8,73,18,1,0,none,draft
point_alpha_corridor,77,17,8,77,18,0,1,none,draft
point_alpha_corridor,0,18,4,1,18,1,0,none,draft
point_alpha_corridor,0,18,8,0,19,1,0,none,draft
point_alpha_corridor,1,18,8,1,19,1,0,none,draft
point_alpha_corridor,2,18,8,2,19,0,1,none,draft
point_alpha_corridor,7,18,4,8,19,1,0,none,draft
point_alpha_corridor,9,18,2,10,18,1,0,none,draft
point_alpha_corridor,9,18,8,9,19,1,0,none,draft
point_alpha_corridor,13,18,2,14,18,1,0,none,draft
point_alpha_corridor,13,18,8,13,19,1,0,none,draft
point_alpha_corridor,18,18,8,18,19,0,1,none,draft
point_alpha_corridor,30,18,4,31,18,1,0,none,draft
point_alpha_corridor,30,18,8,30,19,1,0,none,draft
point_alpha_corridor,32,18,4,33,18,0,1,none,draft
point_alpha_corridor,32,18,8,32,19,1,1,bridge,draft
point_alpha_corridor,33,18,4,34,19,1,1,bridge,draft
point_alpha_corridor,33,18,8,33,19,1,1,none,draft
point_alpha_corridor,33,18,16,32,19,1,0,none,draft
point_alpha_corridor,35,18,4,36,19,1,0,none,draft
point_alpha_corridor,35,18,16,34,19,1,0,none,draft
point_alpha_corridor,37,18,4,38,19,1,0,none,draft
point_alpha_corridor,37,18,16,36,19,1,0,none,draft
point_alpha_corridor,38,18,4,39,18,1,0,none,draft
point_alpha_corridor,38,18,8,38,19,1,0,none,draft
point_alpha_corridor,44,18,8,44,19,1,0,none,draft
point_alpha_corridor,52,18,4,53,18,1,0,none,draft
point_alpha_corridor,53,18,8,53,19,1,0,none,draft
point_alpha_corridor,60,18,8,60,19,0,2,none,draft
point_alpha_corridor,67,18,16,66,19,2,0,none,draft
point_alpha_corridor,73,18,8,73,19,1,0,none,draft
point_alpha_corridor,77,18,2,78,18,0,1,none,draft
point_alpha_corridor,78,18,8,78,19,0,1,none,draft
point_alpha_corridor,1,19,2,2,19,0,1,none,draft
point_alpha_corridor,1,19,8,1,20,1,1,bridge,draft
point_alpha_corridor,8,19,4,9,19,1,0,none,draft
point_alpha_corridor,9,19,4,10,20,1,0,none,draft
point_alpha_corridor,13,19,2,14,19,1,0,none,draft
point_alpha_corridor,13,19,8,13,20,1,0,none,draft
point_alpha_corridor,14,19,8,14,20,1,0,none,draft
point_alpha_corridor,30,19,8,30,20,1,0,none,draft
point_alpha_corridor,31,19,2,32,19,1,0,none,draft
point_alpha_corridor,31,19,16,30,20,1,0,none,draft
point_alpha_corridor,33,19,4,34,20,1,0,none,draft
point_alpha_corridor,33,19,8,33,20,0,1,none,draft
point_alpha_corridor,33,19,16,32,20,0,1,none,draft
point_alpha_corridor,44,19,8,44,20,1,0,none,draft
point_alpha_corridor,53,19,2,54,19,1,0,none,draft
point_alpha_corridor,54,19,8,54,20,1,0,none,draft
point_alpha_corridor,59,19,4,60,20,0,2,none,draft
point_alpha_corridor,59,19,8,59,20,0,2,none,draft
point_alpha_corridor,59,19,16,58,20,0,2,none,draft
point_alpha_corridor,60,19,8,60,20,0,2,none,draft
point_alpha_corridor,65,19,4,66,20,2,0,none,draft
point_alpha_corridor,65,19,8,65,20,2,0,none,draft
point_alpha_corridor,66,19,8,66,20,2,0,none,draft
point_alpha_corridor,73,19,4,74,20,1,0,none,draft
point_alpha_corridor,74,19,8,74,20,1,0,none,draft
point_alpha_corridor,75,19,4,76,20,1,0,none,draft
point_alpha_corridor,75,19,16,74,20,1,0,none,draft
point_alpha_corridor,77,19,4,78,20,1,0,none,draft
point_alpha_corridor,77,19,16,76,20,1,0,none,draft
point_alpha_corridor,78,19,4,79,19,0,1,none,draft
point_alpha_corridor,79,19,4,80,20,0,1,none,draft
point_alpha_corridor,91,19,16,90,20,1,0,none,draft
point_alpha_corridor,1,20,2,2,20,0,1,none,draft
point_alpha_corridor,1,20,4,2,21,1,0,none,draft
point_alpha_corridor,2,20,8,2,21,0,1,none,draft
point_alpha_corridor,10,20,8,10,21,1,0,none,draft
point_alpha_corridor,12,20,4,13,20,1,0,none,draft
point_alpha_corridor,12,20,8,12,21,1,0,none,draft
point_alpha_corridor,14,20,4,15,20,1,0,none,draft
point_alpha_corridor,15,20,4,16,21,1,0,none,draft
point_alpha_corridor,19,20,4,20,21,1,0,none,draft
point_alpha_corridor,19,20,8,19,21,1,0,none,draft
point_alpha_corridor,21,20,2,22,20,1,0,none,draft
point_alpha_corridor,21,20,16,20,21,1,0,none,draft
point_alpha_corridor,22,20,4,23,20,1,0,none,draft
point_alpha_corridor,23,20,2,24,20,1,0,none,draft
point_alpha_corridor,24,20,4,25,20,1,0,none,draft
point_alpha_corridor,25,20,2,26,20,1,0,none,draft
point_alpha_corridor,26,20,4,27,20,1,0,none,draft
point_alpha_corridor,27,20,2,28,20,1,0,none,draft
point_alpha_corridor,27,20,8,27,21,1,0,none,draft
point_alpha_corridor,27,20,16,26,21,1,0,none,draft
point_alpha_corridor,28,20,4,29,20,1,0,none,draft
point_alpha_corridor,29,20,2,30,20,1,0,none,draft
point_alpha_corridor,33,20,2,34,20,0,1,none,draft
point_alpha_corridor,34,20,4,35,20,1,0,none,draft
point_alpha_corridor,34,20,8,34,21,0,1,none,draft
point_alpha_corridor,35,20,4,36,21,1,0,none,draft
point_alpha_corridor,35,20,8,35,21,0,1,none,draft
point_alpha_corridor,35,20,16,34,21,0,1,none,draft
point_alpha_corridor,43,20,2,44,20,1,0,none,draft
point_alpha_corridor,43,20,8,43,21,1,0,none,draft
point_alpha_corridor,54,20,4,55,20,1,0,none,draft
point_alpha_corridor,55,20,4,56,21,1,0,none,draft
point_alpha_corridor,58,20,4,59,20,0,2,none,draft
point_alpha_corridor,59,20,16,58,21,0,2,none,draft
point_alpha_corridor,65,20,16,64,21,2,0,none,draft
point_alpha_corridor,78,20,4,79,20,1,0,none,draft
point_alpha_corridor,79,20,4,80,21,1,0,none,draft
point_alpha_corridor,80,20,8,80,21,0,1,none,draft
point_alpha_corridor,81,20,8,81,21,1,1,bridge,draft
point_alpha_corridor,81,20,16,80,21,0,1,none,draft
point_alpha_corridor,2,21,8,2,22,1,1,none,draft
point_alpha_corridor,9,21,4,10,22,1,0,none,draft
point_alpha_corridor,9,21,8,9,22,1,0,none,draft
point_alpha_corridor,10,21,8,10,22,1,0,none,draft
point_alpha_corridor,12,21,8,12,22,1,0,none,draft
point_alpha_corridor,16,21,4,17,21,1,0,none,draft
point_alpha_corridor,17,21,4,18,22,1,0,none,draft
point_alpha_corridor,17,21,8,17,22,1,0,none,draft
point_alpha_corridor,18,21,4,19,21,1,0,none,draft
point_alpha_corridor,18,21,8,18,22,1,0,none,draft
point_alpha_corridor,25,21,2,26,21,1,0,none,draft
point_alpha_corridor,25,21,16,24,22,1,0,none,draft
point_alpha_corridor,27,21,2,28,21,1,0,none,draft
point_alpha_corridor,27,21,4,28,22,1,0,none,draft
point_alpha_corridor,27,21,8,27,22,1,0,none,draft
point_alpha_corridor,28,21,8,28,22,1,0,none,draft
point_alpha_corridor,35,21,2,36,21,0,1,none,draft
point_alpha_corridor,36,21,4,37,21,1,0,none,draft
point_alpha_corridor,36,21,8,36,22,0,1,none,draft
point_alpha_corridor,37,21,4,38,22,1,0,none,draft
point_alpha_corridor,37,21,8,37,22,0,1,none,draft
point_alpha_corridor,37,21,16,36,22,0,1,none,draft
point_alpha_corridor,39,21,8,39,22,1,0,none,draft
point_alpha_corridor,39,21,16,38,22,1,0,none,draft
point_alpha_corridor,43,21,8,43,22,1,0,none,draft
point_alpha_corridor,56,21,8,56,22,1,0,none,draft
point_alpha_corridor,57,21,2,58,21,0,2,none,draft
point_alpha_corridor,57,21,4,58,22,0,2,none,draft
point_alpha_corridor,57,21,8,57,22,0,2,none,draft
point_alpha_corridor,58,21,8,58,22,0,2,none,draft
point_alpha_corridor,63,21,2,64,21,2,0,none,draft
point_alpha_corridor,63,21,8,63,22,2,0,none,draft
point_alpha_corridor,80,21,4,81,21,1,0,none,draft
point_alpha_corridor,81,21,2,82,21,0,1,none,draft
point_alpha_corridor,82,21,8,82,22,0,1,none,draft
point_alpha_corridor,83,21,8,83,22,0,1,none,draft
point_alpha_corridor,83,21,16,82,22,0,1,none,draft
point_alpha_corridor,2,22,4,3,22,0,1,none,draft
point_alpha_corridor,2,22,8,2,23,1,0,none,draft
point_alpha_corridor,3,22,8,3,23,0,1,none,draft
point_alpha_corridor,9,22,16,8,23,1,0,none,draft
point_alpha_corridor,11,22,2,12,22,1,0,none,draft
point_alpha_corridor,11,22,8,11,23,1,0,none,draft
point_alpha_corridor,17,22,16,16,23,1,0,none,draft
point_alpha_corridor,23,22,4,24,23,1,0,none,draft
point_alpha_corridor,23,22,8,23,23,1,0,none,draft
point_alpha_corridor,24,22,8,24,23,1,0,none,draft
point_alpha_corridor,27,22,8,27,23,1,0,none,draft
point_alpha_corridor,37,22,2,38,22,0,1,none,draft
point_alpha_corridor,38,22,8,38,23,0,1,none,draft
point_alpha_corridor,39,22,2,40,22,1,0,none,draft
point_alpha_corridor,40,22,8,40,23,1,0,none,draft
point_alpha_corridor,41,22,8,41,23,1,0,none,draft
point_alpha_corridor,41,22,16,40,23,1,0,none,draft
point_alpha_corridor,42,22,4,43,22,1,0,none,draft
point_alpha_corridor,42,22,8,42,23,1,0,none,draft
point_alpha_corridor,56,22,4,57,22,0,1,none,draft
point_alpha_corridor,56,22,8,56,23,1,1,none,draft
point_alpha_corridor,57,22,8,57,23,0,2,none,draft
point_alpha_corridor,62,22,4,63,22,2,0,none,draft
point_alpha_corridor,62,22,8,62,23,2,0,none,draft
point_alpha_corridor,83,22,2,84,22,0,1,none,draft
point_alpha_corridor,84,22,4,85,22,0,1,none,draft
point_alpha_corridor,2,23,8,2,24,1,0,none,draft
point_alpha_corridor,3,23,4,4,24,0,1,none,draft
point_alpha_corridor,3,23,8,3,24,1,0,none,draft
point_alpha_corridor,3,23,16,2,24,1,0,none,draft
point_alpha_corridor,5,23,4,6,24,1,0,none,draft
point_alpha_corridor,5,23,8,5,24,1,0,none,draft
point_alpha_corridor,6,23,8,6,24,1,0,none,draft
point_alpha_corridor,8,23,8,8,24,1,0,none,draft
point_alpha_corridor,11,23,8,11,24,1,0,none,draft
point_alpha_corridor,13,23,4,14,24,1,0,none,draft
point_alpha_corridor,13,23,8,13,24,1,0,none,draft
point_alpha_corridor,15,23,2,16,23,1,0,none,draft
point_alpha_corridor,15,23,16,14,24,1,0,none,draft
point_alpha_corridor,23,23,16,22,24,1,0,none,draft
point_alpha_corridor,27,23,4,28,24,1,0,none,draft
point_alpha_corridor,38,23,4,39,23,0,1,none,draft
point_alpha_corridor,39,23,2,40,23,0,1,none,draft
point_alpha_corridor,40,23,4,41,23,0,2,none,draft
point_alpha_corridor,41,23,2,42,23,1,0,none,draft
point_alpha_corridor,41,23,4,42,24,0,2,none,draft
point_alpha_corridor,41,23,8,41,24,1,2,bridge,draft
point_alpha_corridor,42,23,4,43,23,1,0,none,draft
point_alpha_corridor,43,23,4,44,24,1,0,none,draft
point_alpha_corridor,43,23,8,43,24,0,2,none,draft
point_alpha_corridor,43,23,16,42,24,0,2,none,draft
point_alpha_corridor,56,23,8,56,24,1,1,bridge,draft
point_alpha_corridor,57,23,4,58,24,0,2,none,draft
point_alpha_corridor,57,23,8,57,24,1,0,none,draft
point_alpha_corridor,57,23,16,56,24,1,0,none,draft
point_alpha_corridor,61,23,4,62,24,2,0,none,draft
point_alpha_corridor,61,23,8,61,24,2,0,none,draft
point_alpha_corridor,62,23,8,62,24,2,0,none,draft
point_alpha_corridor,3,24,2,4,24,1,1,bridge,draft
point_alpha_corridor,3,24,4,4,25,1,0,none,draft
point_alpha_corridor,3,24,16,2,25,1,0,none,draft
point_alpha_corridor,4,24,8,4,25,1,1,none,draft
point_alpha_corridor,5,24,4,6,25,1,0,none,draft
point_alpha_corridor,5,24,16,4,25,1,0,none,draft
point_alpha_corridor,7,24,4,8,25,1,0,none,draft
point_alpha_corridor,7,24,16,6,25,1,0,none,draft
point_alpha_corridor,8,24,8,8,25,1,0,none,draft
point_alpha_corridor,9,24,4,10,25,1,0,none,draft
point_alpha_corridor,9,24,16,8,25,1,0,none,draft
point_alpha_corridor,10,24,4,11,24,1,0,none,draft
point_alpha_corridor,10,24,8,10,25,1,0,none,draft
point_alpha_corridor,11,24,2,12,24,1,0,none,draft
point_alpha_corridor,11,24,16,10,25,1,0,none,draft
point_alpha_corridor,12,24,4,13,24,1,0,none,draft
point_alpha_corridor,22,24,8,22,25,1,0,none,draft
point_alpha_corridor,28,24,8,28,25,1,0,none,draft
point_alpha_corridor,41,24,8,41,25,1,0,none,draft
point_alpha_corridor,43,24,2,44,24,0,2,none,draft
point_alpha_corridor,44,24,4,45,24,1,0,none,draft
point_alpha_corridor,44,24,8,44,25,0,2,none,draft
point_alpha_corridor,45,24,8,45,25,0,2,none,draft
point_alpha_corridor,45,24,16,44,25,0,2,none,draft
point_alpha_corridor,55,24,2,56,24,0,1,none,draft
point_alpha_corridor,55,24,16,54,25,0,1,none,draft
point_alpha_corridor,57,24,8,57,25,1,0,none,draft
point_alpha_corridor,58,24,8,58,25,0,2,none,draft
point_alpha_corridor,61,24,8,61,25,2,0,none,draft
point_alpha_corridor,91,24,8,91,25,1,0,none,draft
point_alpha_corridor,1,25,4,2,26,1,0,none,draft
point_alpha_corridor,1,25,8,1,26,1,0,none,draft
point_alpha_corridor,2,25,8,2,26,1,0,none,draft
point_alpha_corridor,4,25,4,5,25,0,1,none,draft
point_alpha_corridor,5,25,4,6,26,0,1,none,draft
point_alpha_corridor,7,25,4,8,26,0,1,none,draft
point_alpha_corridor,7,25,16,6,26,0,1,none,draft
point_alpha_corridor,9,25,2,10,25,1,0,none,draft
point_alpha_corridor,9,25,4,10,26,0,1,none,draft
point_alpha_corridor,9,25,8,9,26,1,1,bridge,draft
point_alpha_corridor,9,25,16,8,26,0,1,none,draft
point_alpha_corridor,10,25,4,11,25,1,0,none,draft
point_alpha_corridor,11,25,4,12,26,1,0,none,draft
point_alpha_corridor,15,25,4,16,26,1,0,none,draft
point_alpha_corridor,15,25,16,14,26,1,0,none,draft
point_alpha_corridor,17,25,8,17,26,1,0,none,draft
point_alpha_corridor,17,25,16,16,26,1,0,none,draft
point_alpha_corridor,21,25,2,22,25,1,0,none,draft
point_alpha_corridor,21,25,8,21,26,1,0,none,draft
point_alpha_corridor,27,25,2,28,25,1,0,none,draft
point_alpha_corridor,27,25,8,27,26,1,0,none,draft
point_alpha_corridor,41,25,8,41,26,1,0,none,draft
point_alpha_corridor,45,25,4,46,26,0,2,none,draft
point_alpha_corridor,45,25,8,45,26,0,2,none,draft
point_alpha_corridor,45,25,16,44,26,0,2,none,draft
point_alpha_corridor,47,25,2,48,25,0,2,none,draft
point_alpha_corridor,47,25,8,47,26,0,2,none,draft
point_alpha_corridor,48,25,8,48,26,0,2,none,draft
point_alpha_corridor,49,25,8,49,26,0,2,none,draft
point_alpha_corridor,49,25,16,48,26,0,2,none,draft
point_alpha_corridor,53,25,4,54,26,0,2,none,draft
point_alpha_corridor,53,25,8,53,26,0,2,none,draft
point_alpha_corridor,54,25,8,54,26,0,1,none,draft
point_alpha_corridor,57,25,4,58,26,1,0,none,draft
point_alpha_corridor,58,25,4,59,25,0,2,none,draft
point_alpha_corridor,59,25,8,59,26,0,2,none,draft
point_alpha_corridor,61,25,8,61,26,2,0,none,draft
point_alpha_corridor,87,25,4,88,26,1,0,none,draft
point_alpha_corridor,87,25,16,86,26,1,0,none,draft
point_alpha_corridor,89,25,4,90,26,1,0,none,draft
point_alpha_corridor,89,25,16,88,26,1,0,none,draft
point_alpha_corridor,91,25,16,90,26,1,0,none,draft
point_alpha_corridor,1,26,16,0,27,1,0,none,draft
point_alpha_corridor,5,26,4,6,27,1,0,none,draft
point_alpha_corridor,5,26,8,5,27,1,0,none,draft
point_alpha_corridor,6,26,4,7,26,0,1,none,draft
point_alpha_corridor,7,26,4,8,27,1,0,none,draft
point_alpha_corridor,7,26,8,7,27,0,1,none,draft
point_alpha_corridor,7,26,16,6,27,1,1,bridge,draft
point_alpha_corridor,8,26,4,9,26,1,0,none,draft
point_alpha_corridor,8,26,8,8,27,1,0,none,draft
point_alpha_corridor,9,26,8,9,27,1,0,none,draft
point_alpha_corridor,10,26,4,11,26,0,1,none,draft
point_alpha_corridor,11,26,8,11,27,0,1,none,draft
point_alpha_corridor,12,26,4,13,26,1,0,none,draft
point_alpha_corridor,13,26,2,14,26,1,0,none,draft
point_alpha_corridor,13,26,4,14,27,1,0,none,draft
point_alpha_corridor,17,26,8,17,27,1,0,none,draft
point_alpha_corridor,21,26,16,20,27,1,0,none,draft
point_alpha_corridor,27,26,4,28,27,1,0,none,draft
point_alpha_corridor,40,26,4,41,26,1,0,none,draft
point_alpha_corridor,40,26,8,40,27,1,0,none,draft
point_alpha_corridor,41,26,2,42,26,0,2,none,draft
point_alpha_corridor,41,26,16,40,27,0,2,none,draft
point_alpha_corridor,42,26,4,43,26,0,2,none,draft
point_alpha_corridor,43,26,2,44,26,0,2,none,draft
point_alpha_corridor,43,26,4,44,27,1,0,none,draft
point_alpha_corridor,43,26,16,42,27,1,0,none,draft
point_alpha_corridor,44,26,8,44,27,1,0,none,draft
point_alpha_corridor,45,26,2,46,26,0,2,none,draft
point_alpha_corridor,45,26,8,45,27,1,0,none,draft
point_alpha_corridor,45,26,16,44,27,1,0,none,draft
point_alpha_corridor,46,26,4,47,26,0,2,none,draft
point_alpha_corridor,49,26,2,50,26,0,2,none,draft
point_alpha_corridor,50,26,8,50,27,0,2,none,draft
point_alpha_corridor,51,26,8,51,27,0,2,none,draft
point_alpha_corridor,51,26,16,50,27,0,2,none,draft
point_alpha_corridor,53,26,16,52,27,0,2,none,draft
point_alpha_corridor,54,26,8,54,27,0,1,none,draft
point_alpha_corridor,58,26,8,58,27,1,0,none,draft
point_alpha_corridor,59,26,8,59,27,0,2,none,draft
point_alpha_corridor,61,26,16,60,27,2,0,none,draft
point_alpha_corridor,71,26,4,72,27,0,1,none,draft
point_alpha_corridor,71,26,8,71,27,0,1,none,draft
point_alpha_corridor,73,26,2,74,26,0,1,none,draft
point_alpha_corridor,73,26,16,72,27,0,1,none,draft
point_alpha_corridor,74,26,4,75,26,0,1,none,draft
point_alpha_corridor,75,26,4,76,27,0,1,none,draft
point_alpha_corridor,77,26,8,77,27,0,1,none,draft
point_alpha_corridor,77,26,16,76,27,0,1,none,draft
point_alpha_corridor,79,26,4,80,27,1,0,none,draft
point_alpha_corridor,79,26,16,78,27,1,0,none,draft
point_alpha_corridor,80,26,4,81,26,1,0,none,draft
point_alpha_corridor,80,26,8,80,27,1,0,none,draft
point_alpha_corridor,81,26,2,82,26,1,0,none,draft
point_alpha_corridor,82,26,4,83,26,1,0,none,draft
point_alpha_corridor,83,26,2,84,26,1,0,none,draft
point_alpha_corridor,84,26,4,85,26,1,0,none,draft
point_alpha_corridor,84,26,8,84,27,1,0,none,draft
point_alpha_corridor,85,26,4,86,27,1,0,none,draft
point_alpha_corridor,86,26,8,86,27,1,0,none,draft
point_alpha_corridor,0,27,8,0,28,1,0,none,draft
point_alpha_corridor,1,27,4,2,28,1,0,none,draft
point_alpha_corridor,1,27,16,0,28,1,0,none,draft
point_alpha_corridor,2,27,4,3,27,1,0,none,draft
point_alpha_corridor,2,27,8,2,28,1,0,none,draft
point_alpha_corridor,3,27,2,4,27,1,0,none,draft
point_alpha_corridor,4,27,4,5,27,1,0,none,draft
point_alpha_corridor,7,27,8,7,28,0,1,none,draft
point_alpha_corridor,9,27,8,9,28,1,0,none,draft
point_alpha_corridor,11,27,8,11,28,0,1,none,draft
point_alpha_corridor,14,27,4,15,27,1,0,none,draft
point_alpha_corridor,15,27,4,16,28,1,0,none,draft
point_alpha_corridor,17,27,8,17,28,1,0,none,draft
point_alpha_corridor,17,27,16,16,28,1,0,none,draft
point_alpha_corridor,19,27,4,20,28,1,0,none,draft
point_alpha_corridor,19,27,8,19,28,1,0,none,draft
point_alpha_corridor,20,27,8,20,28,1,0,none,draft
point_alpha_corridor,28,27,8,28,28,1,0,none,draft
point_alpha_corridor,39,27,2,40,27,0,2,none,draft
point_alpha_corridor,39,27,4,40,28,1,0,none,draft
point_alpha_corridor,39,27,8,39,28,1,0,none,draft
point_alpha_corridor,39,27,16,38,28,0,2,none,draft
point_alpha_corridor,40,27,8,40,28,1,2,bridge,draft
point_alpha_corridor,41,27,2,42,27,1,0,none,draft
point_alpha_corridor,41,27,16,40,28,1,0,none,draft
point_alpha_corridor,45,27,2,46,27,1,0,none,draft
point_alpha_corridor,46,27,4,47,27,1,0,none,draft
point_alpha_corridor,47,27,4,48,28,1,0,none,draft
point_alpha_corridor,51,27,2,52,27,0,2,none,draft
point_alpha_corridor,54,27,8,54,28,0,1,none,draft
point_alpha_corridor,58,27,4,59,27,1,0,none,draft
point_alpha_corridor,59,27,2,60,27,2,3,bridge,draft
point_alpha_corridor,59,27,4,60,28,0,3,none,draft
point_alpha_corridor,59,27,8,59,28,2,3,none,draft
point_alpha_corridor,60,27,8,60,28,1,0,none,draft
point_alpha_corridor,69,27,4,70,28,0,1,none,draft
point_alpha_corridor,69,27,8,69,28,0,1,none,draft
point_alpha_corridor,70,27,4,71,27,0,1,none,draft
point_alpha_corridor,70,27,8,70,28,0,1,none,draft
point_alpha_corridor,71,27,2,72,27,1,0,none,draft
point_alpha_corridor,71,27,16,70,28,1,0,none,draft
point_alpha_corridor,72,27,4,73,27,1,0,none,draft
point_alpha_corridor,73,27,2,74,27,1,0,none,draft
point_alpha_corridor,73,27,4,74,28,1,0,none,draft
point_alpha_corridor,74,27,4,75,27,1,0,none,draft
point_alpha_corridor,75,27,2,76,27,1,0,none,draft
point_alpha_corridor,76,27,4,77,27,1,0,none,draft
point_alpha_corridor,77,27,2,78,27,1,1,bridge,draft
point_alpha_corridor,77,27,4,78,28,0,1,none,draft
point_alpha_corridor,7,28,8,7,29,0,1,none,draft
point_alpha_corridor,8,28,4,9,28,1,0,none,draft
point_alpha_corridor,8,28,8,8,29,1,0,none,draft
point_alpha_corridor,11,28,2,12,28,0,1,none,draft
point_alpha_corridor,12,28,8,12,29,0,1,none,draft
point_alpha_corridor,17,28,2,18,28,1,0,none,draft
point_alpha_corridor,18,28,8,18,29,1,0,none,draft
point_alpha_corridor,19,28,16,18,29,1,0,none,draft
point_alpha_corridor,28,28,8,28,29,1,0,none,draft
point_alpha_corridor,37,28,2,38,28,0,2,none,draft
point_alpha_corridor,37,28,4,38,29,1,0,none,draft
point_alpha_corridor,37,28,8,37,29,1,0,none,draft
point_alpha_corridor,37,28,16,36,29,0,2,none,draft
point_alpha_corridor,38,28,4,39,28,1,0,none,draft
point_alpha_corridor,38,28,8,38,29,1,0,none,draft
point_alpha_corridor,48,28,4,49,28,1,0,none,draft
point_alpha_corridor,49,28,8,49,29,1,0,none,draft
point_alpha_corridor,54,28,4,55,28,0,1,none,draft
point_alpha_corridor,55,28,8,55,29,0,1,none,draft
point_alpha_corridor,58,28,4,59,28,2,0,none,draft
point_alpha_corridor,58,28,8,58,29,2,0,none,draft
point_alpha_corridor,59,28,2,60,28,0,3,none,draft
point_alpha_corridor,59,28,8,59,29,2,0,none,draft
point_alpha_corridor,59,28,16,58,29,2,0,none,draft
point_alpha_corridor,60,28,4,61,28,1,0,none,draft
point_alpha_corridor,60,28,8,60,29,0,3,none,draft
point_alpha_corridor,61,28,4,62,29,1,0,none,draft
point_alpha_corridor,61,28,8,61,29,0,2,none,draft
point_alpha_corridor,61,28,16,60,29,0,2,none,draft
point_alpha_corridor,67,28,4,68,29,0,1,none,draft
point_alpha_corridor,67,28,16,66,29,0,1,none,draft
point_alpha_corridor,68,28,4,69,28,0,1,none,draft
point_alpha_corridor,68,28,8,68,29,0,1,none,draft
point_alpha_corridor,69,28,2,70,28,1,0,none,draft
point_alpha_corridor,69,28,16,68,29,1,0,none,draft
point_alpha_corridor,74,28,8,74,29,1,0,none,draft
point_alpha_corridor,75,28,8,75,29,1,0,none,draft
point_alpha_corridor,75,28,16,74,29,1,0,none,draft
point_alpha_corridor,78,28,8,78,29,0,1,none,draft
point_alpha_corridor,7,29,8,7,30,0,1,none,draft
point_alpha_corridor,8,29,8,8,30,1,0,none,draft
point_alpha_corridor,17,29,2,18,29,1,0,none,draft
point_alpha_corridor,17,29,8,17,30,1,0,none,draft
point_alpha_corridor,18,29,8,18,30,1,0,none,draft
point_alpha_corridor,19,29,8,19,30,1,0,none,draft
point_alpha_corridor,19,29,16,18,30,1,0,none,draft
point_alpha_corridor,28,29,8,28,30,1,0,none,draft
point_alpha_corridor,36,29,8,36,30,0,2,none,draft
point_alpha_corridor,37,29,16,36,30,1,0,none,draft
point_alpha_corridor,49,29,2,50,29,1,0,none,draft
point_alpha_corridor,50,29,8,50,30,1,0,none,draft
point_alpha_corridor,55,29,8,55,30,0,1,none,draft
point_alpha_corridor,58,29,8,58,30,2,0,none,draft
point_alpha_corridor,59,29,8,59,30,2,0,none,draft
point_alpha_corridor,60,29,8,60,30,0,3,none,draft
point_alpha_corridor,61,29,4,62,30,0,1,none,draft
point_alpha_corridor,61,29,8,61,30,0,2,none,draft
point_alpha_corridor,62,29,8,62,30,1,0,none,draft
point_alpha_corridor,63,29,4,64,30,1,1,none,draft
point_alpha_corridor,63,29,8,63,30,1,0,none,draft
point_alpha_corridor,63,29,16,62,30,0,1,none,draft
point_alpha_corridor,64,29,4,65,29,0,1,none,draft
point_alpha_corridor,64,29,8,64,30,0,1,none,draft
point_alpha_corridor,65,29,2,66,29,0,1,none,draft
point_alpha_corridor,65,29,4,66,30,1,0,none,draft
point_alpha_corridor,65,29,16,64,30,1,0,none,draft
point_alpha_corridor,67,29,2,68,29,1,0,none,draft
point_alpha_corridor,67,29,16,66,30,1,0,none,draft
point_alpha_corridor,75,29,4,76,30,1,0,none,draft
point_alpha_corridor,78,29,8,78,30,0,1,none,draft
point_alpha_corridor,91,29,8,91,30,0,1,none,draft
point_alpha_corridor,5,30,4,6,31,0,1,none,draft
point_alpha_corridor,5,30,8,5,31,0,1,none,draft
point_alpha_corridor,6,30,4,7,30,0,1,none,draft
point_alpha_corridor,6,30,8,6,31,0,1,none,draft
point_alpha_corridor,7,30,2,8,30,1,0,none,draft
point_alpha_corridor,7,30,8,7,31,1,0,none,draft
point_alpha_corridor,17,30,16,16,31,1,0,none,draft
point_alpha_corridor,19,30,4,20,31,1,0,none,draft
point_alpha_corridor,28,30,8,28,31,1,0,none,draft
point_alpha_corridor,29,30,8,29,31,1,0,none,draft
point_alpha_corridor,29,30,16,28,31,1,0,none,draft
point_alpha_corridor,35,30,2,36,30,0,2,none,draft
point_alpha_corridor,35,30,4,36,31,1,0,none,draft
point_alpha_corridor,35,30,8,35,31,1,0,none,draft
point_alpha_corridor,35,30,16,34,31,0,2,none,draft
point_alpha_corridor,36,30,8,36,31,1,0,none,draft
point_alpha_corridor,50,30,8,50,31,1,0,none,draft
point_alpha_corridor,54,30,4,55,30,0,1,none,draft
point_alpha_corridor,54,30,8,54,31,0,1,none,draft
point_alpha_corridor,57,30,2,58,30,2,0,none,draft
point_alpha_corridor,57,30,16,56,31,2,0,none,draft
point_alpha_corridor,59,30,8,59,31,2,0,none,draft
point_alpha_corridor,60,30,4,61,30,0,3,none,draft
point_alpha_corridor,61,30,8,61,31,0,3,none,draft
point_alpha_corridor,62,30,4,63,30,1,1,bridge,draft
point_alpha_corridor,76,30,4,77,30,1,0,none,draft
point_alpha_corridor,77,30,8,77,31,1,0,none,draft
point_alpha_corridor,78,30,8,78,31,0,1,none,draft
point_alpha_corridor,91,30,8,91,31,0,1,none,draft
point_alpha_corridor,5,31,8,5,32,0,1,none,draft
point_alpha_corridor,7,31,2,8,31,1,0,none,draft
point_alpha_corridor,7,31,8,7,32,1,0,none,draft
point_alpha_corridor,8,31,8,8,32,1,0,none,draft
point_alpha_corridor,16,31,8,16,32,1,0,none,draft
point_alpha_corridor,18,31,4,19,31,0,1,none,draft
point_alpha_corridor,19,31,2,20,31,0,1,none,draft
point_alpha_corridor,20,31,4,21,31,1,0,none,draft
point_alpha_corridor,20,31,8,20,32,0,1,none,draft
point_alpha_corridor,21,31,4,22,32,1,0,none,draft
point_alpha_corridor,21,31,8,21,32,0,1,none,draft
point_alpha_corridor,21,31,16,20,32,0,1,none,draft
point_alpha_corridor,23,31,8,23,32,1,0,none,draft
point_alpha_corridor,23,31,16,22,32,1,0,none,draft
point_alpha_corridor,29,31,8,29,32,1,0,none,draft
point_alpha_corridor,33,31,2,34,31,0,2,none,draft
point_alpha_corridor,33,31,16,32,32,0,2,none,draft
point_alpha_corridor,35,31,16,34,32,1,0,none,draft
point_alpha_corridor,50,31,8,50,32,1,0,none,draft
point_alpha_corridor,53,31,2,54,31,0,1,none,draft
point_alpha_corridor,53,31,16,52,32,0,1,none,draft
point_alpha_corridor,55,31,2,56,31,2,0,none,draft
point_alpha_corridor,55,31,8,55,32,2,0,none,draft
point_alpha_corridor,59,31,8,59,32,2,0,none,draft
point_alpha_corridor,61,31,8,61,32,0,3,none,draft
point_alpha_corridor,77,31,8,77,32,1,0,none,draft
point_alpha_corridor,78,31,8,78,32,0,1,none,draft
point_alpha_corridor,91,31,8,91,32,0,1,none,draft
point_alpha_corridor,5,32,16,4,33,0,1,none,draft
point_alpha_corridor,6,32,4,7,32,1,0,none,draft
point_alpha_corridor,6,32,8,6,33,1,0,none,draft
point_alpha_corridor,7,32,2,8,32,1,0,none,draft
point_alpha_corridor,7,32,8,7,33,1,0,none,draft
point_alpha_corridor,15,32,2,16,32,1,0,none,draft
point_alpha_corridor,15,32,16,14,33,1,0,none,draft
point_alpha_corridor,21,32,2,22,32,0,1,none,draft
point_alpha_corridor,22,32,8,22,33,0,1,none,draft
point_alpha_corridor,23,32,2,24,32,1,0,none,draft
point_alpha_corridor,23,32,8,23,33,0,1,none,draft
point_alpha_corridor,23,32,16,22,33,0,1,none,draft
point_alpha_corridor,24,32,8,24,33,1,0,none,draft
point_alpha_corridor,25,32,8,25,33,1,0,none,draft
point_alpha_corridor,25,32,16,24,33,1,0,none,draft
point_alpha_corridor,29,32,4,30,33,1,0,none,draft
point_alpha_corridor,31,32,4,32,33,0,2,none,draft
point_alpha_corridor,31,32,8,31,33,0,2,none,draft
point_alpha_corridor,32,32,8,32,33,0,2,none,draft
point_alpha_corridor,33,32,2,34,32,1,0,none,draft
point_alpha_corridor,33,32,16,32,33,1,0,none,draft
point_alpha_corridor,50,32,8,50,33,1,0,none,draft
point_alpha_corridor,51,32,4,52,33,0,1,none,draft
point_alpha_corridor,51,32,16,50,33,0,1,none,draft
point_alpha_corridor,52,32,8,52,33,0,1,none,draft
point_alpha_corridor,55,32,16,54,33,2,0,none,draft
point_alpha_corridor,59,32,2,60,32,2,0,none,draft
point_alpha_corridor,60,32,8,60,33,2,0,none,draft
point_alpha_corridor,61,32,2,62,32,0,3,none,draft
point_alpha_corridor,62,32,8,62,33,0,3,none,draft
point_alpha_corridor,77,32,4,78,33,0,1,none,draft
point_alpha_corridor,77,32,8,77,33,1,1,none,draft
point_alpha_corridor,78,32,8,78,33,0,1,none,draft
point_alpha_corridor,90,32,4,91,32,0,1,none,draft
point_alpha_corridor,90,32,8,90,33,0,1,none,draft
point_alpha_corridor,91,32,8,91,33,1,0,none,draft
point_alpha_corridor,3,33,2,4,33,0,1,none,draft
point_alpha_corridor,3,33,16,2,34,0,1,none,draft
point_alpha_corridor,5,33,4,6,34,1,0,none,draft
point_alpha_corridor,5,33,8,5,34,1,0,none,draft
point_alpha_corridor,6,33,8,6,34,1,0,none,draft
point_alpha_corridor,7,33,8,7,34,1,0,none,draft
point_alpha_corridor,14,33,8,14,34,1,0,none,draft
point_alpha_corridor,23,33,2,24,33,0,1,none,draft
point_alpha_corridor,24,33,8,24,34,0,1,none,draft
point_alpha_corridor,25,33,2,26,33,1,0,none,draft
point_alpha_corridor,25,33,4,26,34,0,1,none,draft
point_alpha_corridor,25,33,16,24,34,0,1,none,draft
point_alpha_corridor,26,33,4,27,33,1,0,none,draft
point_alpha_corridor,27,33,4,28,34,1,0,none,draft
point_alpha_corridor,27,33,8,27,34,0,1,none,draft
point_alpha_corridor,27,33,16,26,34,0,1,none,draft
point_alpha_corridor,28,33,4,29,33,1,0,none,draft
point_alpha_corridor,28,33,8,28,34,1,0,none,draft
point_alpha_corridor,29,33,2,30,33,1,0,none,draft
point_alpha_corridor,29,33,4,30,34,0,1,none,draft
point_alpha_corridor,29,33,16,28,34,0,1,none,draft
point_alpha_corridor,30,33,4,31,33,0,2,none,draft
point_alpha_corridor,30,33,8,30,34,1,2,none,draft
point_alpha_corridor,31,33,2,32,33,1,0,none,draft
point_alpha_corridor,31,33,16,30,34,1,0,none,draft
point_alpha_corridor,50,33,8,50,34,1,1,bridge,draft
point_alpha_corridor,51,33,8,51,34,1,0,none,draft
point_alpha_corridor,51,33,16,50,34,1,0,none,draft
point_alpha_corridor,54,33,8,54,34,2,0,none,draft
point_alpha_corridor,60,33,8,60,34,2,0,none,draft
point_alpha_corridor,62,33,8,62,34,0,3,none,draft
point_alpha_corridor,63,33,8,63,34,0,3,none,draft
point_alpha_corridor,77,33,8,77,34,1,1,none,draft
point_alpha_corridor,89,33,4,90,34,1,0,none,draft
point_alpha_corridor,89,33,8,89,34,1,0,none,draft
point_alpha_corridor,90,33,4,91,33,1,1,bridge,draft
point_alpha_corridor,90,33,8,90,34,1,1,none,draft
point_alpha_corridor,2,34,8,2,35,0,1,none,draft
point_alpha_corridor,5,34,16,4,35,1,0,none,draft
point_alpha_corridor,7,34,2,8,34,1,0,none,draft
point_alpha_corridor,8,34,8,8,35,1,0,none,draft
point_alpha_corridor,13,34,2,14,34,1,0,none,draft
point_alpha_corridor,13,34,8,13,35,1,0,none,draft
point_alpha_corridor,27,34,2,28,34,0,1,none,draft
point_alpha_corridor,29,34,2,30,34,1,0,none,draft
point_alpha_corridor,29,34,4,30,35,0,1,none,draft
point_alpha_corridor,29,34,8,29,35,0,1,none,draft
point_alpha_corridor,30,34,8,30,35,1,1,bridge,draft
point_alpha_corridor,49,34,2,50,34,0,1,none,draft
point_alpha_corridor,49,34,16,48,35,0,1,none,draft
point_alpha_corridor,51,34,8,51,35,1,0,none,draft
point_alpha_corridor,53,34,2,54,34,2,0,none,draft
point_alpha_corridor,53,34,16,52,35,2,0,none,draft
point_alpha_corridor,60,34,4,61,34,2,0,none,draft
point_alpha_corridor,61,34,8,61,35,2,0,none,draft
point_alpha_corridor,62,34,4,63,34,0,3,none,draft
point_alpha_corridor,63,34,8,63,35,0,3,none,draft
point_alpha_corridor,65,34,8,65,35,1,0,none,draft
point_alpha_corridor,77,34,4,78,35,0,1,none,draft
point_alpha_corridor,77,34,16,76,35,1,0,none,draft
point_alpha_corridor,79,34,16,78,35,0,1,none,draft
point_alpha_corridor,85,34,4,86,35,1,0,none,draft
point_alpha_corridor,89,34,2,90,34,0,1,none,draft
point_alpha_corridor,89,34,8,89,35,0,1,none,draft
point_alpha_corridor,89,34,16,88,35,1,0,none,draft
point_alpha_corridor,1,35,2,2,35,0,1,none,draft
point_alpha_corridor,1,35,16,0,36,0,1,none,draft
point_alpha_corridor,4,35,8,4,36,1,0,none,draft
point_alpha_corridor,8,35,8,8,36,1,0,none,draft
point_alpha_corridor,13,35,8,13,36,1,0,none,draft
point_alpha_corridor,29,35,2,30,35,1,0,none,draft
point_alpha_corridor,29,35,8,29,36,1,1,none,draft
point_alpha_corridor,30,35,4,31,35,1,0,none,draft
point_alpha_corridor,31,35,16,30,36,1,0,none,draft
point_alpha_corridor,47,35,2,48,35,0,1,none,draft
point_alpha_corridor,47,35,16,46,36,0,1,none,draft
point_alpha_corridor,51,35,2,52,35,2,0,none,draft
point_alpha_corridor,51,35,8,51,36,2,0,none,draft
point_alpha_corridor,61,35,8,61,36,2,0,none,draft
point_alpha_corridor,63,35,16,62,36,0,3,none,draft
point_alpha_corridor,65,35,8,65,36,1,1,bridge,draft
point_alpha_corridor,76,35,8,76,36,1,0,none,draft
point_alpha_corridor,86,35,8,86,36,1,0,none,draft
point_alpha_corridor,87,35,2,88,35,1,0,none,draft
point_alpha_corridor,87,35,4,88,36,1,0,none,draft
point_alpha_corridor,87,35,8,87,36,1,0,none,draft
point_alpha_corridor,89,35,8,89,36,0,1,none,draft
point_alpha_corridor,3,36,2,4,36,1,0,none,draft
point_alpha_corridor,3,36,16,2,37,1,0,none,draft
point_alpha_corridor,8,36,8,8,37,1,0,none,draft
point_alpha_corridor,9,36,8,9,37,1,0,none,draft
point_alpha_corridor,9,36,16,8,37,1,0,none,draft
point_alpha_corridor,13,36,16,12,37,1,0,none,draft
point_alpha_corridor,29,36,8,29,37,1,0,none,draft
point_alpha_corridor,29,36,16,28,37,0,1,none,draft
point_alpha_corridor,30,36,8,30,37,1,0,none,draft
point_alpha_corridor,45,36,4,46,37,0,1,none,draft
point_alpha_corridor,45,36,8,45,37,0,1,none,draft
point_alpha_corridor,46,36,8,46,37,0,1,none,draft
point_alpha_corridor,50,36,4,51,36,2,0,none,draft
point_alpha_corridor,50,36,8,50,37,2,0,none,draft
point_alpha_corridor,61,36,4,62,37,2,0,none,draft
point_alpha_corridor,62,36,4,63,36,0,3,none,draft
point_alpha_corridor,63,36,4,64,37,0,1,none,draft
point_alpha_corridor,63,36,8,63,37,0,3,none,draft
point_alpha_corridor,64,36,4,65,36,1,0,none,draft
point_alpha_corridor,64,36,8,64,37,1,0,none,draft
point_alpha_corridor,65,36,2,66,36,1,0,none,draft
point_alpha_corridor,65,36,4,66,37,0,1,none,draft
point_alpha_corridor,65,36,16,64,37,1,1,none,draft
point_alpha_corridor,66,36,4,67,36,1,0,none,draft
point_alpha_corridor,67,36,8,67,37,0,1,none,draft
point_alpha_corridor,67,36,16,66,37,0,1,none,draft
point_alpha_corridor,75,36,4,76,37,1,0,none,draft
point_alpha_corridor,75,36,8,75,37,1,0,none,draft
point_alpha_corridor,76,36,8,76,37,1,0,none,draft
point_alpha_corridor,86,36,8,86,37,1,0,none,draft
point_alpha_corridor,87,36,16,86,37,1,0,none,draft
point_alpha_corridor,88,36,8,88,37,1,0,none,draft
point_alpha_corridor,89,36,2,90,36,0,1,none,draft
point_alpha_corridor,90,36,8,90,37,0,1,none,draft
point_alpha_corridor,2,37,8,2,38,1,0,none,draft
point_alpha_corridor,9,37,4,10,38,1,0,none,draft
point_alpha_corridor,12,37,8,12,38,1,0,none,draft
point_alpha_corridor,23,37,2,24,37,0,1,none,draft
point_alpha_corridor,24,37,4,25,37,0,1,none,draft
point_alpha_corridor,25,37,2,26,37,0,1,none,draft
point_alpha_corridor,26,37,4,27,37,0,1,none,draft
point_alpha_corridor,27,37,2,28,37,0,1,none,draft
point_alpha_corridor,28,37,4,29,37,1,0,none,draft
point_alpha_corridor,28,37,8,28,38,1,1,none,draft
point_alpha_corridor,30,37,4,31,37,1,0,none,draft
point_alpha_corridor,31,37,4,32,38,1,0,none,draft
point_alpha_corridor,45,37,8,45,38,0,1,none,draft
point_alpha_corridor,50,37,8,50,38,2,0,none,draft
point_alpha_corridor,62,37,4,63,37,2,0,none,draft
point_alpha_corridor,62,37,8,62,38,1,0,none,draft
point_alpha_corridor,63,37,2,64,37,1,3,bridge,draft
point_alpha_corridor,63,37,4,64,38,0,2,none,draft
point_alpha_corridor,63,37,8,63,38,2,0,none,draft
point_alpha_corridor,64,37,8,64,38,1,1,bridge,draft
point_alpha_corridor,67,37,8,67,38,0,1,none,draft
point_alpha_corridor,75,37,16,74,38,1,0,none,draft
point_alpha_corridor,85,37,4,86,38,1,0,none,draft
point_alpha_corridor,85,37,8,85,38,1,0,none,draft
point_alpha_corridor,86,37,8,86,38,1,0,none,draft
point_alpha_corridor,88,37,4,89,37,1,0,none,draft
point_alpha_corridor,1,38,2,2,38,1,0,none,draft
point_alpha_corridor,1,38,8,1,39,1,0,none,draft
point_alpha_corridor,10,38,4,11,38,1,0,none,draft
point_alpha_corridor,11,38,4,12,39,1,0,none,draft
point_alpha_corridor,11,38,8,11,39,1,0,none,draft
point_alpha_corridor,12,38,8,12,39,1,0,none,draft
point_alpha_corridor,13,38,8,13,39,1,0,none,draft
point_alpha_corridor,13,38,16,12,39,1,0,none,draft
point_alpha_corridor,28,38,4,29,38,1,0,none,draft
point_alpha_corridor,28,38,8,28,39,0,1,none,draft
point_alpha_corridor,29,38,8,29,39,1,1,bridge,draft
point_alpha_corridor,29,38,16,28,39,0,1,none,draft
point_alpha_corridor,32,38,4,33,38,1,0,none,draft
point_alpha_corridor,33,38,8,33,39,1,0,none,draft
point_alpha_corridor,45,38,16,44,39,0,1,none,draft
point_alpha_corridor,49,38,2,50,38,2,0,none,draft
point_alpha_corridor,49,38,8,49,39,2,0,none,draft
point_alpha_corridor,61,38,2,62,38,1,0,none,draft
point_alpha_corridor,61,38,8,61,39,1,0,none,draft
point_alpha_corridor,63,38,2,64,38,0,2,none,draft
point_alpha_corridor,63,38,4,64,39,2,2,bridge,draft
point_alpha_corridor,63,38,8,63,39,0,2,none,draft
point_alpha_corridor,64,38,8,64,39,1,0,none,draft
point_alpha_corridor,67,38,2,68,38,0,1,none,draft
point_alpha_corridor,68,38,8,68,39,0,1,none,draft
point_alpha_corridor,69,38,8,69,39,0,1,none,draft
point_alpha_corridor,69,38,16,68,39,0,1,none,draft
point_alpha_corridor,73,38,4,74,39,1,0,none,draft
point_alpha_corridor,73,38,8,73,39,1,0,none,draft
point_alpha_corridor,74,38,8,74,39,1,0,none,draft
point_alpha_corridor,84,38,4,85,38,1,0,none,draft
point_alpha_corridor,84,38,8,84,39,1,0,none,draft
point_alpha_corridor,0,39,4,1,39,1,0,none,draft
point_alpha_corridor,0,39,8,0,40,1,0,none,draft
point_alpha_corridor,11,39,16,10,40,1,0,none,draft
point_alpha_corridor,28,39,4,29,39,1,0,none,draft
point_alpha_corridor,28,39,8,28,40,1,0,none,draft
point_alpha_corridor,29,39,2,30,39,0,1,none,draft
point_alpha_corridor,30,39,8,30,40,0,1,none,draft
point_alpha_corridor,33,39,2,34,39,1,0,none,draft
point_alpha_corridor,34,39,8,34,40,1,0,none,draft
point_alpha_corridor,44,39,8,44,40,0,1,none,draft
point_alpha_corridor,49,39,8,49,40,2,0,none,draft
point_alpha_corridor,61,39,8,61,40,1,0,none,draft
point_alpha_corridor,62,39,4,63,39,0,2,none,draft
point_alpha_corridor,62,39,8,62,40,0,2,none,draft
point_alpha_corridor,64,39,8,64,40,2,0,none,draft
point_alpha_corridor,69,39,2,70,39,0,1,none,draft
point_alpha_corridor,70,39,4,71,39,0,1,none,draft
point_alpha_corridor,71,39,2,72,39,1,1,bridge,draft
point_alpha_corridor,71,39,4,72,40,0,1,none,draft
point_alpha_corridor,71,39,8,71,40,1,0,none,draft
point_alpha_corridor,72,39,4,73,39,1,0,none,draft
point_alpha_corridor,73,39,2,74,39,1,0,none,draft
point_alpha_corridor,74,39,8,74,40,1,0,none,draft
point_alpha_corridor,75,39,4,76,40,0,1,none,draft
point_alpha_corridor,75,39,8,75,40,1,0,none,draft
point_alpha_corridor,75,39,16,74,40,1,1,bridge,draft
point_alpha_corridor,83,39,2,84,39,1,0,none,draft
point_alpha_corridor,83,39,16,82,40,1,0,none,draft
point_alpha_corridor,0,40,8,0,41,1,0,none,draft
point_alpha_corridor,9,40,2,10,40,1,0,none,draft
point_alpha_corridor,9,40,16,8,41,1,0,none,draft
point_alpha_corridor,28,40,8,28,41,1,0,none,draft
point_alpha_corridor,29,40,2,30,40,0,1,none,draft
point_alpha_corridor,29,40,8,29,41,0,1,none,draft
point_alpha_corridor,34,40,4,35,40,1,0,none,draft
point_alpha_corridor,35,40,4,36,41,1,0,none,draft
point_alpha_corridor,43,40,2,44,40,0,1,none,draft
point_alpha_corridor,43,40,8,43,41,0,1,none,draft
point_alpha_corridor,49,40,16,48,41,2,0,none,draft
point_alpha_corridor,60,40,4,61,40,1,0,none,draft
point_alpha_corridor,60,40,8,60,41,1,0,none,draft
point_alpha_corridor,61,40,4,62,41,0,2,none,draft
point_alpha_corridor,61,40,8,61,41,0,2,none,draft
point_alpha_corridor,62,40,8,62,41,0,2,none,draft
point_alpha_corridor,63,40,2,64,40,2,0,none,draft
point_alpha_corridor,63,40,8,63,41,2,0,none,draft
point_alpha_corridor,69,40,4,70,41,1,0,none,draft
point_alpha_corridor,69,40,16,68,41,1,0,none,draft
point_alpha_corridor,70,40,4,71,40,1,0,none,draft
point_alpha_corridor,70,40,8,70,41,1,0,none,draft
point_alpha_corridor,72,40,4,73,40,0,1,none,draft
point_alpha_corridor,73,40,2,74,40,0,1,none,draft
point_alpha_corridor,75,40,2,76,40,1,0,none,draft
point_alpha_corridor,76,40,4,77,40,0,1,none,draft
point_alpha_corridor,76,40,8,76,41,1,0,none,draft
point_alpha_corridor,77,40,4,78,41,0,1,none,draft
point_alpha_corridor,77,40,8,77,41,1,0,none,draft
point_alpha_corridor,77,40,16,76,41,1,0,none,draft
point_alpha_corridor,81,40,4,82,41,1,0,none,draft
point_alpha_corridor,81,40,8,81,41,1,0,none,draft
point_alpha_corridor,82,40,8,82,41,1,0,none,draft
point_alpha_corridor,0,41,8,0,42,1,0,none,draft
point_alpha_corridor,7,41,2,8,41,1,0,none,draft
point_alpha_corridor,7,41,16,6,42,1,0,none,draft
point_alpha_corridor,28,41,8,28,42,1,0,none,draft
point_alpha_corridor,29,41,8,29,42,0,1,none,draft
point_alpha_corridor,36,41,8,36,42,1,0,none,draft
point_alpha_corridor,43,41,8,43,42,0,1,none,draft
point_alpha_corridor,47,41,4,48,42,2,0,none,draft
point_alpha_corridor,47,41,8,47,42,2,0,none,draft
point_alpha_corridor,48,41,8,48,42,2,0,none,draft
point_alpha_corridor,60,41,8,60,42,1,0,none,draft
point_alpha_corridor,61,41,8,61,42,0,3,none,draft
point_alpha_corridor,63,41,16,62,42,2,0,none,draft
point_alpha_corridor,67,41,4,68,42,1,0,none,draft
point_alpha_corridor,67,41,8,67,42,1,0,none,draft
point_alpha_corridor,68,41,8,68,42,1,0,none,draft
point_alpha_corridor,77,41,2,78,41,1,0,none,draft
point_alpha_corridor,77,41,8,77,42,1,0,none,draft
point_alpha_corridor,78,41,4,79,41,1,1,bridge,draft
point_alpha_corridor,78,41,8,78,42,0,1,none,draft
point_alpha_corridor,79,41,2,80,41,1,0,none,draft
point_alpha_corridor,79,41,4,80,42,0,1,none,draft
point_alpha_corridor,79,41,16,78,42,0,1,none,draft
point_alpha_corridor,80,41,4,81,41,1,0,none,draft
point_alpha_corridor,81,41,8,81,42,0,1,none,draft
point_alpha_corridor,81,41,16,80,42,0,1,none,draft
point_alpha_corridor,0,42,8,0,43,1,0,none,draft
point_alpha_corridor,6,42,8,6,43,1,0,none,draft
point_alpha_corridor,28,42,8,28,43,1,0,none,draft
point_alpha_corridor,29,42,8,29,43,0,1,none,draft
point_alpha_corridor,36,42,4,37,42,1,0,none,draft
point_alpha_corridor,37,42,4,38,43,1,0,none,draft
point_alpha_corridor,43,42,16,42,43,0,1,none,draft
point_alpha_corridor,46,42,4,47,42,2,0,none,draft
point_alpha_corridor,46,42,8,46,43,2,0,none,draft
point_alpha_corridor,57,42,4,58,43,1,0,none,draft
point_alpha_corridor,57,42,16,56,43,1,0,none,draft
point_alpha_corridor,59,42,2,60,42,1,0,none,draft
point_alpha_corridor,59,42,8,59,43,1,0,none,draft
point_alpha_corridor,61,42,16,60,43,0,3,none,draft
point_alpha_corridor,62,42,8,62,43,2,0,none,draft
point_alpha_corridor,63,42,4,64,43,1,0,none,draft
point_alpha_corridor,63,42,8,63,43,1,0,none,draft
point_alpha_corridor,64,42,4,65,42,1,0,none,draft
point_alpha_corridor,64,42,8,64,43,1,0,none,draft
point_alpha_corridor,65,42,2,66,42,1,0,none,draft
point_alpha_corridor,66,42,4,67,42,1,0,none,draft
point_alpha_corridor,81,42,2,82,42,0,1,none,draft
point_alpha_corridor,82,42,8,82,43,0,1,none,draft
point_alpha_corridor,83,42,8,83,43,0,1,none,draft
point_alpha_corridor,83,42,16,82,43,0,1,none,draft
point_alpha_corridor,0,43,8,0,44,1,0,none,draft
point_alpha_corridor,6,43,8,6,44,1,0,none,draft
point_alpha_corridor,7,43,8,7,44,1,0,none,draft
point_alpha_corridor,7,43,16,6,44,1,0,none,draft
point_alpha_corridor,19,43,2,20,43,0,1,none,draft
point_alpha_corridor,19,43,16,18,44,0,1,none,draft
point_alpha_corridor,20,43,8,20,44,1,0,none,draft
point_alpha_corridor,28,43,8,28,44,1,0,none,draft
point_alpha_corridor,37,43,8,37,44,2,0,none,draft
point_alpha_corridor,38,43,4,39,43,1,0,none,draft
point_alpha_corridor,39,43,4,40,44,1,0,none,draft
point_alpha_corridor,40,43,4,41,43,1,0,none,draft
point_alpha_corridor,40,43,8,40,44,1,0,none,draft
point_alpha_corridor,41,43,2,42,43,1,1,none,draft
point_alpha_corridor,41,43,16,40,44,0,1,none,draft
point_alpha_corridor,42,43,4,43,43,1,1,bridge,draft
point_alpha_corridor,43,43,8,43,44,1,0,none,draft
point_alpha_corridor,45,43,2,46,43,2,0,none,draft
point_alpha_corridor,45,43,4,46,44,1,0,none,draft
point_alpha_corridor,45,43,16,44,44,2,0,none,draft
point_alpha_corridor,47,43,4,48,44,1,0,none,draft
point_alpha_corridor,47,43,16,46,44,1,0,none,draft
point_alpha_corridor,48,43,4,49,43,1,0,none,draft
point_alpha_corridor,48,43,8,48,44,1,0,none,draft
point_alpha_corridor,49,43,2,50,43,1,0,none,draft
point_alpha_corridor,50,43,4,51,43,1,0,none,draft
point_alpha_corridor,51,43,2,52,43,1,0,none,draft
point_alpha_corridor,52,43,8,52,44,1,0,none,draft
point_alpha_corridor,53,43,2,54,43,1,0,none,draft
point_alpha_corridor,53,43,16,52,44,1,0,none,draft
point_alpha_corridor,54,43,4,55,43,1,0,none,draft
point_alpha_corridor,55,43,2,56,43,1,0,none,draft
point_alpha_corridor,58,43,8,58,44,1,0,none,draft
point_alpha_corridor,59,43,8,59,44,1,1,bridge,draft
point_alpha_corridor,59,43,16,58,44,1,0,none,draft
point_alpha_corridor,60,43,8,60,44,0,3,none,draft
point_alpha_corridor,62,43,4,63,43,1,0,none,draft
point_alpha_corridor,62,43,8,62,44,2,0,none,draft
point_alpha_corridor,83,43,4,84,44,0,1,none,draft
point_alpha_corridor,0,44,4,1,44,1,0,none,draft
point_alpha_corridor,1,44,4,2,45,1,0,none,draft
point_alpha_corridor,7,44,8,7,45,1,0,none,draft
point_alpha_corridor,17,44,2,18,44,0,1,none,draft
point_alpha_corridor,17,44,16,16,45,0,1,none,draft
point_alpha_corridor,19,44,2,20,44,1,0,none,draft
point_alpha_corridor,19,44,16,18,45,1,0,none,draft
point_alpha_corridor,28,44,8,28,45,1,0,none,draft
point_alpha_corridor,35,44,2,36,44,2,0,none,draft
point_alpha_corridor,35,44,16,34,45,2,0,none,draft
point_alpha_corridor,36,44,4,37,44,2,0,none,draft
point_alpha_corridor,37,44,2,38,44,2,0,none,draft
point_alpha_corridor,37,44,4,38,45,0,1,none,draft
point_alpha_corridor,37,44,16,36,45,0,1,none,draft
point_alpha_corridor,38,44,4,39,44,2,0,none,draft
point_alpha_corridor,39,44,2,40,44,2,0,none,draft
point_alpha_corridor,39,44,4,40,45,0,1,none,draft
point_alpha_corridor,39,44,16,38,45,0,1,none,draft
point_alpha_corridor,40,44,4,41,44,2,1,bridge,draft
point_alpha_corridor,40,44,8,40,45,0,1,none,draft
point_alpha_corridor,41,44,2,42,44,2,0,none,draft
point_alpha_corridor,42,44,8,42,45,2,0,none,draft
point_alpha_corridor,43,44,2,44,44,2,0,none,draft
point_alpha_corridor,43,44,4,44,45,1,0,none,draft
point_alpha_corridor,43,44,16,42,45,2,0,none,draft
point_alpha_corridor,59,44,2,60,44,1,3,bridge,draft
point_alpha_corridor,59,44,8,59,45,0,1,none,draft
point_alpha_corridor,60,44,4,61,44,1,0,none,draft
point_alpha_corridor,60,44,8,60,45,1,3,none,draft
point_alpha_corridor,61,44,2,62,44,1,0,none,draft
point_alpha_corridor,61,44,8,61,45,0,3,none,draft
point_alpha_corridor,61,44,16,60,45,0,3,none,draft
point_alpha_corridor,62,44,8,62,45,2,0,none,draft
point_alpha_corridor,84,44,4,85,44,0,1,none,draft
point_alpha_corridor,85,44,8,85,45,0,1,none,draft
point_alpha_corridor,89,44,4,90,45,0,1,none,draft
point_alpha_corridor,89,44,16,88,45,0,1,none,draft
point_alpha_corridor,91,44,8,91,45,0,1,none,draft
point_alpha_corridor,2,45,8,2,46,1,0,none,draft
point_alpha_corridor,3,45,8,3,46,1,0,none,draft
point_alpha_corridor,3,45,16,2,46,1,0,none,draft
point_alpha_corridor,7,45,8,7,46,1,0,none,draft
point_alpha_corridor,15,45,2,16,45,0,1,none,draft
point_alpha_corridor,15,45,8,15,46,0,1,none,draft
point_alpha_corridor,17,45,2,18,45,1,0,none,draft
point_alpha_corridor,17,45,8,17,46,1,0,none,draft
point_alpha_corridor,28,45,8,28,46,1,0,none,draft
point_alpha_corridor,33,45,2,34,45,2,0,none,draft
point_alpha_corridor,33,45,16,32,46,2,0,none,draft
point_alpha_corridor,35,45,2,36,45,0,1,none,draft
point_alpha_corridor,35,45,8,35,46,0,1,none,draft
point_alpha_corridor,40,45,8,40,46,0,1,none,draft
point_alpha_corridor,44,45,8,44,46,1,0,none,draft
point_alpha_corridor,59,45,4,60,46,1,0,none,draft
point_alpha_corridor,59,45,8,59,46,1,1,none,draft
point_alpha_corridor,60,45,8,60,46,1,0,none,draft
point_alpha_corridor,61,45,16,60,46,0,3,none,draft
point_alpha_corridor,62,45,8,62,46,2,0,none,draft
point_alpha_corridor,85,45,2,86,45,0,1,none,draft
point_alpha_corridor,86,45,4,87,45,0,1,none,draft
point_alpha_corridor,87,45,2,88,45,0,1,none,draft
point_alpha_corridor,90,45,4,91,45,0,1,none,draft
point_alpha_corridor,3,46,8,3,47,1,0,none,draft
point_alpha_corridor,7,46,16,6,47,1,0,none,draft
point_alpha_corridor,15,46,16,14,47,0,1,none,draft
point_alpha_corridor,16,46,4,17,46,1,0,none,draft
point_alpha_corridor,16,46,8,16,47,1,0,none,draft
point_alpha_corridor,27,46,4,28,47,1,0,none,draft
point_alpha_corridor,27,46,8,27,47,1,0,none,draft
point_alpha_corridor,28,46,8,28,47,1,0,none,draft
point_alpha_corridor,31,46,2,32,46,2,0,none,draft
point_alpha_corridor,31,46,16,30,47,2,0,none,draft
point_alpha_corridor,35,46,8,35,47,0,1,none,draft
point_alpha_corridor,39,46,4,40,47,0,1,none,draft
point_alpha_corridor,39,46,8,39,47,0,1,none,draft
point_alpha_corridor,40,46,8,40,47,0,1,none,draft
point_alpha_corridor,44,46,4,45,46,1,0,none,draft
point_alpha_corridor,45,46,8,45,47,1,0,none,draft
point_alpha_corridor,59,46,8,59,47,1,0,none,draft
point_alpha_corridor,59,46,16,58,47,0,1,none,draft
point_alpha_corridor,60,46,8,60,47,0,3,none,draft
point_alpha_corridor,62,46,8,62,47,2,0,none,draft
point_alpha_corridor,3,47,8,3,48,1,0,none,draft
point_alpha_corridor,6,47,8,6,48,1,0,none,draft
point_alpha_corridor,14,47,8,14,48,0,1,none,draft
point_alpha_corridor,15,47,2,16,47,1,0,none,draft
point_alpha_corridor,15,47,8,15,48,1,0,none,draft
point_alpha_corridor,27,47,8,27,48,1,0,none,draft
point_alpha_corridor,29,47,2,30,47,2,0,none,draft
point_alpha_corridor,29,47,16,28,48,2,0,none,draft
point_alpha_corridor,35,47,8,35,48,0,1,none,draft
point_alpha_corridor,39,47,8,39,48,0,1,none,draft
point_alpha_corridor,45,47,2,46,47,1,0,none,draft
point_alpha_corridor,46,47,8,46,48,1,0,none,draft
point_alpha_corridor,55,47,4,56,48,1,0,none,draft
point_alpha_corridor,55,47,16,54,48,1,0,none,draft
point_alpha_corridor,57,47,4,58,48,1,1,bridge,draft
point_alpha_corridor,57,47,8,57,48,1,0,none,draft
point_alpha_corridor,58,47,8,58,48,0,1,none,draft
point_alpha_corridor,59,47,8,59,48,1,0,none,draft
point_alpha_corridor,59,47,16,58,48,1,0,none,draft
point_alpha_corridor,60,47,8,60,48,0,3,none,draft
point_alpha_corridor,61,47,8,61,48,0,3,none,draft
point_alpha_corridor,61,47,16,60,48,0,3,none,draft
point_alpha_corridor,62,47,8,62,48,2,0,none,draft
point_alpha_corridor,3,48,8,3,49,1,0,none,draft
point_alpha_corridor,3,48,16,2,49,1,0,none,draft
point_alpha_corridor,6,48,8,6,49,1,0,none,draft
point_alpha_corridor,14,48,4,15,48,0,1,none,draft
point_alpha_corridor,15,48,8,15,49,1,0,none,draft
point_alpha_corridor,15,48,16,14,49,0,1,none,draft
point_alpha_corridor,25,48,4,26,49,2,0,none,draft
point_alpha_corridor,25,48,8,25,49,2,0,none,draft
point_alpha_corridor,26,48,4,27,48,2,0,none,draft
point_alpha_corridor,26,48,8,26,49,2,0,none,draft
point_alpha_corridor,27,48,2,28,48,2,0,none,draft
point_alpha_corridor,39,48,8,39,49,0,1,none,draft
point_alpha_corridor,46,48,8,46,49,1,0,none,draft
point_alpha_corridor,54,48,8,54,49,1,0,none,draft
point_alpha_corridor,56,48,4,57,48,1,0,none,draft
point_alpha_corridor,57,48,2,58,48,0,1,none,draft
point_alpha_corridor,57,48,8,57,49,0,1,none,draft
point_alpha_corridor,59,48,8,59,49,1,3,bridge,draft
point_alpha_corridor,61,48,2,62,48,2,0,none,draft
point_alpha_corridor,61,48,8,61,49,2,0,none,draft
point_alpha_corridor,61,48,16,60,49,0,3,none,draft
point_alpha_corridor,3,49,4,4,50,1,0,none,draft
point_alpha_corridor,3,49,16,2,50,1,0,none,draft
point_alpha_corridor,6,49,8,6,50,1,0,none,draft
point_alpha_corridor,14,49,8,14,50,0,1,none,draft
point_alpha_corridor,15,49,8,15,50,1,0,none,draft
point_alpha_corridor,23,49,4,24,50,2,0,none,draft
point_alpha_corridor,23,49,8,23,50,2,0,none,draft
point_alpha_corridor,24,49,4,25,49,2,0,none,draft
point_alpha_corridor,24,49,8,24,50,2,0,none,draft
point_alpha_corridor,39,49,8,39,50,0,1,none,draft
point_alpha_corridor,46,49,8,46,50,1,0,none,draft
point_alpha_corridor,53,49,2,54,49,1,0,none,draft
point_alpha_corridor,53,49,8,53,50,1,0,none,draft
point_alpha_corridor,56,49,4,57,49,0,1,none,draft
point_alpha_corridor,56,49,8,56,50,0,1,none,draft
point_alpha_corridor,59,49,2,60,49,0,3,none,draft
point_alpha_corridor,59,49,4,60,50,1,0,none,draft
point_alpha_corridor,59,49,16,58,50,0,3,none,draft
point_alpha_corridor,61,49,8,61,50,2,0,none,draft
point_alpha_corridor,61,49,16,60,50,1,0,none,draft
point_alpha_corridor,2,50,8,2,51,1,0,none,draft
point_alpha_corridor,4,50,4,5,50,1,0,none,draft
point_alpha_corridor,4,50,8,4,51,1,0,none,draft
point_alpha_corridor,5,50,2,6,50,1,0,none,draft
point_alpha_corridor,5,50,8,5,51,1,0,none,draft
point_alpha_corridor,5,50,16,4,51,1,0,none,draft
point_alpha_corridor,6,50,8,6,51,1,0,none,draft
point_alpha_corridor,7,50,4,8,51,1,0,none,draft
point_alpha_corridor,7,50,16,6,51,1,0,none,draft
point_alpha_corridor,13,50,4,14,51,0,1,none,draft
point_alpha_corridor,13,50,8,13,51,0,1,none,draft
point_alpha_corridor,14,50,4,15,50,1,0,none,draft
point_alpha_corridor,14,50,8,14,51,1,1,none,draft
point_alpha_corridor,21,50,2,22,50,2,0,none,draft
point_alpha_corridor,21,50,8,21,51,1,0,none,draft
point_alpha_corridor,21,50,16,20,51,2,0,none,draft
point_alpha_corridor,22,50,4,23,50,2,0,none,draft
point_alpha_corridor,39,50,2,40,50,0,1,none,draft
point_alpha_corridor,40,50,8,40,51,0,1,none,draft
point_alpha_corridor,41,50,8,41,51,0,1,none,draft
point_alpha_corridor,41,50,16,40,51,0,1,none,draft
point_alpha_corridor,46,50,8,46,51,1,0,none,draft
point_alpha_corridor,52,50,8,52,51,1,0,none,draft
point_alpha_corridor,53,50,8,53,51,1,0,none,draft
point_alpha_corridor,53,50,16,52,51,1,0,none,draft
point_alpha_corridor,55,50,2,56,50,0,1,none,draft
point_alpha_corridor,55,50,16,54,51,0,1,none,draft
point_alpha_corridor,58,50,8,58,51,0,3,none,draft
point_alpha_corridor,60,50,8,60,51,1,0,none,draft
point_alpha_corridor,61,50,4,62,51,2,0,none,draft
point_alpha_corridor,73,50,8,73,51,1,0,none,draft
point_alpha_corridor,1,51,2,2,51,1,0,none,draft
point_alpha_corridor,1,51,16,0,52,1,0,none,draft
point_alpha_corridor,5,51,4,6,52,1,0,none,draft
point_alpha_corridor,6,51,8,6,52,1,0,none,draft
point_alpha_corridor,8,51,4,9,51,1,0,none,draft
point_alpha_corridor,9,51,2,10,51,1,0,none,draft
point_alpha_corridor,10,51,8,10,52,1,0,none,draft
point_alpha_corridor,11,51,8,11,52,1,0,none,draft
point_alpha_corridor,11,51,16,10,52,1,0,none,draft
point_alpha_corridor,13,51,2,14,51,1,0,none,draft
point_alpha_corridor,13,51,8,13,52,1,1,none,draft
point_alpha_corridor,19,51,2,20,51,2,0,none,draft
point_alpha_corridor,19,51,16,18,52,2,0,none,draft
point_alpha_corridor,21,51,4,22,52,1,0,none,draft
point_alpha_corridor,40,51,4,41,51,0,1,none,draft
point_alpha_corridor,40,51,8,40,52,0,1,none,draft
point_alpha_corridor,46,51,8,46,52,1,0,none,draft
point_alpha_corridor,52,51,8,52,52,1,0,none,draft
point_alpha_corridor,53,51,8,53,52,1,0,none,draft
point_alpha_corridor,54,51,8,54,52,0,1,none,draft
point_alpha_corridor,58,51,8,58,52,0,3,none,draft
point_alpha_corridor,60,51,8,60,52,1,0,none,draft
point_alpha_corridor,62,51,8,62,52,2,0,none,draft
point_alpha_corridor,73,51,8,73,52,1,1,bridge,draft
point_alpha_corridor,73,51,16,72,52,1,0,none,draft
point_alpha_corridor,75,51,4,76,52,0,1,none,draft
point_alpha_corridor,75,51,8,75,52,0,1,none,draft
point_alpha_corridor,76,51,4,77,51,0,1,none,draft
point_alpha_corridor,76,51,8,76,52,0,1,none,draft
point_alpha_corridor,77,51,2,78,51,0,1,none,draft
point_alpha_corridor,77,51,4,78,52,1,0,none,draft
point_alpha_corridor,77,51,16,76,52,1,0,none,draft
point_alpha_corridor,78,51,4,79,51,0,1,none,draft
point_alpha_corridor,79,51,2,80,51,0,1,none,draft
point_alpha_corridor,79,51,4,80,52,1,0,none,draft
point_alpha_corridor,79,51,16,78,52,1,0,none,draft
point_alpha_corridor,80,51,4,81,51,0,1,none,draft
point_alpha_corridor,81,51,4,82,52,0,1,none,draft
point_alpha_corridor,81,51,8,81,52,1,0,none,draft
point_alpha_corridor,81,51,16,80,52,1,0,none,draft
point_alpha_corridor,83,51,8,83,52,1,0,none,draft
point_alpha_corridor,83,51,16,82,52,1,1,bridge,draft
point_alpha_corridor,0,52,8,0,53,1,0,none,draft
point_alpha_corridor,1,52,4,2,53,2,0,none,draft
point_alpha_corridor,1,52,16,0,53,2,0,none,draft
point_alpha_corridor,6,52,8,6,53,1,0,none,draft
point_alpha_corridor,11,52,2,12,52,1,1,bridge,draft
point_alpha_corridor,11,52,8,11,53,1,0,none,draft
point_alpha_corridor,12,52,4,13,52,1,1,none,draft
point_alpha_corridor,12,52,8,12,53,0,1,none,draft
point_alpha_corridor,13,52,2,14,52,1,0,none,draft
point_alpha_corridor,14,52,4,15,52,1,0,none,draft
point_alpha_corridor,15,52,4,16,53,1,0,none,draft
point_alpha_corridor,17,52,2,18,52,2,0,none,draft
point_alpha_corridor,17,52,4,18,53,0,2,none,draft
point_alpha_corridor,17,52,8,17,53,0,2,none,draft
point_alpha_corridor,17,52,16,16,53,2,0,none,draft
point_alpha_corridor,22,52,8,22,53,1,0,none,draft
point_alpha_corridor,39,52,2,40,52,0,1,none,draft
point_alpha_corridor,39,52,8,39,53,0,1,none,draft
point_alpha_corridor,46,52,8,46,53,1,0,none,draft
point_alpha_corridor,51,52,2,52,52,1,0,none,draft
point_alpha_corridor,51,52,16,50,53,1,0,none,draft
point_alpha_corridor,53,52,2,54,52,0,1,none,draft
point_alpha_corridor,53,52,8,53,53,1,1,none,draft
point_alpha_corridor,58,52,8,58,53,0,3,none,draft
point_alpha_corridor,60,52,8,60,53,1,0,none,draft
point_alpha_corridor,62,52,8,62,53,2,0,none,draft
point_alpha_corridor,65,52,2,66,52,1,0,none,draft
point_alpha_corridor,65,52,16,64,53,1,0,none,draft
point_alpha_corridor,66,52,4,67,52,1,0,none,draft
point_alpha_corridor,67,52,8,67,53,1,0,none,draft
point_alpha_corridor,71,52,2,72,52,1,0,none,draft
point_alpha_corridor,71,52,4,72,53,0,1,none,draft
point_alpha_corridor,71,52,8,71,53,0,1,none,draft
point_alpha_corridor,71,52,16,70,53,1,0,none,draft
point_alpha_corridor,73,52,2,74,52,0,1,none,draft
point_alpha_corridor,73,52,4,74,53,1,0,none,draft
point_alpha_corridor,73,52,16,72,53,0,1,none,draft
point_alpha_corridor,74,52,4,75,52,0,1,none,draft
point_alpha_corridor,75,52,2,76,52,1,0,none,draft
point_alpha_corridor,75,52,16,74,53,1,0,none,draft
point_alpha_corridor,81,52,2,82,52,1,0,none,draft
point_alpha_corridor,82,52,4,83,52,0,1,none,draft
point_alpha_corridor,83,52,2,84,52,1,0,none,draft
point_alpha_corridor,83,52,4,84,53,0,1,none,draft
point_alpha_corridor,84,52,8,84,53,1,0,none,draft
point_alpha_corridor,85,52,4,86,53,1,0,none,draft
point_alpha_corridor,85,52,8,85,53,0,1,none,draft
point_alpha_corridor,85,52,16,84,53,1,1,none,draft
point_alpha_corridor,91,52,16,90,53,1,0,none,draft
point_alpha_corridor,2,53,4,3,53,2,0,none,draft
point_alpha_corridor,3,53,2,4,53,2,0,none,draft
point_alpha_corridor,4,53,4,5,53,2,0,none,draft
point_alpha_corridor,5,53,2,6,53,2,0,none,draft
point_alpha_corridor,6,53,4,7,53,1,0,none,draft
point_alpha_corridor,6,53,8,6,54,2,0,none,draft
point_alpha_corridor,7,53,8,7,54,1,0,none,draft
point_alpha_corridor,11,53,2,12,53,0,1,none,draft
point_alpha_corridor,11,53,8,11,54,0,1,none,draft
point_alpha_corridor,11,53,16,10,54,1,0,none,draft
point_alpha_corridor,15,53,2,16,53,2,0,none,draft
point_alpha_corridor,15,53,4,16,54,0,2,none,draft
point_alpha_corridor,15,53,8,15,54,0,2,none,draft
point_alpha_corridor,15,53,16,14,54,2,0,none,draft
point_alpha_corridor,17,53,16,16,54,0,2,none,draft
point_alpha_corridor,18,53,4,19,53,0,2,none,draft
point_alpha_corridor,19,53,4,20,54,0,2,none,draft
point_alpha_corridor,20,53,4,21,53,0,2,none,draft
point_alpha_corridor,20,53,8,20,54,0,2,none,draft
point_alpha_corridor,21,53,4,22,54,0,2,none,draft
point_alpha_corridor,22,53,4,23,53,1,0,none,draft
point_alpha_corridor,23,53,2,24,53,1,0,none,draft
point_alpha_corridor,23,53,4,24,54,0,2,none,draft
point_alpha_corridor,23,53,16,22,54,0,2,none,draft
point_alpha_corridor,24,53,4,25,53,1,0,none,draft
point_alpha_corridor,25,53,8,25,54,1,0,none,draft
point_alpha_corridor,39,53,16,38,54,0,1,none,draft
point_alpha_corridor,46,53,4,47,53,1,0,none,draft
point_alpha_corridor,47,53,8,47,54,1,0,none,draft
point_alpha_corridor,49,53,4,50,54,1,0,none,draft
point_alpha_corridor,49,53,8,49,54,1,0,none,draft
point_alpha_corridor,50,53,8,50,54,1,0,none,draft
point_alpha_corridor,53,53,8,53,54,1,1,none,draft
point_alpha_corridor,58,53,8,58,54,0,2,none,draft
point_alpha_corridor,59,53,8,59,54,0,2,none,draft
point_alpha_corridor,59,53,16,58,54,0,2,none,draft
point_alpha_corridor,60,53,4,61,53,1,0,none,draft
point_alpha_corridor,60,53,8,60,54,1,0,none,draft
point_alpha_corridor,61,53,4,62,54,1,0,none,draft
point_alpha_corridor,61,53,8,61,54,1,0,none,draft
point_alpha_corridor,61,53,16,60,54,1,0,none,draft
point_alpha_corridor,62,53,4,63,53,2,0,none,draft
point_alpha_corridor,62,53,8,62,54,2,0,none,draft
point_alpha_corridor,63,53,2,64,53,1,0,none,draft
point_alpha_corridor,63,53,4,64,54,0,1,none,draft
point_alpha_corridor,63,53,8,63,54,2,1,none,draft
point_alpha_corridor,63,53,16,62,54,2,0,none,draft
point_alpha_corridor,65,53,4,66,54,0,1,none,draft
point_alpha_corridor,65,53,16,64,54,0,1,none,draft
point_alpha_corridor,67,53,2,68,53,1,0,none,draft
point_alpha_corridor,67,53,4,68,54,0,1,none,draft
point_alpha_corridor,67,53,16,66,54,0,1,none,draft
point_alpha_corridor,68,53,4,69,53,1,0,none,draft
point_alpha_corridor,69,53,2,70,53,1,1,none,draft
point_alpha_corridor,69,53,16,68,54,0,1,none,draft
point_alpha_corridor,70,53,4,71,53,0,1,none,draft
point_alpha_corridor,85,53,2,86,53,0,1,none,draft
point_alpha_corridor,86,53,4,87,53,1,0,none,draft
point_alpha_corridor,86,53,8,86,54,0,1,none,draft
point_alpha_corridor,87,53,4,88,54,1,1,none,draft
point_alpha_corridor,87,53,16,86,54,0,1,none,draft
point_alpha_corridor,89,53,2,90,53,1,0,none,draft
point_alpha_corridor,89,53,8,89,54,1,0,none,draft
point_alpha_corridor,89,53,16,88,54,1,0,none,draft
point_alpha_corridor,6,54,4,7,54,2,0,none,draft
point_alpha_corridor,7,54,8,7,55,2,0,none,draft
point_alpha_corridor,7,54,16,6,55,1,0,none,draft
point_alpha_corridor,9,54,4,10,55,1,0,none,draft
point_alpha_corridor,9,54,8,9,55,1,0,none,draft
point_alpha_corridor,10,54,8,10,55,1,0,none,draft
point_alpha_corridor,11,54,2,12,54,0,1,none,draft
point_alpha_corridor,12,54,8,12,55,0,1,none,draft
point_alpha_corridor,13,54,2,14,54,2,0,none,draft
point_alpha_corridor,13,54,16,12,55,2,1,bridge,draft
point_alpha_corridor,15,54,16,14,55,0,2,none,draft
point_alpha_corridor,24,54,4,25,54,0,2,none,draft
point_alpha_corridor,25,54,2,26,54,1,0,none,draft
point_alpha_corridor,25,54,4,26,55,0,2,none,draft
point_alpha_corridor,26,54,8,26,55,1,0,none,draft
point_alpha_corridor,38,54,8,38,55,0,1,none,draft
point_alpha_corridor,47,54,4,48,55,1,0,none,draft
point_alpha_corridor,47,54,16,46,55,1,0,none,draft
point_alpha_corridor,48,54,4,49,54,1,0,none,draft
point_alpha_corridor,48,54,8,48,55,1,0,none,draft
point_alpha_corridor,53,54,2,54,54,0,1,none,draft
point_alpha_corridor,53,54,8,53,55,1,0,none,draft
point_alpha_corridor,54,54,8,54,55,0,1,none,draft
point_alpha_corridor,59,54,2,60,54,0,2,none,draft
point_alpha_corridor,60,54,8,60,55,0,2,none,draft
point_alpha_corridor,61,54,4,62,55,1,1,bridge,draft
point_alpha_corridor,61,54,8,61,55,0,1,none,draft
point_alpha_corridor,62,54,4,63,54,0,1,none,draft
point_alpha_corridor,62,54,8,62,55,0,1,none,draft
point_alpha_corridor,63,54,8,63,55,2,1,bridge,draft
point_alpha_corridor,88,54,4,89,54,0,1,none,draft
point_alpha_corridor,89,54,4,90,55,1,0,none,draft
point_alpha_corridor,89,54,8,89,55,0,1,none,draft
point_alpha_corridor,6,55,8,6,56,1,0,none,draft
point_alpha_corridor,7,55,4,8,56,2,0,none,draft
point_alpha_corridor,7,55,16,6,56,2,0,none,draft
point_alpha_corridor,9,55,4,10,56,2,0,none,draft
point_alpha_corridor,9,55,8,9,56,2,0,none,draft
point_alpha_corridor,9,55,16,8,56,2,0,none,draft
point_alpha_corridor,11,55,2,12,55,2,0,none,draft
point_alpha_corridor,11,55,16,10,56,2,0,none,draft
point_alpha_corridor,12,55,4,13,55,0,2,none,draft
point_alpha_corridor,12,55,8,12,56,0,2,none,draft
point_alpha_corridor,13,55,2,14,55,0,2,none,draft
point_alpha_corridor,19,55,4,20,56,1,0,none,draft
point_alpha_corridor,19,55,16,18,56,1,0,none,draft
point_alpha_corridor,21,55,4,22,56,1,0,none,draft
point_alpha_corridor,21,55,16,20,56,1,0,none,draft
point_alpha_corridor,23,55,4,24,56,1,0,none,draft
point_alpha_corridor,23,55,16,22,56,1,0,none,draft
point_alpha_corridor,26,55,4,27,55,1,0,none,draft
point_alpha_corridor,26,55,8,26,56,0,2,none,draft
point_alpha_corridor,27,55,8,27,56,1,0,none,draft
point_alpha_corridor,43,55,2,44,55,1,0,none,draft
point_alpha_corridor,43,55,16,42,56,1,0,none,draft
point_alpha_corridor,44,55,4,45,55,1,0,none,draft
point_alpha_corridor,45,55,2,46,55,1,0,none,draft
point_alpha_corridor,46,55,4,47,55,1,0,none,draft
point_alpha_corridor,47,55,8,47,56,1,0,none,draft
point_alpha_corridor,53,55,8,53,56,1,0,none,draft
point_alpha_corridor,54,55,8,54,56,0,1,none,draft
point_alpha_corridor,60,55,4,61,55,0,2,none,draft
point_alpha_corridor,61,55,4,62,56,0,2,none,draft
point_alpha_corridor,62,55,4,63,55,1,0,none,draft
point_alpha_corridor,63,55,2,64,55,2,0,none,draft
point_alpha_corridor,63,55,4,64,56,2,0,none,draft
point_alpha_corridor,64,55,8,64,56,2,0,none,draft
point_alpha_corridor,89,55,4,90,56,0,1,none,draft
point_alpha_corridor,90,55,8,90,56,1,0,none,draft
point_alpha_corridor,6,56,8,6,57,1,0,none,draft
point_alpha_corridor,7,56,4,8,57,1,0,none,draft
point_alpha_corridor,7,56,8,7,57,1,0,none,draft
point_alpha_corridor,7,56,16,6,57,1,0,none,draft
point_alpha_corridor,8,56,4,9,56,2,0,none,draft
point_alpha_corridor,8,56,8,8,57,1,0,none,draft
point_alpha_corridor,12,56,8,12,57,0,2,none,draft
point_alpha_corridor,13,56,4,14,57,1,0,none,draft
point_alpha_corridor,13,56,8,13,57,1,0,none,draft
point_alpha_corridor,15,56,4,16,57,1,0,none,draft
point_alpha_corridor,15,56,16,14,57,1,0,none,draft
point_alpha_corridor,16,56,4,17,56,1,0,none,draft
point_alpha_corridor,16,56,8,16,57,1,0,none,draft
point_alpha_corridor,17,56,2,18,56,1,0,none,draft
point_alpha_corridor,24,56,8,24,57,1,0,none,draft
point_alpha_corridor,25,56,8,25,57,1,0,none,draft
point_alpha_corridor,25,56,16,24,57,1,0,none,draft
point_alpha_corridor,26,56,8,26,57,0,2,none,draft
point_alpha_corridor,27,56,2,28,56,1,0,none,draft
point_alpha_corridor,28,56,8,28,57,1,0,none,draft
point_alpha_corridor,41,56,2,42,56,1,0,none,draft
point_alpha_corridor,41,56,16,40,57,1,0,none,draft
point_alpha_corridor,47,56,2,48,56,1,0,none,draft
point_alpha_corridor,48,56,8,48,57,1,0,none,draft
point_alpha_corridor,49,56,8,49,57,1,0,none,draft
point_alpha_corridor,49,56,16,48,57,1,0,none,draft
point_alpha_corridor,53,56,2,54,56,0,1,none,draft
point_alpha_corridor,53,56,8,53,57,1,1,none,draft
point_alpha_corridor,62,56,8,62,57,0,2,none,draft
point_alpha_corridor,64,56,8,64,57,2,0,none,draft
point_alpha_corridor,90,56,4,91,56,1,0,none,draft
point_alpha_corridor,90,56,8,90,57,0,1,none,draft
point_alpha_corridor,6,57,8,6,58,1,0,none,draft
point_alpha_corridor,7,57,2,8,57,1,0,none,draft
point_alpha_corridor,8,57,4,9,57,1,0,none,draft
point_alpha_corridor,9,57,8,9,58,1,0,none,draft
point_alpha_corridor,11,57,4,12,58,0,2,none,draft
point_alpha_corridor,11,57,8,11,58,0,2,none,draft
point_alpha_corridor,12,57,8,12,58,0,2,none,draft
point_alpha_corridor,13,57,8,13,58,1,0,none,draft
point_alpha_corridor,25,57,4,26,58,1,0,none,draft
point_alpha_corridor,26,57,8,26,58,0,2,none,draft
point_alpha_corridor,27,57,8,27,58,0,1,none,draft
point_alpha_corridor,27,57,16,26,58,0,2,none,draft
point_alpha_corridor,28,57,8,28,58,1,0,none,draft
point_alpha_corridor,39,57,2,40,57,1,0,none,draft
point_alpha_corridor,39,57,16,38,58,1,0,none,draft
point_alpha_corridor,49,57,2,50,57,1,0,none,draft
point_alpha_corridor,50,57,8,50,58,1,0,none,draft
point_alpha_corridor,53,57,8,53,58,1,1,none,draft
point_alpha_corridor,62,57,4,63,57,0,2,none,draft
point_alpha_corridor,63,57,8,63,58,0,2,none,draft
point_alpha_corridor,64,57,8,64,58,2,0,none,draft
point_alpha_corridor,90,57,8,90,58,0,1,none,draft
point_alpha_corridor,5,58,2,6,58,1,0,none,draft
point_alpha_corridor,5,58,8,5,59,1,0,none,draft
point_alpha_corridor,9,58,2,10,58,1,0,none,draft
point_alpha_corridor,10,58,4,11,58,1,0,none,draft
point_alpha_corridor,11,58,8,11,59,1,2,bridge,draft
point_alpha_corridor,11,58,16,10,59,0,2,none,draft
point_alpha_corridor,13,58,8,13,59,1,0,none,draft
point_alpha_corridor,26,58,4,27,58,1,0,none,draft
point_alpha_corridor,27,58,2,28,58,0,1,none,draft
point_alpha_corridor,27,58,4,28,59,1,1,bridge,draft
point_alpha_corridor,27,58,8,27,59,0,1,none,draft
point_alpha_corridor,28,58,4,29,58,1,0,none,draft
point_alpha_corridor,28,58,8,28,59,0,1,none,draft
point_alpha_corridor,29,58,8,29,59,1,1,bridge,draft
point_alpha_corridor,29,58,16,28,59,0,1,none,draft
point_alpha_corridor,35,58,4,36,59,1,0,none,draft
point_alpha_corridor,35,58,16,34,59,1,0,none,draft
point_alpha_corridor,37,58,2,38,58,1,0,none,draft
point_alpha_corridor,37,58,16,36,59,1,0,none,draft
point_alpha_corridor,50,58,4,51,58,1,0,none,draft
point_alpha_corridor,51,58,4,52,59,1,0,none,draft
point_alpha_corridor,53,58,8,53,59,1,1,none,draft
point_alpha_corridor,53,58,16,52,59,1,0,none,draft
point_alpha_corridor,63,58,8,63,59,0,2,none,draft
point_alpha_corridor,64,58,8,64,59,2,0,none,draft
point_alpha_corridor,65,58,8,65,59,2,0,none,draft
point_alpha_corridor,65,58,16,64,59,2,0,none,draft
point_alpha_corridor,90,58,4,91,58,0,1,none,draft
point_alpha_corridor,91,58,8,91,59,0,1,none,draft
point_alpha_corridor,5,59,16,4,60,1,0,none,draft
point_alpha_corridor,9,59,2,10,59,0,2,none,draft
point_alpha_corridor,9,59,16,8,60,0,2,none,draft
point_alpha_corridor,10,59,4,11,59,1,0,none,draft
point_alpha_corridor,10,59,8,10,60,1,0,none,draft
point_alpha_corridor,11,59,2,12,59,1,0,none,draft
point_alpha_corridor,12,59,4,13,59,1,0,none,draft
point_alpha_corridor,27,59,8,27,60,0,1,none,draft
point_alpha_corridor,28,59,8,28,60,1,0,none,draft
point_alpha_corridor,29,59,2,30,59,0,1,none,draft
point_alpha_corridor,29,59,8,29,60,1,0,none,draft
point_alpha_corridor,30,59,8,30,60,0,1,none,draft
point_alpha_corridor,31,59,4,32,60,1,1,none,draft
point_alpha_corridor,31,59,8,31,60,1,0,none,draft
point_alpha_corridor,31,59,16,30,60,0,1,none,draft
point_alpha_corridor,32,59,8,32,60,0,1,none,draft
point_alpha_corridor,33,59,2,34,59,1,0,none,draft
point_alpha_corridor,33,59,16,32,60,1,0,none,draft
point_alpha_corridor,53,59,8,53,60,1,1,none,draft
point_alpha_corridor,63,59,2,64,59,0,2,none,draft
point_alpha_corridor,64,59,8,64,60,0,2,none,draft
point_alpha_corridor,65,59,8,65,60,2,0,none,draft
point_alpha_corridor,3,60,2,4,60,1,0,none,draft
point_alpha_corridor,3,60,16,2,61,1,0,none,draft
point_alpha_corridor,6,60,4,7,60,0,2,none,draft
point_alpha_corridor,6,60,8,6,61,0,2,none,draft
point_alpha_corridor,7,60,2,8,60,0,2,none,draft
point_alpha_corridor,7,60,4,8,61,1,0,none,draft
point_alpha_corridor,7,60,8,7,61,1,0,none,draft
point_alpha_corridor,8,60,4,9,60,1,0,none,draft
point_alpha_corridor,8,60,8,8,61,1,0,none,draft
point_alpha_corridor,9,60,2,10,60,1,0,none,draft
point_alpha_corridor,27,60,8,27,61,0,1,none,draft
point_alpha_corridor,28,60,4,29,60,1,0,none,draft
point_alpha_corridor,29,60,2,30,60,1,0,none,draft
point_alpha_corridor,29,60,8,29,61,1,0,none,draft
point_alpha_corridor,30,60,4,31,60,1,0,none,draft
point_alpha_corridor,53,60,8,53,61,1,1,none,draft
point_alpha_corridor,57,60,4,58,61,1,0,none,draft
point_alpha_corridor,57,60,8,57,61,1,0,none,draft
point_alpha_corridor,64,60,4,65,60,0,2,none,draft
point_alpha_corridor,65,60,2,66,60,2,0,none,draft
point_alpha_corridor,65,60,4,66,61,0,2,none,draft
point_alpha_corridor,65,60,8,65,61,1,2,bridge,draft
point_alpha_corridor,66,60,8,66,61,2,0,none,draft
point_alpha_corridor,67,60,8,67,61,2,0,none,draft
point_alpha_corridor,67,60,16,66,61,2,0,none,draft
point_alpha_corridor,1,61,2,2,61,1,0,none,draft
point_alpha_corridor,1,61,16,0,62,1,0,none,draft
point_alpha_corridor,2,61,8,2,62,1,0,none,draft
point_alpha_corridor,5,61,2,6,61,0,2,none,draft
point_alpha_corridor,5,61,8,5,62,0,2,none,draft
point_alpha_corridor,6,61,4,7,61,1,0,none,draft
point_alpha_corridor,6,61,8,6,62,1,0,none,draft
point_alpha_corridor,27,61,4,28,62,0,1,none,draft
point_alpha_corridor,28,61,8,28,62,0,1,none,draft
point_alpha_corridor,29,61,8,29,62,1,1,bridge,draft
point_alpha_corridor,29,61,16,28,62,0,1,none,draft
point_alpha_corridor,53,61,2,54,61,1,1,bridge,draft
point_alpha_corridor,53,61,8,53,62,1,1,none,draft
point_alpha_corridor,54,61,4,55,61,1,0,none,draft
point_alpha_corridor,55,61,2,56,61,1,0,none,draft
point_alpha_corridor,56,61,4,57,61,1,0,none,draft
point_alpha_corridor,63,61,4,64,62,1,0,none,draft
point_alpha_corridor,63,61,8,63,62,1,0,none,draft
point_alpha_corridor,64,61,4,65,61,1,0,none,draft
point_alpha_corridor,64,61,8,64,62,1,0,none,draft
point_alpha_corridor,66,61,8,66,62,0,2,none,draft
point_alpha_corridor,67,61,4,68,62,2,0,none,draft
point_alpha_corridor,67,61,8,67,62,0,2,none,draft
point_alpha_corridor,67,61,16,66,62,0,2,none,draft
point_alpha_corridor,2,62,4,3,62,1,2,bridge,draft
point_alpha_corridor,3,62,4,4,63,0,2,none,draft
point_alpha_corridor,3,62,8,3,63,1,0,none,draft
point_alpha_corridor,3,62,16,2,63,0,2,none,draft
point_alpha_corridor,4,62,4,5,62,0,2,none,draft
point_alpha_corridor,4,62,8,4,63,0,2,none,draft
point_alpha_corridor,5,62,2,6,62,1,0,none,draft
point_alpha_corridor,5,62,16,4,63,1,0,none,draft
point_alpha_corridor,29,62,8,29,63,0,1,none,draft
point_alpha_corridor,29,62,16,28,63,1,0,none,draft
point_alpha_corridor,52,62,4,53,62,1,0,none,draft
point_alpha_corridor,53,62,8,53,63,1,1,none,draft
point_alpha_corridor,63,62,16,62,63,1,0,none,draft
point_alpha_corridor,65,62,2,66,62,0,1,none,draft
point_alpha_corridor,65,62,8,65,63,0,1,none,draft
point_alpha_corridor,66,62,4,67,62,0,2,none,draft
point_alpha_corridor,67,62,8,67,63,0,2,none,draft
point_alpha_corridor,68,62,8,68,63,2,0,none,draft
point_alpha_corridor,0,63,4,1,63,0,2,none,draft
point_alpha_corridor,0,63,8,0,64,1,0,none,draft
point_alpha_corridor,1,63,2,2,63,0,2,none,draft
point_alpha_corridor,3,63,4,4,64,1,0,none,draft
point_alpha_corridor,3,63,8,3,64,1,0,none,draft
point_alpha_corridor,4,63,8,4,64,1,0,none,draft
point_alpha_corridor,28,63,8,28,64,1,0,none,draft
point_alpha_corridor,29,63,2,30,63,0,1,none,draft
point_alpha_corridor,30,63,4,31,63,0,1,none,draft
point_alpha_corridor,31,63,4,32,64,0,1,none,draft
point_alpha_corridor,33,63,4,34,64,0,1,none,draft
point_alpha_corridor,33,63,16,32,64,0,1,none,draft
point_alpha_corridor,53,63,8,53,64,0,1,none,draft
point_alpha_corridor,53,63,16,52,64,1,0,none,draft
point_alpha_corridor,62,63,8,62,64,1,0,none,draft
point_alpha_corridor,65,63,8,65,64,0,1,none,draft
point_alpha_corridor,67,63,4,68,64,0,2,none,draft
point_alpha_corridor,68,63,8,68,64,2,0,none,draft
point_alpha_corridor,69,63,8,69,64,2,0,none,draft
point_alpha_corridor,69,63,16,68,64,2,0,none,draft
point_alpha_corridor,0,64,4,1,64,1,0,none,draft
point_alpha_corridor,0,64,8,0,65,1,0,none,draft
point_alpha_corridor,1,64,4,2,65,1,0,none,draft
point_alpha_corridor,1,64,8,1,65,1,0,none,draft
point_alpha_corridor,2,64,4,3,64,1,0,none,draft
point_alpha_corridor,2,64,8,2,65,1,0,none,draft
point_alpha_corridor,28,64,8,28,65,1,0,none,draft
point_alpha_corridor,52,64,8,52,65,1,0,none,draft
point_alpha_corridor,53,64,8,53,65,0,1,none,draft
point_alpha_corridor,62,64,8,62,65,1,0,none,draft
point_alpha_corridor,65,64,16,64,65,0,1,none,draft
point_alpha_corridor,68,64,8,68,65,0,2,none,draft
point_alpha_corridor,69,64,2,70,64,2,0,none,draft
point_alpha_corridor,70,64,8,70,65,2,0,none,draft
point_alpha_corridor,0,65,8,0,66,1,0,none,draft
point_alpha_corridor,1,65,8,1,66,1,0,none,draft
point_alpha_corridor,2,65,4,3,65,1,0,none,draft
point_alpha_corridor,3,65,4,4,66,1,0,none,draft
point_alpha_corridor,27,65,8,27,66,1,0,none,draft
point_alpha_corridor,27,65,16,26,66,1,0,none,draft
point_alpha_corridor,28,65,8,28,66,1,0,none,draft
point_alpha_corridor,51,65,2,52,65,1,0,none,draft
point_alpha_corridor,51,65,8,51,66,1,0,none,draft
point_alpha_corridor,53,65,16,52,66,0,1,none,draft
point_alpha_corridor,61,65,2,62,65,1,0,none,draft
point_alpha_corridor,61,65,8,61,66,1,0,none,draft
point_alpha_corridor,63,65,4,64,66,0,1,none,draft
point_alpha_corridor,63,65,8,63,66,0,1,none,draft
point_alpha_corridor,64,65,8,64,66,0,1,none,draft
point_alpha_corridor,68,65,4,69,65,0,2,none,draft
point_alpha_corridor,69,65,4,70,66,0,3,none,draft
point_alpha_corridor,70,65,4,71,65,2,0,none,draft
point_alpha_corridor,71,65,8,71,66,2,0,none,draft
point_alpha_corridor,85,65,4,86,66,1,0,none,draft
point_alpha_corridor,85,65,16,84,66,1,0,none,draft
point_alpha_corridor,87,65,2,88,65,1,0,none,draft
point_alpha_corridor,87,65,16,86,66,1,0,none,draft
point_alpha_corridor,88,65,4,89,65,1,0,none,draft
point_alpha_corridor,89,65,2,90,65,1,0,none,draft
point_alpha_corridor,90,65,8,90,66,1,0,none,draft
point_alpha_corridor,0,66,4,1,66,1,0,none,draft
point_alpha_corridor,1,66,4,2,67,1,0,none,draft
point_alpha_corridor,1,66,8,1,67,1,0,none,draft
point_alpha_corridor,3,66,8,3,67,1,0,none,draft
point_alpha_corridor,3,66,16,2,67,1,0,none,draft
point_alpha_corridor,4,66,4,5,66,1,0,none,draft
point_alpha_corridor,5,66,2,6,66,1,0,none,draft
point_alpha_corridor,6,66,4,7,66,1,0,none,draft
point_alpha_corridor,7,66,4,8,67,1,0,none,draft
point_alpha_corridor,9,66,4,10,67,1,0,none,draft
point_alpha_corridor,9,66,8,9,67,1,0,none,draft
point_alpha_corridor,11,66,8,11,67,1,0,none,draft
point_alpha_corridor,11,66,16,10,67,1,0,none,draft
point_alpha_corridor,13,66,16,12,67,1,0,none,draft
point_alpha_corridor,25,66,2,26,66,1,0,none,draft
point_alpha_corridor,26,66,8,26,67,1,0,none,draft
point_alpha_corridor,27,66,2,28,66,1,0,none,draft
point_alpha_corridor,27,66,4,28,67,1,0,none,draft
point_alpha_corridor,27,66,8,27,67,1,0,none,draft
point_alpha_corridor,28,66,8,28,67,1,0,none,draft
point_alpha_corridor,50,66,4,51,66,1,0,none,draft
point_alpha_corridor,50,66,8,50,67,1,0,none,draft
point_alpha_corridor,51,66,4,52,67,0,1,none,draft
point_alpha_corridor,51,66,8,51,67,0,1,none,draft
point_alpha_corridor,52,66,8,52,67,0,1,none,draft
point_alpha_corridor,61,66,4,62,67,0,1,none,draft
point_alpha_corridor,61,66,8,61,67,0,1,none,draft
point_alpha_corridor,61,66,16,60,67,1,0,none,draft
point_alpha_corridor,63,66,16,62,67,0,1,none,draft
point_alpha_corridor,70,66,8,70,67,0,3,none,draft
point_alpha_corridor,71,66,2,72,66,2,0,none,draft
point_alpha_corridor,72,66,8,72,67,2,0,none,draft
point_alpha_corridor,81,66,4,82,67,1,0,none,draft
point_alpha_corridor,81,66,16,80,67,1,0,none,draft
point_alpha_corridor,82,66,4,83,66,1,0,none,draft
point_alpha_corridor,82,66,8,82,67,1,0,none,draft
point_alpha_corridor,83,66,2,84,66,1,0,none,draft
point_alpha_corridor,90,66,4,91,66,1,0,none,draft
point_alpha_corridor,91,66,8,91,67,1,0,none,draft
point_alpha_corridor,1,67,8,1,68,1,0,none,draft
point_alpha_corridor,3,67,2,4,67,1,0,none,draft
point_alpha_corridor,4,67,8,4,68,1,0,none,draft
point_alpha_corridor,8,67,4,9,67,1,0,none,draft
point_alpha_corridor,9,67,2,10,67,1,0,none,draft
point_alpha_corridor,9,67,8,9,68,1,0,none,draft
point_alpha_corridor,11,67,2,12,67,1,0,none,draft
point_alpha_corridor,11,67,8,11,68,1,0,none,draft
point_alpha_corridor,25,67,4,26,68,1,0,none,draft
point_alpha_corridor,25,67,8,25,68,1,0,none,draft
point_alpha_corridor,26,67,8,26,68,1,0,none,draft
point_alpha_corridor,27,67,8,27,68,1,0,none,draft
point_alpha_corridor,28,67,8,28,68,0,1,none,draft
point_alpha_corridor,33,67,8,33,68,0,1,none,draft
point_alpha_corridor,49,67,4,50,68,1,0,none,draft
point_alpha_corridor,49,67,8,49,68,1,0,none,draft
point_alpha_corridor,50,67,8,50,68,1,0,none,draft
point_alpha_corridor,51,67,16,50,68,0,1,none,draft
point_alpha_corridor,59,67,2,60,67,1,0,none,draft
point_alpha_corridor,59,67,8,59,68,1,0,none,draft
point_alpha_corridor,60,67,4,61,67,0,1,none,draft
point_alpha_corridor,60,67,8,60,68,0,1,none,draft
point_alpha_corridor,70,67,4,71,67,0,3,none,draft
point_alpha_corridor,71,67,4,72,68,0,3,none,draft
point_alpha_corridor,72,67,4,73,67,2,0,none,draft
point_alpha_corridor,73,67,4,74,68,2,0,none,draft
point_alpha_corridor,73,67,8,73,68,0,3,none,draft
point_alpha_corridor,73,67,16,72,68,0,3,none,draft
point_alpha_corridor,77,67,4,78,68,1,0,none,draft
point_alpha_corridor,77,67,8,77,68,1,0,none,draft
point_alpha_corridor,79,67,2,80,67,1,0,none,draft
point_alpha_corridor,79,67,16,78,68,1,0,none,draft
point_alpha_corridor,0,68,8,0,69,1,0,none,draft
point_alpha_corridor,1,68,16,0,69,1,0,none,draft
point_alpha_corridor,4,68,4,5,68,1,0,none,draft
point_alpha_corridor,5,68,8,5,69,1,0,none,draft
point_alpha_corridor,8,68,4,9,68,1,0,none,draft
point_alpha_corridor,8,68,8,8,69,1,0,none,draft
point_alpha_corridor,9,68,4,10,69,1,0,none,draft
point_alpha_corridor,11,68,16,10,69,1,0,none,draft
point_alpha_corridor,27,68,8,27,69,1,0,none,draft
point_alpha_corridor,28,68,8,28,69,0,1,none,draft
point_alpha_corridor,33,68,4,34,69,0,1,none,draft
point_alpha_corridor,49,68,4,50,69,0,1,none,draft
point_alpha_corridor,49,68,8,49,69,1,1,none,draft
point_alpha_corridor,50,68,8,50,69,0,1,none,draft
point_alpha_corridor,59,68,2,60,68,0,1,none,draft
point_alpha_corridor,59,68,8,59,69,0,1,none,draft
point_alpha_corridor,59,68,16,58,69,1,0,none,draft
point_alpha_corridor,73,68,4,74,69,0,3,none,draft
point_alpha_corridor,74,68,8,74,69,2,0,none,draft
point_alpha_corridor,75,68,8,75,69,2,0,none,draft
point_alpha_corridor,75,68,16,74,69,2,0,none,draft
point_alpha_corridor,76,68,4,77,68,1,0,none,draft
point_alpha_corridor,76,68,8,76,69,1,0,none,draft
point_alpha_corridor,78,68,4,79,68,1,0,none,draft
point_alpha_corridor,79,68,8,79,69,1,0,none,draft
point_alpha_corridor,5,69,2,6,69,1,0,none,draft
point_alpha_corridor,6,69,8,6,70,1,0,none,draft
point_alpha_corridor,7,69,8,7,70,1,0,none,draft
point_alpha_corridor,7,69,16,6,70,1,0,none,draft
point_alpha_corridor,8,69,8,8,70,1,0,none,draft
point_alpha_corridor,27,69,8,27,70,1,0,none,draft
point_alpha_corridor,28,69,8,28,70,0,1,none,draft
point_alpha_corridor,34,69,8,34,70,0,1,none,draft
point_alpha_corridor,48,69,4,49,69,1,0,none,draft
point_alpha_corridor,48,69,8,48,70,1,0,none,draft
point_alpha_corridor,49,69,16,48,70,0,1,none,draft
point_alpha_corridor,57,69,2,58,69,1,0,none,draft
point_alpha_corridor,57,69,8,57,70,1,0,none,draft
point_alpha_corridor,59,69,16,58,70,0,1,none,draft
point_alpha_corridor,67,69,8,67,70,1,0,none,draft
point_alpha_corridor,67,69,16,66,70,1,0,none,draft
point_alpha_corridor,74,69,8,74,70,0,3,none,draft
point_alpha_corridor,75,69,2,76,69,1,3,bridge,draft
point_alpha_corridor,75,69,4,76,70,2,0,none,draft
point_alpha_corridor,75,69,8,75,70,0,3,none,draft
point_alpha_corridor,75,69,16,74,70,1,3,none,draft
point_alpha_corridor,79,69,4,80,70,1,0,none,draft
point_alpha_corridor,0,70,4,1,70,1,0,none,draft
point_alpha_corridor,1,70,4,2,71,1,0,none,draft
point_alpha_corridor,3,70,4,4,71,1,0,none,draft
point_alpha_corridor,3,70,16,2,71,1,0,none,draft
point_alpha_corridor,7,70,2,8,70,1,0,none,draft
point_alpha_corridor,7,70,8,7,71,1,0,none,draft
point_alpha_corridor,27,70,2,28,70,1,0,none,draft
point_alpha_corridor,28,70,8,28,71,1,1,none,draft
point_alpha_corridor,34,70,8,34,71,0,1,none,draft
point_alpha_corridor,45,70,4,46,71,1,0,none,draft
point_alpha_corridor,45,70,16,44,71,1,0,none,draft
point_alpha_corridor,46,70,4,47,70,1,0,none,draft
point_alpha_corridor,46,70,8,46,71,1,0,none,draft
point_alpha_corridor,47,70,2,48,70,1,0,none,draft
point_alpha_corridor,47,70,4,48,71,1,1,bridge,draft
point_alpha_corridor,48,70,8,48,71,0,1,none,draft
point_alpha_corridor,57,70,2,58,70,0,1,none,draft
point_alpha_corridor,57,70,8,57,71,0,1,none,draft
point_alpha_corridor,57,70,16,56,71,1,0,none,draft
point_alpha_corridor,63,70,4,64,71,1,0,none,draft
point_alpha_corridor,63,70,16,62,71,1,0,none,draft
point_alpha_corridor,65,70,4,66,71,1,0,none,draft
point_alpha_corridor,65,70,16,64,71,1,0,none,draft
point_alpha_corridor,66,70,8,66,71,1,0,none,draft
point_alpha_corridor,67,70,4,68,71,1,0,none,draft
point_alpha_corridor,67,70,16,66,71,1,0,none,draft
point_alpha_corridor,69,70,4,70,71,1,0,none,draft
point_alpha_corridor,69,70,16,68,71,1,0,none,draft
point_alpha_corridor,71,70,4,72,71,1,0,none,draft
point_alpha_corridor,71,70,16,70,71,1,0,none,draft
point_alpha_corridor,73,70,2,74,70,1,0,none,draft
point_alpha_corridor,73,70,16,72,71,1,0,none,draft
point_alpha_corridor,75,70,4,76,71,0,2,none,draft
point_alpha_corridor,76,70,4,77,70,2,0,none,draft
point_alpha_corridor,77,70,4,78,71,2,2,none,draft
point_alpha_corridor,77,70,8,77,71,0,2,none,draft
point_alpha_corridor,80,70,8,80,71,1,0,none,draft
point_alpha_corridor,0,71,4,1,71,0,2,none,draft
point_alpha_corridor,1,71,2,2,71,0,2,none,draft
point_alpha_corridor,2,71,4,3,71,0,2,none,draft
point_alpha_corridor,3,71,2,4,71,0,2,none,draft
point_alpha_corridor,4,71,4,5,71,1,0,none,draft
point_alpha_corridor,4,71,8,4,72,0,2,none,draft
point_alpha_corridor,5,71,2,6,71,1,0,none,draft
point_alpha_corridor,5,71,4,6,72,1,0,none,draft
point_alpha_corridor,5,71,8,5,72,0,2,none,draft
point_alpha_corridor,6,71,4,7,71,1,0,none,draft
point_alpha_corridor,7,71,4,8,72,1,0,none,draft
point_alpha_corridor,28,71,8,28,72,1,1,none,draft
point_alpha_corridor,29,71,8,29,72,0,1,none,draft
point_alpha_corridor,29,71,16,28,72,0,1,none,draft
point_alpha_corridor,33,71,16,32,72,1,0,none,draft
point_alpha_corridor,34,71,8,34,72,0,1,none,draft
point_alpha_corridor,41,71,4,42,72,1,0,none,draft
point_alpha_corridor,41,71,16,40,72,1,0,none,draft
point_alpha_corridor,43,71,2,44,71,1,0,none,draft
point_alpha_corridor,43,71,16,42,72,1,0,none,draft
point_alpha_corridor,45,71,2,46,71,0,1,none,draft
point_alpha_corridor,45,71,16,44,72,0,1,none,draft
point_alpha_corridor,46,71,4,47,71,0,1,none,draft
point_alpha_corridor,47,71,2,48,71,0,1,none,draft
point_alpha_corridor,48,71,4,49,71,1,0,none,draft
point_alpha_corridor,49,71,4,50,72,1,0,none,draft
point_alpha_corridor,56,71,4,57,71,1,1,bridge,draft
point_alpha_corridor,56,71,8,56,72,1,0,none,draft
point_alpha_corridor,57,71,2,58,71,1,0,none,draft
point_alpha_corridor,57,71,8,57,72,0,1,none,draft
point_alpha_corridor,57,71,16,56,72,0,1,none,draft
point_alpha_corridor,58,71,4,59,71,1,0,none,draft
point_alpha_corridor,59,71,2,60,71,1,0,none,draft
point_alpha_corridor,60,71,4,61,71,1,0,none,draft
point_alpha_corridor,61,71,2,62,71,1,0,none,draft
point_alpha_corridor,76,71,4,77,71,0,2,none,draft
point_alpha_corridor,78,71,4,79,71,2,0,none,draft
point_alpha_corridor,78,71,8,78,72,0,2,none,draft
point_alpha_corridor,79,71,8,79,72,2,0,none,draft
point_alpha_corridor,80,71,4,81,71,1,0,none,draft
point_alpha_corridor,81,71,8,81,72,1,0,none,draft
point_alpha_corridor,89,71,4,90,72,1,0,none,draft
point_alpha_corridor,89,71,16,88,72,1,0,none,draft
point_alpha_corridor,91,71,16,90,72,1,0,none,draft
point_alpha_corridor,4,72,4,5,72,0,2,none,draft
point_alpha_corridor,5,72,2,6,72,0,2,none,draft
point_alpha_corridor,6,72,8,6,73,1,2,none,draft
point_alpha_corridor,7,72,2,8,72,1,0,none,draft
point_alpha_corridor,7,72,16,6,73,1,2,bridge,draft
point_alpha_corridor,8,72,4,9,72,1,0,none,draft
point_alpha_corridor,9,72,4,10,73,1,0,none,draft
point_alpha_corridor,28,72,4,29,72,1,0,none,draft
point_alpha_corridor,29,72,4,30,73,0,1,none,draft
point_alpha_corridor,29,72,8,29,73,1,0,none,draft
point_alpha_corridor,32,72,8,32,73,1,0,none,draft
point_alpha_corridor,33,72,2,34,72,0,1,none,draft
point_alpha_corridor,33,72,8,33,73,0,1,none,draft
point_alpha_corridor,39,72,2,40,72,1,0,none,draft
point_alpha_corridor,39,72,4,40,73,1,0,none,draft
point_alpha_corridor,39,72,16,38,73,1,0,none,draft
point_alpha_corridor,44,72,8,44,73,0,1,none,draft
point_alpha_corridor,50,72,4,51,72,1,0,none,draft
point_alpha_corridor,51,72,8,51,73,1,0,none,draft
point_alpha_corridor,55,72,2,56,72,1,0,none,draft
point_alpha_corridor,55,72,8,55,73,1,0,none,draft
point_alpha_corridor,56,72,8,56,73,0,1,none,draft
point_alpha_corridor,57,72,2,58,72,0,1,none,draft
point_alpha_corridor,58,72,8,58,73,0,1,none,draft
point_alpha_corridor,78,72,8,78,73,0,2,none,draft
point_alpha_corridor,79,72,2,80,72,2,0,none,draft
point_alpha_corridor,80,72,8,80,73,2,0,none,draft
point_alpha_corridor,81,72,4,82,73,2,0,none,draft
point_alpha_corridor,81,72,8,81,73,2,0,none,draft
point_alpha_corridor,81,72,16,80,73,2,0,none,draft
point_alpha_corridor,88,72,8,88,73,1,0,none,draft
point_alpha_corridor,5,73,2,6,73,1,0,none,draft
point_alpha_corridor,5,73,4,6,74,0,2,none,draft
point_alpha_corridor,5,73,8,5,74,0,2,none,draft
point_alpha_corridor,5,73,16,4,74,1,0,none,draft
point_alpha_corridor,6,73,8,6,74,1,2,none,draft
point_alpha_corridor,29,73,4,30,74,1,0,none,draft
point_alpha_corridor,30,73,8,30,74,0,1,none,draft
point_alpha_corridor,32,73,4,33,73,0,1,none,draft
point_alpha_corridor,32,73,8,32,74,1,1,none,draft
point_alpha_corridor,35,73,4,36,74,1,0,none,draft
point_alpha_corridor,35,73,8,35,74,1,0,none,draft
point_alpha_corridor,37,73,2,38,73,1,0,none,draft
point_alpha_corridor,37,73,16,36,74,1,0,none,draft
point_alpha_corridor,40,73,8,40,74,1,0,none,draft
point_alpha_corridor,44,73,8,44,74,0,1,none,draft
point_alpha_corridor,51,73,2,52,73,1,0,none,draft
point_alpha_corridor,52,73,8,52,74,1,0,none,draft
point_alpha_corridor,55,73,16,54,74,1,0,none,draft
point_alpha_corridor,56,73,8,56,74,0,1,none,draft
point_alpha_corridor,58,73,8,58,74,0,1,none,draft
point_alpha_corridor,59,73,8,59,74,0,1,none,draft
point_alpha_corridor,59,73,16,58,74,0,1,none,draft
point_alpha_corridor,78,73,4,79,73,0,2,none,draft
point_alpha_corridor,79,73,8,79,74,0,2,none,draft
point_alpha_corridor,81,73,2,82,73,2,0,none,draft
point_alpha_corridor,81,73,8,81,74,0,2,none,draft
point_alpha_corridor,81,73,16,80,74,0,2,none,draft
point_alpha_corridor,82,73,4,83,73,2,0,none,draft
point_alpha_corridor,83,73,8,83,74,2,0,none,draft
point_alpha_corridor,88,73,8,88,74,1,0,none,draft
point_alpha_corridor,4,74,8,4,75,1,0,none,draft
point_alpha_corridor,5,74,2,6,74,1,0,none,draft
point_alpha_corridor,5,74,4,6,75,1,0,none,draft
point_alpha_corridor,5,74,8,5,75,0,2,none,draft
point_alpha_corridor,30,74,8,30,75,1,1,none,draft
point_alpha_corridor,32,74,4,33,74,0,1,none,draft
point_alpha_corridor,32,74,8,32,75,1,1,none,draft
point_alpha_corridor,33,74,4,34,75,1,0,none,draft
point_alpha_corridor,33,74,8,33,75,1,0,none,draft
point_alpha_corridor,34,74,4,35,74,1,0,none,draft
point_alpha_corridor,34,74,8,34,75,1,0,none,draft
point_alpha_corridor,35,74,8,35,75,1,0,none,draft
point_alpha_corridor,35,74,16,34,75,1,0,none,draft
point_alpha_corridor,39,74,2,40,74,1,0,none,draft
point_alpha_corridor,39,74,8,39,75,1,0,none,draft
point_alpha_corridor,44,74,8,44,75,0,1,none,draft
point_alpha_corridor,52,74,4,53,74,1,0,none,draft
point_alpha_corridor,53,74,2,54,74,1,0,none,draft
point_alpha_corridor,53,74,4,54,75,1,0,none,draft
point_alpha_corridor,55,74,2,56,74,0,1,none,draft
point_alpha_corridor,55,74,8,55,75,0,1,none,draft
point_alpha_corridor,59,74,8,59,75,0,1,none,draft
point_alpha_corridor,79,74,2,80,74,0,2,none,draft
point_alpha_corridor,81,74,2,82,74,0,2,none,draft
point_alpha_corridor,82,74,8,82,75,0,2,none,draft
point_alpha_corridor,83,74,2,84,74,2,0,none,draft
point_alpha_corridor,83,74,8,83,75,0,2,none,draft
point_alpha_corridor,83,74,16,82,75,0,2,none,draft
point_alpha_corridor,84,74,8,84,75,2,0,none,draft
point_alpha_corridor,87,74,4,88,75,1,0,none,draft
point_alpha_corridor,87,74,8,87,75,1,0,none,draft
point_alpha_corridor,88,74,8,88,75,1,0,none,draft
point_alpha_corridor,3,75,2,4,75,1,0,none,draft
point_alpha_corridor,3,75,8,3,76,1,0,none,draft
point_alpha_corridor,5,75,4,6,76,0,2,none,draft
point_alpha_corridor,6,75,4,7,75,1,0,none,draft
point_alpha_corridor,7,75,2,8,75,1,0,none,draft
point_alpha_corridor,7,75,4,8,76,0,2,none,draft
point_alpha_corridor,7,75,16,6,76,0,2,none,draft
point_alpha_corridor,8,75,8,8,76,1,0,none,draft
point_alpha_corridor,9,75,8,9,76,1,0,none,draft
point_alpha_corridor,9,75,16,8,76,1,0,none,draft
point_alpha_corridor,30,75,4,31,75,0,1,none,draft
point_alpha_corridor,30,75,8,30,76,1,0,none,draft
point_alpha_corridor,31,75,2,32,75,1,1,bridge,draft
point_alpha_corridor,31,75,8,31,76,0,1,none,draft
point_alpha_corridor,31,75,16,30,76,1,0,none,draft
point_alpha_corridor,32,75,4,33,75,1,1,bridge,draft
point_alpha_corridor,35,75,2,36,75,1,0,none,draft
point_alpha_corridor,36,75,4,37,75,1,0,none,draft
point_alpha_corridor,37,75,8,37,76,1,0,none,draft
point_alpha_corridor,39,75,8,39,76,1,0,none,draft
point_alpha_corridor,44,75,8,44,76,0,1,none,draft
point_alpha_corridor,53,75,2,54,75,1,0,none,draft
point_alpha_corridor,53,75,4,54,76,1,0,none,draft
point_alpha_corridor,55,75,8,55,76,0,1,none,draft
point_alpha_corridor,59,75,8,59,76,0,1,none,draft
point_alpha_corridor,83,75,8,83,76,0,2,none,draft
point_alpha_corridor,84,75,8,84,76,2,0,none,draft
point_alpha_corridor,87,75,4,88,76,1,0,none,draft
point_alpha_corridor,0,76,8,0,77,0,1,none,draft
point_alpha_corridor,1,76,8,1,77,0,1,none,draft
point_alpha_corridor,1,76,16,0,77,0,1,none,draft
point_alpha_corridor,3,76,16,2,77,1,0,none,draft
point_alpha_corridor,8,76,4,9,76,0,2,none,draft
point_alpha_corridor,9,76,2,10,76,1,0,none,draft
point_alpha_corridor,9,76,4,10,77,0,2,none,draft
point_alpha_corridor,10,76,4,11,76,1,0,none,draft
point_alpha_corridor,11,76,4,12,77,1,0,none,draft
point_alpha_corridor,30,76,8,30,77,1,0,none,draft
point_alpha_corridor,31,76,16,30,77,0,1,none,draft
point_alpha_corridor,37,76,4,38,77,1,0,none,draft
point_alpha_corridor,39,76,2,40,76,1,0,none,draft
point_alpha_corridor,39,76,8,39,77,1,0,none,draft
point_alpha_corridor,39,76,16,38,77,1,0,none,draft
point_alpha_corridor,40,76,8,40,77,1,0,none,draft
point_alpha_corridor,54,76,8,54,77,1,0,none,draft
point_alpha_corridor,55,76,4,56,77,1,0,none,draft
point_alpha_corridor,55,76,8,55,77,0,1,none,draft
point_alpha_corridor,55,76,16,54,77,1,1,bridge,draft
point_alpha_corridor,59,76,4,60,77,0,1,none,draft
point_alpha_corridor,83,76,8,83,77,0,2,none,draft
point_alpha_corridor,84,76,8,84,77,2,0,none,draft
point_alpha_corridor,87,76,2,88,76,1,0,none,draft
point_alpha_corridor,87,76,8,87,77,1,0,none,draft
point_alpha_corridor,1,77,2,2,77,0,1,none,draft
point_alpha_corridor,2,77,4,3,77,1,0,none,draft
point_alpha_corridor,2,77,8,2,78,0,1,none,draft
point_alpha_corridor,3,77,8,3,78,1,0,none,draft
point_alpha_corridor,10,77,4,11,77,0,2,none,draft
point_alpha_corridor,11,77,4,12,78,0,2,none,draft
point_alpha_corridor,12,77,8,12,78,1,0,none,draft
point_alpha_corridor,13,77,8,13,78,1,0,none,draft
point_alpha_corridor,13,77,16,12,78,1,0,none,draft
point_alpha_corridor,29,77,2,30,77,1,0,none,draft
point_alpha_corridor,29,77,16,28,78,1,0,none,draft
point_alpha_corridor,30,77,8,30,78,0,1,none,draft
point_alpha_corridor,39,77,4,40,78,1,0,none,draft
point_alpha_corridor,40,77,8,40,78,1,0,none,draft
point_alpha_corridor,54,77,8,54,78,1,0,none,draft
point_alpha_corridor,55,77,8,55,78,0,1,none,draft
point_alpha_corridor,56,77,4,57,77,1,0,none,draft
point_alpha_corridor,57,77,4,58,78,1,0,none,draft
point_alpha_corridor,60,77,8,60,78,0,1,none,draft
point_alpha_corridor,83,77,8,83,78,0,2,none,draft
point_alpha_corridor,84,77,8,84,78,2,0,none,draft
point_alpha_corridor,87,77,16,86,78,1,0,none,draft
point_alpha_corridor,0,78,8,0,79,1,0,none,draft
point_alpha_corridor,2,78,4,3,78,0,1,none,draft
point_alpha_corridor,3,78,8,3,79,1,0,none,draft
point_alpha_corridor,3,78,16,2,79,0,1,none,draft
point_alpha_corridor,12,78,4,13,78,0,2,none,draft
point_alpha_corridor,13,78,4,14,79,1,0,none,draft
point_alpha_corridor,13,78,8,13,79,0,2,none,draft
point_alpha_corridor,15,78,8,15,79,1,0,none,draft
point_alpha_corridor,15,78,16,14,79,1,2,bridge,draft
point_alpha_corridor,27,78,2,28,78,1,0,none,draft
point_alpha_corridor,27,78,8,27,79,1,0,none,draft
point_alpha_corridor,29,78,2,30,78,0,1,none,draft
point_alpha_corridor,29,78,8,29,79,0,1,none,draft
point_alpha_corridor,54,78,8,54,79,1,0,none,draft
point_alpha_corridor,55,78,16,54,79,0,1,none,draft
point_alpha_corridor,58,78,4,59,78,1,0,none,draft
point_alpha_corridor,59,78,8,59,79,1,0,none,draft
point_alpha_corridor,60,78,8,60,79,0,1,none,draft
point_alpha_corridor,83,78,2,84,78,2,0,none,draft
point_alpha_corridor,83,78,8,83,79,2,2,none,draft
point_alpha_corridor,85,78,4,86,79,1,0,none,draft
point_alpha_corridor,85,78,8,85,79,1,0,none,draft
point_alpha_corridor,86,78,4,87,78,1,0,none,draft
point_alpha_corridor,86,78,8,86,79,1,0,none,draft
point_alpha_corridor,87,78,8,87,79,1,0,none,draft
point_alpha_corridor,2,79,4,3,79,0,1,none,draft
point_alpha_corridor,13,79,2,14,79,0,2,none,draft
point_alpha_corridor,14,79,4,15,79,0,2,none,draft
point_alpha_corridor,15,79,2,16,79,1,0,none,draft
point_alpha_corridor,59,79,2,60,79,1,0,none,draft
point_alpha_corridor,82,79,4,83,79,0,2,none,draft
point_alpha_corridor,83,79,2,84,79,1,0,none,draft
